Season,Age,Squad,Country,Comp,LgRank,90s,Gls,Sh,SoT,SoT%,Sh/90,SoT/90,G/Sh,G/SoT,Dist,FK,PK,PKatt,xG,npxG,npxG/Sh,G-xG,np:G-xG,Player,Position
2015-2016,17,Peñarol,uy URU,1. Uruguayan Primera División,1st,7.6,0,,,,,,,,,,0,0,,,,,,Federico Valverde,MF
2017-2018,19,La Coruña,es ESP,1. La Liga,18th,13.7,0,18,4,22.2,1.31,0.29,0.00,0.00,26.4,0,0,0,0.8,0.8,0.04,-0.8,-0.8,Federico Valverde,MF
2018-2019,20,Real Madrid,es ESP,1. La Liga,3rd,7.3,0,7,1,14.3,0.96,0.14,0.00,0.00,24.9,0,0,0,0.3,0.3,0.04,-0.3,-0.3,Federico Valverde,MF
2019-2020,21,Real Madrid,es ESP,1. La Liga,1st,21.2,2,22,11,50.0,1.04,0.52,0.09,0.18,23.0,0,0,0,2.0,2.0,0.09,0.0,0.0,Federico Valverde,MF
2020-2021,22,Real Madrid,es ESP,1. La Liga,2nd,14.8,3,22,8,36.4,1.49,0.54,0.14,0.38,22.0,0,0,0,2.3,2.3,0.10,+0.7,+0.7,Federico Valverde,MF
2021-2022,23,Real Madrid,es ESP,1. La Liga,1st,20.4,0,34,9,26.5,1.67,0.44,0.00,0.00,25.7,0,0,0,0.9,0.9,0.03,-0.9,-0.9,Federico Valverde,MF
2022-2023,24,Real Madrid,es ESP,1. La Liga,2nd,27.8,7,63,21,33.3,2.27,0.76,0.11,0.33,22.7,2,0,0,4.3,4.3,0.07,+2.7,+2.7,Federico Valverde,MF
2023-2024,25,Real Madrid,es ESP,1. La Liga,1st,32.3,2,56,18,32.1,1.74,0.56,0.04,0.11,23.0,1,0,0,3.5,3.5,0.06,-1.5,-1.5,Federico Valverde,MF
2024-2025,26,Real Madrid,es ESP,1. La Liga,1st,18.3,5,24,14,58.3,1.31,0.76,0.21,0.36,27.3,2,0,0,0.9,0.9,0.04,+4.1,+4.1,Federico Valverde,MF
2011-2012,18,Stuttgart,de GER,1. Bundesliga,6th,0.9,0,,0,,,0.00,,,,,0,0,,,,,,Antonio Rüdiger,DF
2011-2012,18,Stuttgart II,de GER,3. 3. Liga,11th,13.9,1,,4,,,0.29,,0.25,,,0,0,,,,,,Antonio Rüdiger,DF
2012-2013,19,Stuttgart II,de GER,3. 3. Liga,14th,3.9,2,,3,,,0.77,,0.67,,,0,0,,,,,,Antonio Rüdiger,DF
2012-2013,19,Stuttgart,de GER,1. Bundesliga,12th,11.1,0,,2,,,0.18,,0.00,,,0,0,,,,,,Antonio Rüdiger,DF
2013-2014,20,Stuttgart,de GER,1. Bundesliga,15th,29.9,2,,6,,,0.20,,0.33,,,0,0,,,,,,Antonio Rüdiger,DF
2014-2015,21,Stuttgart,de GER,1. Bundesliga,14th,17.8,0,,2,,,0.11,,0.00,,,0,0,,,,,,Antonio Rüdiger,DF
2014-2015,21,Stuttgart II,de GER,3. 3. Liga,13th,0.8,0,,0,,,0.00,,,,,0,0,,,,,,Antonio Rüdiger,DF
2015-2016,22,Roma,it ITA,1. Serie A,3rd,29.3,2,,6,,,0.20,,0.33,,,0,0,,,,,,Antonio Rüdiger,DF
2016-2017,23,Roma,it ITA,1. Serie A,2nd,24.5,0,10,2,20.0,0.41,0.08,0.00,0.00,,,0,0,,,,,,Antonio Rüdiger,DF
2017-2018,24,Chelsea,eng ENG,1. Premier League,5th,26.0,2,15,4,26.7,0.58,0.15,0.13,0.50,16.5,0,0,0,1.7,1.7,0.12,+0.3,+0.3,Antonio Rüdiger,DF
2018-2019,25,Chelsea,eng ENG,1. Premier League,3rd,31.9,1,27,6,22.2,0.85,0.19,0.04,0.17,18.5,0,0,0,2.5,2.5,0.09,-1.5,-1.5,Antonio Rüdiger,DF
2019-2020,26,Chelsea,eng ENG,Jr. PL2 — Div. 1,1st,2.0,0,,,,,,,,,,0,0,,,,,,Antonio Rüdiger,DF
2019-2020,26,Chelsea,eng ENG,1. Premier League,4th,19.0,2,12,3,25.0,0.63,0.16,0.17,0.67,13.6,0,0,0,0.9,0.9,0.07,+1.1,+1.1,Antonio Rüdiger,DF
2020-2021,27,Chelsea,eng ENG,1. Premier League,4th,19.0,1,14,6,42.9,0.74,0.32,0.07,0.17,18.3,0,0,0,1.3,1.3,0.09,-0.3,-0.3,Antonio Rüdiger,DF
2021-2022,28,Chelsea,eng ENG,1. Premier League,3rd,33.7,3,48,13,27.1,1.42,0.39,0.06,0.23,19.9,0,0,0,2.3,2.3,0.05,+0.7,+0.7,Antonio Rüdiger,DF
2022-2023,29,Real Madrid,es ESP,1. La Liga,2nd,26.8,1,22,4,18.2,0.82,0.15,0.05,0.25,14.8,0,0,0,1.8,1.8,0.08,-0.8,-0.8,Antonio Rüdiger,DF
2023-2024,30,Real Madrid,es ESP,1. La Liga,1st,30.1,1,19,2,10.5,0.63,0.07,0.05,0.50,16.0,0,0,0,1.5,1.5,0.08,-0.5,-0.5,Antonio Rüdiger,DF
2024-2025,31,Real Madrid,es ESP,1. La Liga,1st,18.1,0,16,2,12.5,0.89,0.11,0.00,0.00,16.5,0,0,0,1.2,1.2,0.08,-1.2,-1.2,Antonio Rüdiger,DF
2015-2016,16,Monaco,fr FRA,1. Ligue 1,3rd,3.3,1,,2,,,0.61,,0.50,,,0,0,,,,,,Kylian Mbappé,FW
2016-2017,17,Monaco,fr FRA,1. Ligue 1,1st,16.6,15,52,36,69.2,3.12,2.16,0.29,0.42,,,0,0,,,,,,Kylian Mbappé,FW
2017-2018,18,Monaco,fr FRA,1. Ligue 1,2nd,0.8,0,3,2,66.7,3.65,2.43,0.00,0.00,13.7,0,0,0,0.2,0.2,0.05,-0.2,-0.2,Kylian Mbappé,FW
2017-2018,18,Paris S-G,fr FRA,1. Ligue 1,1st,23.3,13,78,32,41.0,3.35,1.38,0.17,0.41,13.5,0,0,0,14.0,14.0,0.18,-1.0,-1.0,Kylian Mbappé,FW
2018-2019,19,Paris S-G,fr FRA,1. Ligue 1,1st,26.0,33,123,68,55.3,4.72,2.61,0.26,0.47,14.4,1,1,2,28.0,26.4,0.21,+5.0,+5.6,Kylian Mbappé,FW
2019-2020,20,Paris S-G,fr FRA,1. Ligue 1,1st,16.8,18,87,49,56.3,5.18,2.91,0.21,0.37,14.2,0,0,0,15.6,15.6,0.18,+2.4,+2.4,Kylian Mbappé,FW
2020-2021,21,Paris S-G,fr FRA,1. Ligue 1,2nd,26.4,27,98,47,48.0,3.71,1.78,0.21,0.45,15.4,2,6,6,22.1,17.4,0.18,+4.9,+3.6,Kylian Mbappé,FW
2021-2022,22,Paris S-G,fr FRA,1. Ligue 1,1st,33.6,28,143,59,41.3,4.26,1.76,0.17,0.41,16.9,3,4,4,23.8,20.7,0.14,+4.2,+3.3,Kylian Mbappé,FW
2022-2023,23,Paris S-G,fr FRA,1. Ligue 1,1st,31.3,29,144,73,50.7,4.60,2.33,0.18,0.36,15.9,1,3,5,26.3,22.2,0.15,+2.7,+3.8,Kylian Mbappé,FW
2023-2024,24,Paris S-G,fr FRA,1. Ligue 1,1st,24.0,27,112,50,44.6,4.67,2.09,0.19,0.42,18.3,2,6,8,21.0,14.5,0.13,+6.0,+6.5,Kylian Mbappé,FW
2024-2025,25,Real Madrid,es ESP,1. La Liga,1st,16.2,10,70,33,47.1,4.32,2.04,0.10,0.21,16.2,1,3,4,12.1,9.0,0.13,-2.1,-2.0,Kylian Mbappé,FW
2008-2009,16,Genk,be BEL,1. First Division,8th,1.0,0,,0,,,0.00,,,,,0,0,,,,,,Thibaut Courtois,GK
2010-2011,18,Genk,be BEL,1. Pro League,1st,40.0,0,,0,,,0.00,,,,,0,0,,,,,,Thibaut Courtois,GK
2011-2012,19,Atlético Madrid,es ESP,1. La Liga,5th,36.2,0,,0,,,0.00,,,,,0,0,,,,,,Thibaut Courtois,GK
2012-2013,20,Atlético Madrid,es ESP,1. La Liga,3rd,37.0,0,,0,,,0.00,,,,,0,0,,,,,,Thibaut Courtois,GK
2013-2014,21,Atlético Madrid,es ESP,1. La Liga,1st,37.0,0,,0,,,0.00,,,,,0,0,,,,,,Thibaut Courtois,GK
2014-2015,22,Chelsea,eng ENG,1. Premier League,1st,31.3,0,,0,,,0.00,,,,,0,0,,,,,,Thibaut Courtois,GK
2015-2016,23,Chelsea,eng ENG,1. Premier League,10th,22.4,0,,0,,,0.00,,,,,0,0,,,,,,Thibaut Courtois,GK
2016-2017,24,Chelsea,eng ENG,1. Premier League,1st,36.0,0,0,0,,0.00,0.00,,,,,0,0,,,,,,Thibaut Courtois,GK
2017-2018,25,Chelsea,eng ENG,1. Premier League,5th,35.0,0,0,0,,0.00,0.00,,,,0,0,0,0.0,0.0,,0.0,0.0,Thibaut Courtois,GK
2018-2019,26,Real Madrid,es ESP,1. La Liga,3rd,27.0,0,1,0,0.0,0.04,0.00,0.00,,11.9,0,0,0,0.1,0.1,0.06,-0.1,-0.1,Thibaut Courtois,GK
2019-2020,27,Real Madrid,es ESP,1. La Liga,1st,34.0,0,1,1,100.0,0.03,0.03,0.00,0.00,11.3,0,0,0,0.1,0.1,0.06,-0.1,-0.1,Thibaut Courtois,GK
2020-2021,28,Real Madrid,es ESP,1. La Liga,2nd,38.0,0,0,0,,0.00,0.00,,,,0,0,0,0.0,0.0,,0.0,0.0,Thibaut Courtois,GK
2021-2022,29,Real Madrid,es ESP,1. La Liga,1st,36.0,0,0,0,,0.00,0.00,,,,0,0,0,0.0,0.0,,0.0,0.0,Thibaut Courtois,GK
2022-2023,30,Real Madrid,es ESP,1. La Liga,2nd,31.0,0,0,0,,0.00,0.00,,,,0,0,0,0.0,0.0,,0.0,0.0,Thibaut Courtois,GK
2023-2024,31,Real Madrid,es ESP,1. La Liga,1st,3.7,0,0,0,,0.00,0.00,,,,0,0,0,0.0,0.0,,0.0,0.0,Thibaut Courtois,GK
2024-2025,32,Real Madrid,es ESP,1. La Liga,1st,16.0,0,0,0,,0.00,0.00,,,,0,0,0,0.0,0.0,,0.0,0.0,Thibaut Courtois,GK
2018-2019,18,Bordeaux,fr FRA,1. Ligue 1,14th,7.8,0,7,1,14.3,0.89,0.13,0.00,0.00,22.9,0,0,0,0.3,0.3,0.04,-0.3,-0.3,Aurélien Tchouaméni,"MF,DF"
2019-2020,19,Bordeaux,fr FRA,1. Ligue 1,12th,12.3,0,12,5,41.7,0.97,0.41,0.00,0.00,21.6,0,0,0,0.7,0.7,0.06,-0.7,-0.7,Aurélien Tchouaméni,"MF,DF"
2019-2020,19,Monaco,fr FRA,1. Ligue 1,9th,0.7,0,2,1,50.0,2.77,1.38,0.00,0.00,17.2,0,0,0,0.2,0.2,0.08,-0.2,-0.2,Aurélien Tchouaméni,"MF,DF"
2020-2021,20,Monaco,fr FRA,1. Ligue 1,3rd,34.0,2,53,11,20.8,1.56,0.32,0.04,0.18,18.4,0,0,0,4.1,4.1,0.08,-2.1,-2.1,Aurélien Tchouaméni,"MF,DF"
2021-2022,21,Monaco,fr FRA,1. Ligue 1,3rd,32.5,3,55,10,18.2,1.69,0.31,0.05,0.30,22.5,0,0,0,2.0,2.0,0.04,+1.0,+1.0,Aurélien Tchouaméni,"MF,DF"
2022-2023,22,Real Madrid,es ESP,1. La Liga,2nd,23.5,0,38,6,15.8,1.61,0.25,0.00,0.00,22.1,0,0,0,1.8,1.8,0.05,-1.8,-1.8,Aurélien Tchouaméni,"MF,DF"
2023-2024,23,Real Madrid,es ESP,1. La Liga,1st,22.1,3,27,7,25.9,1.22,0.32,0.11,0.43,22.2,0,0,0,1.3,1.3,0.05,+1.7,+1.7,Aurélien Tchouaméni,"MF,DF"
2024-2025,24,Real Madrid,es ESP,1. La Liga,1st,14.2,0,9,1,11.1,0.64,0.07,0.00,0.00,18.8,0,0,0,0.9,0.9,0.10,-0.9,-0.9,Aurélien Tchouaméni,"MF,DF"
2019-2020,16,Birmingham City,eng ENG,2. Championship,20th,29.9,4,51,12,23.5,1.70,0.40,0.08,0.33,18.7,0,0,0,5.1,5.1,0.10,-1.1,-1.1,Jude Bellingham,MF
2020-2021,17,Dortmund,de GER,1. Bundesliga,3rd,18.9,1,33,8,24.2,1.75,0.42,0.03,0.13,19.8,0,0,0,2.5,2.5,0.08,-1.5,-1.5,Jude Bellingham,MF
2021-2022,18,Dortmund,de GER,1. Bundesliga,2nd,31.0,3,44,12,27.3,1.42,0.39,0.07,0.25,18.1,0,0,0,4.8,4.8,0.11,-1.8,-1.8,Jude Bellingham,MF
2022-2023,19,Dortmund,de GER,1. Bundesliga,2nd,29.9,8,66,23,34.8,2.21,0.77,0.11,0.30,18.0,2,1,1,8.2,7.4,0.11,-0.2,-0.4,Jude Bellingham,MF
2023-2024,20,Real Madrid,es ESP,1. La Liga,1st,25.7,19,62,34,54.8,2.41,1.32,0.29,0.53,14.8,0,1,1,11.1,10.3,0.17,+7.9,+7.7,Jude Bellingham,MF
2024-2025,21,Real Madrid,es ESP,1. La Liga,1st,13.7,7,20,9,45.0,1.46,0.66,0.30,0.67,18.0,0,1,2,4.5,2.9,0.15,+2.5,+3.1,Jude Bellingham,MF
2018-2019,18,Real Madrid,es ESP,1. La Liga,3rd,9.7,2,42,17,40.5,4.35,1.76,0.05,0.12,17.3,0,0,0,3.6,3.6,0.08,-1.6,-1.6,Vinicius Júnior,FW
2019-2020,19,Real Madrid,es ESP,1. La Liga,1st,15.2,3,38,17,44.7,2.51,1.12,0.08,0.18,14.5,0,0,0,4.3,4.3,0.11,-1.3,-1.3,Vinicius Júnior,FW
2020-2021,20,Real Madrid,es ESP,1. La Liga,2nd,21.9,3,40,13,32.5,1.83,0.59,0.08,0.23,14.1,0,0,0,6.5,6.5,0.16,-3.5,-3.5,Vinicius Júnior,FW
2021-2022,21,Real Madrid,es ESP,1. La Liga,1st,29.9,17,80,42,52.5,2.68,1.41,0.21,0.40,15.2,0,0,0,12.3,12.3,0.15,+4.7,+4.7,Vinicius Júnior,FW
2022-2023,22,Real Madrid,es ESP,1. La Liga,2nd,31.4,10,77,36,46.8,2.45,1.15,0.13,0.28,16.2,0,0,0,10.5,10.5,0.14,-0.5,-0.5,Vinicius Júnior,FW
2023-2024,23,Real Madrid,es ESP,1. La Liga,1st,20.7,15,77,38,49.4,3.72,1.83,0.18,0.37,14.6,0,1,1,13.1,12.3,0.16,+1.9,+1.7,Vinicius Júnior,FW
2024-2025,24,Real Madrid,es ESP,1. La Liga,1st,13.1,8,41,12,29.3,3.14,0.92,0.15,0.50,18.0,0,2,2,5.9,4.6,0.11,+2.1,+1.4,Vinicius Júnior,FW
2019-2020,18,Real Madrid,es ESP,1. La Liga,1st,11.3,2,16,8,50.0,1.41,0.71,0.13,0.25,11.5,0,0,0,2.3,2.3,0.14,-0.3,-0.3,Rodrygo,FW
2020-2021,19,Real Madrid,es ESP,1. La Liga,2nd,10.9,1,25,5,20.0,2.29,0.46,0.04,0.20,16.7,1,0,0,2.0,2.0,0.08,-1.0,-1.0,Rodrygo,FW
2021-2022,20,Real Madrid,es ESP,1. La Liga,1st,16.9,4,34,15,44.1,2.01,0.89,0.12,0.27,16.4,0,0,0,3.4,3.4,0.10,+0.6,+0.6,Rodrygo,FW
2022-2023,21,Real Madrid,es ESP,1. La Liga,2nd,26.4,9,97,31,32.0,3.67,1.17,0.08,0.26,16.6,8,1,1,13.7,12.9,0.13,-4.7,-4.9,Rodrygo,FW
2023-2024,22,Real Madrid,es ESP,1. La Liga,1st,26.4,10,86,35,40.7,3.25,1.32,0.12,0.29,15.2,4,0,1,11.7,10.9,0.13,-1.7,-0.9,Rodrygo,FW
2024-2025,23,Real Madrid,es ESP,1. La Liga,1st,11.6,5,26,12,46.2,2.24,1.03,0.19,0.42,16.9,1,0,0,2.2,2.1,0.08,+2.8,+2.9,Rodrygo,FW
2012-2013,21,Real Madrid B,es ESP,2. La Liga 2,8th,9.1,3,,8,,,0.88,,0.38,,,0,0,,,,,,Lucas Vázquez,DF
2013-2014,22,Real Madrid B,es ESP,2. La Liga 2,20th,39.5,8,,51,,,1.29,,0.16,,,0,0,,,,,,Lucas Vázquez,DF
2014-2015,23,Espanyol,es ESP,1. La Liga,10th,30.5,3,,20,,,0.66,,0.15,,,0,0,,,,,,Lucas Vázquez,DF
2015-2016,24,Real Madrid,es ESP,1. La Liga,2nd,13.8,4,23,13,56.5,1.67,0.95,0.17,0.31,,,0,0,,,,,,Lucas Vázquez,DF
2016-2017,25,Real Madrid,es ESP,1. La Liga,1st,15.6,2,30,11,36.7,1.92,0.71,0.07,0.18,,,0,0,,,,,,Lucas Vázquez,DF
2017-2018,26,Real Madrid,es ESP,1. La Liga,3rd,18.7,4,33,17,51.5,1.77,0.91,0.12,0.24,16.8,0,0,0,4.8,4.8,0.14,-0.8,-0.8,Lucas Vázquez,DF
2018-2019,27,Real Madrid,es ESP,1. La Liga,3rd,16.8,1,24,11,45.8,1.43,0.66,0.04,0.09,16.3,0,0,0,2.6,2.6,0.11,-1.6,-1.6,Lucas Vázquez,DF
2019-2020,28,Real Madrid,es ESP,1. La Liga,1st,9.4,2,10,3,30.0,1.06,0.32,0.20,0.67,17.1,0,0,0,1.4,1.4,0.14,+0.6,+0.6,Lucas Vázquez,DF
2020-2021,29,Real Madrid,es ESP,1. La Liga,2nd,20.5,2,21,7,33.3,1.02,0.34,0.10,0.29,20.5,0,0,0,1.8,1.8,0.09,+0.2,+0.2,Lucas Vázquez,DF
2021-2022,30,Real Madrid,es ESP,1. La Liga,1st,20.4,3,18,5,27.8,0.88,0.25,0.17,0.60,20.6,0,0,0,2.2,2.2,0.12,+0.8,+0.8,Lucas Vázquez,DF
2022-2023,31,Real Madrid,es ESP,1. La Liga,2nd,12.7,4,14,7,50.0,1.10,0.55,0.29,0.57,18.5,0,0,0,1.9,1.9,0.14,+2.1,+2.1,Lucas Vázquez,DF
2023-2024,32,Real Madrid,es ESP,1. La Liga,1st,15.8,3,12,7,58.3,0.76,0.44,0.25,0.43,13.4,0,0,0,1.2,1.1,0.09,+1.8,+1.9,Lucas Vázquez,DF
2024-2025,33,Real Madrid,es ESP,1. La Liga,1st,10.8,1,5,2,40.0,0.46,0.19,0.20,0.50,16.1,0,0,0,0.6,0.6,0.11,+0.4,+0.4,Lucas Vázquez,DF
2018-2019,20,Porto,pt POR,1. Primeira Liga,2nd,28.9,3,29,8,27.6,1.00,0.28,0.10,0.38,17.5,1,0,0,2.1,2.1,0.07,+0.9,+0.9,Éder Militão,DF
2019-2020,21,Real Madrid,es ESP,1. La Liga,1st,11.4,0,2,1,50.0,0.18,0.09,0.00,0.00,13.0,0,0,0,0.1,0.1,0.05,-0.1,-0.1,Éder Militão,DF
2020-2021,22,Real Madrid,es ESP,1. La Liga,2nd,12.6,1,12,3,25.0,0.95,0.24,0.08,0.33,12.0,0,0,0,1.1,1.1,0.09,-0.1,-0.1,Éder Militão,DF
2021-2022,23,Real Madrid,es ESP,1. La Liga,1st,33.7,1,33,8,24.2,0.98,0.24,0.03,0.13,16.8,0,0,0,2.5,2.5,0.08,-1.5,-1.5,Éder Militão,DF
2022-2023,24,Real Madrid,es ESP,1. La Liga,2nd,30.0,5,22,8,36.4,0.73,0.27,0.23,0.63,13.8,0,0,0,2.4,2.4,0.11,+2.6,+2.6,Éder Militão,DF
2023-2024,25,Real Madrid,es ESP,1. La Liga,1st,5.5,0,2,2,100.0,0.36,0.36,0.00,0.00,22.4,0,0,0,0.1,0.1,0.06,-0.1,-0.1,Éder Militão,DF
2024-2025,26,Real Madrid,es ESP,1. La Liga,1st,10.4,1,10,3,30.0,0.96,0.29,0.10,0.33,17.3,0,0,0,0.6,0.6,0.06,+0.4,+0.4,Éder Militão,DF
2014-2015,19,Le Havre,fr FRA,2. Ligue 2,7th,1.0,0,,0,,,0.00,,,,,0,0,,,,,,Ferland Mendy,DF
2015-2016,20,Le Havre,fr FRA,2. Ligue 2,4th,7.9,0,,0,,,0.00,,,,,0,0,,,,,,Ferland Mendy,DF
2016-2017,21,Le Havre,fr FRA,2. Ligue 2,8th,34.5,2,0,12,,0.00,0.35,,0.17,,,0,0,,,,,,Ferland Mendy,DF
2017-2018,22,Lyon,fr FRA,1. Ligue 1,3rd,23.6,0,18,5,27.8,0.76,0.21,0.00,0.00,21.3,0,0,0,0.8,0.8,0.04,-0.8,-0.8,Ferland Mendy,DF
2018-2019,23,Lyon,fr FRA,1. Ligue 1,3rd,28.1,2,23,7,30.4,0.82,0.25,0.09,0.29,21.9,0,0,0,0.9,0.9,0.04,+1.1,+1.1,Ferland Mendy,DF
2019-2020,24,Real Madrid,es ESP,1. La Liga,1st,20.1,1,7,3,42.9,0.35,0.15,0.14,0.33,21.2,0,0,0,0.6,0.6,0.09,+0.4,+0.4,Ferland Mendy,DF
2020-2021,25,Real Madrid,es ESP,1. La Liga,2nd,24.5,1,12,2,16.7,0.49,0.08,0.08,0.50,19.0,0,0,0,0.8,0.8,0.07,+0.2,+0.2,Ferland Mendy,DF
2021-2022,26,Real Madrid,es ESP,1. La Liga,1st,19.3,2,12,5,41.7,0.62,0.26,0.17,0.40,19.4,0,0,0,1.0,1.0,0.09,+1.0,+1.0,Ferland Mendy,DF
2022-2023,27,Real Madrid,es ESP,1. La Liga,2nd,15.0,0,1,0,0.0,0.07,0.00,0.00,,7.3,0,0,0,0.3,0.3,0.26,-0.3,-0.3,Ferland Mendy,DF
2023-2024,28,Real Madrid,es ESP,1. La Liga,1st,19.1,0,5,1,20.0,0.26,0.05,0.00,0.00,19.8,0,0,0,0.2,0.2,0.05,-0.2,-0.2,Ferland Mendy,DF
2024-2025,29,Real Madrid,es ESP,1. La Liga,1st,9.2,0,0,0,,0.00,0.00,,,,0,0,0,0.0,0.0,,0.0,0.0,Ferland Mendy,DF
2020-2021,20,Rayo Vallecano,es ESP,2. La Liga 2,6th,36.5,1,23,9,39.1,0.63,0.25,0.04,0.11,24.2,0,0,0,1.1,1.1,0.05,-0.1,-0.1,Fran Garcia,DF
2021-2022,21,Rayo Vallecano,es ESP,1. La Liga,12th,33.6,1,25,8,32.0,0.74,0.24,0.04,0.13,23.6,0,0,0,0.9,0.9,0.04,+0.1,+0.1,Fran Garcia,DF
2022-2023,22,Rayo Vallecano,es ESP,1. La Liga,11th,37.9,2,30,11,36.7,0.79,0.29,0.07,0.18,27.9,0,0,0,1.2,1.2,0.04,+0.8,+0.8,Fran Garcia,DF
2023-2024,23,Real Madrid,es ESP,1. La Liga,1st,15.5,1,9,1,11.1,0.58,0.06,0.11,1.00,20.9,0,0,0,0.5,0.5,0.06,+0.5,+0.5,Fran Garcia,DF
2024-2025,24,Real Madrid,es ESP,1. La Liga,1st,8.5,0,7,2,28.6,0.82,0.23,0.00,0.00,20.1,0,0,0,0.5,0.5,0.07,-0.5,-0.5,Fran Garcia,DF
2007-2008,21,Dinamo Zagreb,hr CRO,1. 1. HNL,1st,21.9,13,,35,,,1.60,,0.26,,,4,4,,,,,,Luka Modrić,MF
2008-2009,22,Tottenham,eng ENG,1. Premier League,8th,30.8,3,,20,,,0.65,,0.15,,,0,0,,,,,,Luka Modrić,MF
2009-2010,23,Tottenham,eng ENG,1. Premier League,4th,21.2,3,,14,,,0.66,,0.21,,,0,0,,,,,,Luka Modrić,MF
2010-2011,24,Tottenham,eng ENG,1. Premier League,5th,31.0,3,,16,,,0.52,,0.13,,,1,1,,,,,,Luka Modrić,MF
2011-2012,25,Tottenham,eng ENG,1. Premier League,4th,35.7,4,,25,,,0.70,,0.16,,,0,0,,,,,,Luka Modrić,MF
2012-2013,26,Real Madrid,es ESP,1. La Liga,2nd,24.2,3,,9,,,0.37,,0.33,,,0,0,,,,,,Luka Modrić,MF
2013-2014,27,Real Madrid,es ESP,1. La Liga,3rd,29.3,1,,7,,,0.24,,0.14,,,0,0,,,,,,Luka Modrić,MF
2014-2015,28,Real Madrid,es ESP,1. La Liga,2nd,14.3,1,,6,,,0.42,,0.17,,,0,0,,,,,,Luka Modrić,MF
2015-2016,29,Real Madrid,es ESP,1. La Liga,2nd,29.1,2,35,10,28.6,1.20,0.34,0.06,0.20,,,0,0,,,,,,Luka Modrić,MF
2016-2017,30,Real Madrid,es ESP,1. La Liga,1st,21.0,1,20,10,50.0,0.95,0.48,0.05,0.10,,,0,0,,,,,,Luka Modrić,MF
2017-2018,31,Real Madrid,es ESP,1. La Liga,3rd,21.9,1,35,8,22.9,1.60,0.37,0.03,0.13,20.9,0,0,0,1.8,1.8,0.05,-0.8,-0.8,Luka Modrić,MF
2018-2019,32,Real Madrid,es ESP,1. La Liga,3rd,29.0,3,37,12,32.4,1.28,0.41,0.08,0.25,21.1,0,0,0,2.7,2.7,0.07,+0.3,+0.3,Luka Modrić,MF
2019-2020,33,Real Madrid,es ESP,1. La Liga,1st,22.2,3,30,13,43.3,1.35,0.59,0.10,0.23,23.1,0,0,0,1.5,1.5,0.05,+1.5,+1.5,Luka Modrić,MF
2020-2021,34,Real Madrid,es ESP,1. La Liga,2nd,30.4,5,45,15,33.3,1.48,0.49,0.11,0.33,22.1,1,0,0,2.3,2.3,0.05,+2.7,+2.7,Luka Modrić,MF
2021-2022,35,Real Madrid,es ESP,1. La Liga,1st,22.6,2,26,10,38.5,1.15,0.44,0.04,0.10,22.0,1,1,1,2.5,1.7,0.06,-0.5,-0.7,Luka Modrić,MF
2022-2023,36,Real Madrid,es ESP,1. La Liga,2nd,19.4,4,29,5,17.2,1.50,0.26,0.10,0.60,20.2,1,1,1,4.2,3.4,0.12,-0.2,-0.4,Luka Modrić,MF
2023-2024,37,Real Madrid,es ESP,1. La Liga,1st,18.8,2,25,10,40.0,1.33,0.53,0.08,0.20,21.9,1,0,0,1.3,1.3,0.05,+0.7,+0.7,Luka Modrić,MF
2024-2025,38,Real Madrid,es ESP,1. La Liga,1st,9.3,1,10,3,30.0,1.07,0.32,0.10,0.33,24.0,1,0,0,1.0,1.0,0.10,0.0,0.0,Luka Modrić,MF
2012-2013,20,Leverkusen,de GER,1. Bundesliga,3rd,30.8,1,,9,,,0.29,,0.11,,,0,0,,,,,,Dani Carvajal,DF
2013-2014,21,Real Madrid,es ESP,1. La Liga,3rd,24.9,2,,2,,,0.08,,1.00,,,0,0,,,,,,Dani Carvajal,DF
2014-2015,22,Real Madrid,es ESP,1. La Liga,2nd,25.2,0,,1,,,0.04,,0.00,,,0,0,,,,,,Dani Carvajal,DF
2015-2016,23,Real Madrid,es ESP,1. La Liga,2nd,18.1,0,8,0,0.0,0.44,0.00,0.00,,,,0,0,,,,,,Dani Carvajal,DF
2016-2017,24,Real Madrid,es ESP,1. La Liga,1st,22.4,0,9,4,44.4,0.40,0.18,0.00,0.00,,,0,0,,,,,,Dani Carvajal,DF
2017-2018,25,Real Madrid,es ESP,1. La Liga,3rd,24.7,0,13,6,46.2,0.53,0.24,0.00,0.00,20.8,0,0,0,1.0,1.0,0.07,-1.0,-1.0,Dani Carvajal,DF
2018-2019,26,Real Madrid,es ESP,1. La Liga,3rd,23.4,1,11,4,36.4,0.47,0.17,0.09,0.25,22.0,0,0,0,0.4,0.4,0.03,+0.6,+0.6,Dani Carvajal,DF
2019-2020,27,Real Madrid,es ESP,1. La Liga,1st,30.4,1,20,9,45.0,0.66,0.30,0.05,0.11,19.5,0,0,0,2.6,2.6,0.13,-1.6,-1.6,Dani Carvajal,DF
2020-2021,28,Real Madrid,es ESP,1. La Liga,2nd,10.6,0,9,2,22.2,0.85,0.19,0.00,0.00,26.1,0,0,0,0.5,0.5,0.05,-0.5,-0.5,Dani Carvajal,DF
2021-2022,29,Real Madrid,es ESP,1. La Liga,1st,17.2,1,10,2,20.0,0.58,0.12,0.10,0.50,19.9,0,0,0,0.5,0.5,0.05,+0.5,+0.5,Dani Carvajal,DF
2022-2023,30,Real Madrid,es ESP,1. La Liga,2nd,19.8,0,12,0,0.0,0.61,0.00,0.00,,17.5,0,0,0,0.8,0.8,0.06,-0.8,-0.8,Dani Carvajal,DF
2023-2024,31,Real Madrid,es ESP,1. La Liga,1st,24.1,4,18,10,55.6,0.75,0.41,0.22,0.40,14.3,0,0,0,1.7,1.7,0.10,+2.3,+2.3,Dani Carvajal,DF
2024-2025,32,Real Madrid,es ESP,1. La Liga,1st,6.8,1,3,1,33.3,0.44,0.15,0.33,1.00,3.4,0,0,0,1.3,1.3,0.44,-0.3,-0.3,Dani Carvajal,DF
2016-2017,16,Manchester City,eng ENG,Jr. PL2 — Div. 1,2nd,16.6,7,,,,,,,,,,1,1,,,,,,Brahim Díaz,"FW,MF"
2017-2018,17,Manchester City,eng ENG,Jr. PL2 — Div. 1,6th,12.0,4,,,,,,,,,,1,1,,,,,,Brahim Díaz,"FW,MF"
2017-2018,17,Manchester City,eng ENG,1. Premier League,1st,0.6,0,3,1,33.3,4.91,1.64,0.00,0.00,13.8,0,0,0,0.5,0.5,0.16,-0.5,-0.5,Brahim Díaz,"FW,MF"
2018-2019,18,Real Madrid,es ESP,1. La Liga,3rd,4.2,1,7,5,71.4,1.68,1.20,0.14,0.20,12.5,0,0,0,1.2,1.2,0.17,-0.2,-0.2,Brahim Díaz,"FW,MF"
2019-2020,19,Real Madrid,es ESP,1. La Liga,1st,0.7,0,3,2,66.7,4.15,2.77,0.00,0.00,17.3,0,0,0,0.2,0.2,0.08,-0.2,-0.2,Brahim Díaz,"FW,MF"
2020-2021,20,Milan,it ITA,1. Serie A,2nd,13.6,4,26,8,30.8,1.91,0.59,0.15,0.50,16.8,0,0,0,3.4,3.4,0.13,+0.6,+0.6,Brahim Díaz,"FW,MF"
2021-2022,21,Milan,it ITA,1. Serie A,1st,20.6,3,30,6,20.0,1.46,0.29,0.10,0.50,17.0,0,0,0,4.1,4.1,0.14,-1.1,-1.1,Brahim Díaz,"FW,MF"
2022-2023,22,Milan,it ITA,1. Serie A,4th,21.4,6,35,16,45.7,1.64,0.75,0.17,0.38,14.5,1,0,0,6.0,6.0,0.17,0.0,0.0,Brahim Díaz,"FW,MF"
2023-2024,23,Real Madrid,es ESP,1. La Liga,1st,17.2,8,38,17,44.7,2.21,0.99,0.21,0.47,16.0,0,0,0,5.7,5.7,0.15,+2.3,+2.3,Brahim Díaz,"FW,MF"
2024-2025,24,Real Madrid,es ESP,1. La Liga,1st,6.8,2,7,3,42.9,1.03,0.44,0.29,0.67,13.5,0,0,0,1.4,1.4,0.20,+0.6,+0.6,Brahim Díaz,"FW,MF"
2021-2022,16,Fenerbahçe,tr TUR,1. Süper Lig,2nd,3.2,3,9,6,66.7,2.77,1.85,0.22,0.33,,,1,1,,,,,,Arda Güler,"MF,FW"
2022-2023,17,Fenerbahçe,tr TUR,1. Süper Lig,2nd,10.1,4,34,12,35.3,3.38,1.19,0.12,0.33,,,0,0,,,,,,Arda Güler,"MF,FW"
2023-2024,18,Real Madrid,es ESP,1. La Liga,1st,4.2,6,15,6,40.0,3.58,1.43,0.40,1.00,21.9,1,0,0,1.4,1.4,0.10,+4.6,+4.6,Arda Güler,"MF,FW"
2024-2025,19,Real Madrid,es ESP,1. La Liga,1st,6.4,1,19,8,42.1,2.97,1.25,0.05,0.13,18.9,1,0,0,1.8,1.8,0.09,-0.8,-0.8,Arda Güler,"MF,FW"
2018-2019,15,Rennes,fr FRA,1. Ligue 1,10th,4.0,0,2,1,50.0,0.49,0.25,0.00,0.00,21.1,0,0,0,0.1,0.1,0.05,-0.1,-0.1,Eduardo Camavinga,"MF,DF"
2019-2020,16,Rennes,fr FRA,1. Ligue 1,3rd,23.4,1,15,4,26.7,0.64,0.17,0.07,0.25,22.6,0,0,0,0.9,0.9,0.06,+0.1,+0.1,Eduardo Camavinga,"MF,DF"
2020-2021,17,Rennes,fr FRA,1. Ligue 1,6th,26.7,1,26,8,30.8,0.97,0.30,0.04,0.13,18.7,0,0,0,1.8,1.8,0.07,-0.8,-0.8,Eduardo Camavinga,"MF,DF"
2021-2022,18,Rennes,fr FRA,1. Ligue 1,4th,1.6,0,0,0,,0.00,0.00,,,,0,0,0,0.0,0.0,,0.0,0.0,Eduardo Camavinga,"MF,DF"
2021-2022,18,Real Madrid,es ESP,1. La Liga,1st,13.7,2,12,5,41.7,0.87,0.36,0.17,0.40,24.2,0,0,0,1.2,1.2,0.10,+0.8,+0.8,Eduardo Camavinga,"MF,DF"
2022-2023,19,Real Madrid,es ESP,1. La Liga,2nd,22.3,0,18,3,16.7,0.81,0.13,0.00,0.00,23.2,0,0,0,0.8,0.8,0.04,-0.8,-0.8,Eduardo Camavinga,"MF,DF"
2023-2024,20,Real Madrid,es ESP,1. La Liga,1st,20.2,0,17,7,41.2,0.84,0.35,0.00,0.00,22.7,0,0,0,0.9,0.9,0.05,-0.9,-0.9,Eduardo Camavinga,"MF,DF"
2024-2025,21,Real Madrid,es ESP,1. La Liga,1st,5.8,0,3,0,0.0,0.52,0.00,0.00,,20.4,0,0,0,0.1,0.1,0.04,-0.1,-0.1,Eduardo Camavinga,"MF,DF"
2013-2014,16,Betis,es ESP,1. La Liga,20th,0.1,0,,0,,,0.00,,,,,0,0,,,,,,Dani Ceballos,MF
2014-2015,17,Betis,es ESP,2. La Liga 2,1st,25.3,5,,8,,,0.32,,0.63,,,0,0,,,,,,Dani Ceballos,MF
2015-2016,18,Betis,es ESP,1. La Liga,10th,23.7,0,17,3,17.6,0.72,0.13,0.00,0.00,,,0,0,,,,,,Dani Ceballos,MF
2016-2017,19,Betis,es ESP,1. La Liga,15th,26.0,2,37,16,43.2,1.42,0.62,0.05,0.13,,,0,0,,,,,,Dani Ceballos,MF
2017-2018,20,Real Madrid,es ESP,1. La Liga,3rd,4.5,2,7,4,57.1,1.57,0.90,0.29,0.50,21.6,0,0,0,0.4,0.4,0.06,+1.6,+1.6,Dani Ceballos,MF
2018-2019,21,Real Madrid,es ESP,1. La Liga,3rd,13.9,3,22,5,22.7,1.59,0.36,0.14,0.60,18.9,1,0,0,2.3,2.3,0.10,+0.7,+0.7,Dani Ceballos,MF
2019-2020,22,Arsenal,eng ENG,1. Premier League,8th,18.8,0,13,3,23.1,0.69,0.16,0.00,0.00,22.8,0,0,0,0.6,0.6,0.04,-0.6,-0.6,Dani Ceballos,MF
2020-2021,23,Arsenal,eng ENG,1. Premier League,8th,17.9,0,13,2,15.4,0.72,0.11,0.00,0.00,21.7,1,0,0,0.6,0.6,0.05,-0.6,-0.6,Dani Ceballos,MF
2021-2022,24,Real Madrid,es ESP,1. La Liga,1st,3.1,0,10,4,40.0,3.26,1.30,0.00,0.00,20.1,1,0,0,0.7,0.7,0.07,-0.7,-0.7,Dani Ceballos,MF
2022-2023,25,Real Madrid,es ESP,1. La Liga,2nd,17.4,0,18,5,27.8,1.04,0.29,0.00,0.00,21.0,0,0,0,0.9,0.9,0.05,-0.9,-0.9,Dani Ceballos,MF
2023-2024,26,Real Madrid,es ESP,1. La Liga,1st,6.6,0,7,1,14.3,1.05,0.15,0.00,0.00,18.4,1,0,0,0.3,0.3,0.05,-0.3,-0.3,Dani Ceballos,MF
2024-2025,27,Real Madrid,es ESP,1. La Liga,1st,5.6,0,1,0,0.0,0.18,0.00,0.00,,11.4,0,0,0,0.2,0.2,0.19,-0.2,-0.2,Dani Ceballos,MF
2024-2025,21,Real Madrid,es ESP,1. La Liga,1st,4.0,0,0,0,,0.0,0.0,,,,0,0,0,0.0,0.0,,0.0,0.0,Raúl Asencio,DF
2024-2025,18,Real Madrid,es ESP,1. La Liga,1st,1.0,1,10,4,40.0,9.89,3.96,0.10,0.25,18.6,0,0,0,0.7,0.7,0.07,+0.3,+0.3,Endrick,FW
2014-2015,17,Zaragoza,es ESP,2. La Liga 2,6th,25.7,1,,2,,,0.08,,0.50,,,0,0,,,,,,Jesús Vallejo,DF
2015-2016,18,Zaragoza,es ESP,2. La Liga 2,8th,18.7,0,,1,,,0.05,,0.00,,,0,0,,,,,,Jesús Vallejo,DF
2016-2017,19,Eint Frankfurt,de GER,1. Bundesliga,11th,22.9,1,6,1,16.7,0.26,0.04,0.17,1.00,,,0,0,,,,,,Jesús Vallejo,DF
2017-2018,20,Real Madrid,es ESP,1. La Liga,3rd,7.0,0,0,0,,0.00,0.00,,,,0,0,0,0.0,0.0,,0.0,0.0,Jesús Vallejo,DF
2018-2019,21,Real Madrid,es ESP,1. La Liga,3rd,3.5,1,1,1,100.0,0.29,0.29,1.00,1.00,3.6,0,0,0,0.7,0.7,0.68,+0.3,+0.3,Jesús Vallejo,DF
2019-2020,22,Wolves,eng ENG,1. Premier League,7th,1.8,0,0,0,,0.00,0.00,,,,0,0,0,0.0,0.0,,0.0,0.0,Jesús Vallejo,DF
2019-2020,22,Granada,es ESP,1. La Liga,7th,7.0,0,1,0,0.0,0.14,0.00,0.00,,9.1,0,0,0,0.2,0.2,0.17,-0.2,-0.2,Jesús Vallejo,DF
2020-2021,23,Granada,es ESP,1. La Liga,9th,15.0,0,1,0,0.0,0.07,0.00,0.00,,10.3,0,0,0,0.1,0.1,0.10,-0.1,-0.1,Jesús Vallejo,DF
2021-2022,24,Real Madrid,es ESP,1. La Liga,1st,3.8,0,0,0,,0.00,0.00,,,,0,0,0,0.0,0.0,,0.0,0.0,Jesús Vallejo,DF
2022-2023,25,Real Madrid,es ESP,1. La Liga,2nd,0.2,0,1,1,100.0,4.09,4.09,0.00,0.00,5.7,0,0,0,0.3,0.3,0.32,-0.3,-0.3,Jesús Vallejo,DF
2023-2024,26,Granada,es ESP,1. La Liga,20th,1.2,0,0,0,,0.00,0.00,,,,0,0,0,0.0,0.0,,0.0,0.0,Jesús Vallejo,DF
2024-2025,27,Real Madrid,es ESP,1. La Liga,1st,0.1,0,0,0,,0.00,0.00,,,,0,0,0,0.0,0.0,,0.0,0.0,Jesús Vallejo,DF
2023-2024,19,Real Madrid,es ESP,1. La Liga,1st,0.2,0,1,1,100.0,4.74,4.74,0.0,0.0,19.1,0,0,0,0.0,0.0,0.03,0.0,0.0,Gonzalo García,MF
