Season,Age,Squad,Country,Comp,LgRank,MP,Min,Mn/MP,Min%,90s,Starts,Mn/Start,Compl,Subs,Mn/Sub,unSub,PPM,onG,onGA,+/-,+/-90,On-Off,onxG,onxGA,xG+/-,xG+/-90,On-Off.1,Player,Position
2015-2016,17,Peñarol,uy URU,1. Uruguayan Primera División,1st,12,686,57,25.4,7.6,8,76,4,4,20,2,2.08,16,8,+8,+1.05,+0.60,,,,,,Federico Valverde,MF
2017-2018,19,La Coruña,es ESP,1. La Liga,18th,24,1233,51,36.1,13.7,12,75,6,12,28,4,0.88,14,27,-13,-0.95,+0.08,18.0,21.7,-3.8,-0.28,-0.14,Federico Valverde,MF
2018-2019,20,Real Madrid,es ESP,1. La Liga,3rd,16,656,41,19.2,7.3,6,80,2,10,18,9,2.25,13,6,+7,+0.96,+0.63,13.0,5.3,+7.7,+1.05,+0.66,Federico Valverde,MF
2019-2020,21,Real Madrid,es ESP,1. La Liga,1st,33,1907,58,55.8,21.2,21,83,10,12,14,2,2.30,42,12,+30,+1.42,+0.52,39.6,19.2,+20.4,+0.96,+0.12,Federico Valverde,MF
2020-2021,22,Real Madrid,es ESP,1. La Liga,2nd,24,1330,55,38.9,14.8,15,77,6,9,20,0,2.25,28,14,+14,+0.95,-0.13,26.1,14.1,+12.0,+0.81,+0.30,Federico Valverde,MF
2021-2022,23,Real Madrid,es ESP,1. La Liga,1st,31,1833,59,53.6,20.4,19,83,11,12,21,2,2.26,44,19,+25,+1.23,-0.13,38.0,24.0,+14.0,+0.69,-0.09,Federico Valverde,MF
2022-2023,24,Real Madrid,es ESP,1. La Liga,2nd,34,2502,74,73.2,27.8,29,82,17,5,26,4,2.09,51,25,+26,+0.94,-0.34,52.7,26.7,+26.0,+0.93,-0.10,Federico Valverde,MF
2023-2024,25,Real Madrid,es ESP,1. La Liga,1st,37,2904,78,84.9,32.3,33,86,22,4,19,1,2.49,76,22,+54,+1.67,+0.45,60.1,30.3,+29.8,+0.92,+0.30,Federico Valverde,MF
2024-2025,26,Real Madrid,es ESP,1. La Liga,1st,19,1650,87,96.5,18.3,19,87,16,0,,0,2.26,42,17,+25,+1.36,+2.86,35.0,17.5,+17.5,+0.95,+2.55,Federico Valverde,MF
2011-2012,18,Stuttgart,de GER,1. Bundesliga,6th,1,78,78,2.5,0.9,1,,0,0,,,,,,,,,,,,,,Antonio Rüdiger,DF
2011-2012,18,Stuttgart II,de GER,3. 3. Liga,11th,17,1253,74,36.6,13.9,15,,,2,,,,,,,,,,,,,,Antonio Rüdiger,DF
2012-2013,19,Stuttgart II,de GER,3. 3. Liga,14th,4,351,88,10.3,3.9,4,,,0,,,,,,,,,,,,,,Antonio Rüdiger,DF
2012-2013,19,Stuttgart,de GER,1. Bundesliga,12th,16,1000,63,32.7,11.1,11,,9,5,,,,,,,,,,,,,,Antonio Rüdiger,DF
2013-2014,20,Stuttgart,de GER,1. Bundesliga,15th,30,2694,90,88.0,29.9,30,,29,0,,,,,,,,,,,,,,Antonio Rüdiger,DF
2014-2015,21,Stuttgart,de GER,1. Bundesliga,14th,19,1604,84,52.4,17.8,18,,17,1,,0,1.26,22,34,-12,-0.67,-0.30,,,,,,Antonio Rüdiger,DF
2014-2015,21,Stuttgart II,de GER,3. 3. Liga,13th,1,76,76,2.2,0.8,1,,0,0,,0,3.00,1,0,+1,+1.18,+1.45,,,,,,Antonio Rüdiger,DF
2015-2016,22,Roma,it ITA,1. Serie A,3rd,30,2635,88,77.0,29.3,29,,29,1,,2,2.13,64,29,+35,+1.20,+0.39,,,,,,Antonio Rüdiger,DF
2016-2017,23,Roma,it ITA,1. Serie A,2nd,26,2205,85,64.5,24.5,25,,22,1,,0,2.27,53,24,+29,+1.18,-0.52,,,,,,Antonio Rüdiger,DF
2017-2018,24,Chelsea,eng ENG,1. Premier League,5th,27,2338,87,68.4,26.0,25,,25,2,,9,2.04,46,22,+24,+0.92,+0.92,37.8,19.5,+18.3,+0.70,+0.51,Antonio Rüdiger,DF
2018-2019,25,Chelsea,eng ENG,1. Premier League,3rd,33,2871,87,83.9,31.9,33,87,30,0,,2,1.85,50,35,+15,+0.47,-1.01,46.4,31.7,+14.7,+0.46,-0.77,Antonio Rüdiger,DF
2019-2020,26,Chelsea,eng ENG,Jr. PL2 — Div. 1,1st,2,180,90,11.1,2.0,2,90,2,0,,0,2.00,5,2,+3,+1.50,+0.81,,,,,,Antonio Rüdiger,DF
2019-2020,26,Chelsea,eng ENG,1. Premier League,4th,20,1710,86,50.0,19.0,19,88,18,1,45,3,1.65,33,24,+9,+0.47,+0.16,33.8,16.0,+17.8,+0.94,+0.27,Antonio Rüdiger,DF
2020-2021,27,Chelsea,eng ENG,1. Premier League,4th,19,1710,90,50.0,19.0,19,90,19,0,,13,2.05,23,10,+13,+0.68,+0.21,30.4,12.2,+18.1,+0.96,+0.22,Antonio Rüdiger,DF
2021-2022,28,Chelsea,eng ENG,1. Premier League,3rd,34,3035,89,88.7,33.7,34,89,33,0,,1,1.91,68,27,+41,+1.22,+0.75,57.1,28.1,+29.0,+0.86,+0.60,Antonio Rüdiger,DF
2022-2023,29,Real Madrid,es ESP,1. La Liga,2nd,33,2415,73,70.6,26.8,26,90,25,7,12,2,2.00,44,25,+19,+0.71,-1.08,51.1,27.2,+23.8,+0.89,-0.25,Antonio Rüdiger,DF
2023-2024,30,Real Madrid,es ESP,1. La Liga,1st,33,2709,82,79.2,30.1,30,88,28,3,25,1,2.55,65,23,+42,+1.40,-1.01,54.3,28.0,+26.3,+0.87,-0.03,Antonio Rüdiger,DF
2024-2025,31,Real Madrid,es ESP,1. La Liga,1st,19,1627,86,95.1,18.1,18,90,18,1,7,0,2.26,40,18,+22,+1.22,-0.95,31.7,18.5,+13.2,+0.73,-2.77,Antonio Rüdiger,DF
2015-2016,16,Monaco,fr FRA,1. Ligue 1,3rd,11,296,27,8.7,3.3,2,,0,9,,2,1.55,8,5,+3,+0.91,+0.80,,,,,,Kylian Mbappé,FW
2016-2017,17,Monaco,fr FRA,1. Ligue 1,1st,29,1498,52,43.8,16.6,17,,5,12,,6,2.55,53,15,+38,+2.28,+0.50,,,,,,Kylian Mbappé,FW
2017-2018,18,Monaco,fr FRA,1. Ligue 1,2nd,1,74,74,2.2,0.8,1,74,0,0,,2,3.00,3,2,+1,+1.22,+0.17,1.6,0.2,+1.4,+1.76,+1.42,Kylian Mbappé,FW
2017-2018,18,Paris S-G,fr FRA,1. Ligue 1,1st,27,2094,78,61.2,23.3,24,85,19,3,17,2,2.30,60,20,+40,+1.72,-0.93,51.9,23.6,+28.3,+1.22,-0.38,Kylian Mbappé,FW
2018-2019,19,Paris S-G,fr FRA,1. Ligue 1,1st,29,2343,81,68.5,26.0,24,90,22,5,39,0,2.48,81,21,+60,+2.30,+1.47,67.2,23.5,+43.7,+1.68,+1.04,Kylian Mbappé,FW
2019-2020,20,Paris S-G,fr FRA,1. Ligue 1,1st,20,1513,76,62.3,16.8,17,85,12,3,21,0,2.60,54,16,+38,+2.26,+0.98,52.1,15.4,+36.7,+2.18,+0.77,Kylian Mbappé,FW
2020-2021,21,Paris S-G,fr FRA,1. Ligue 1,2nd,31,2380,77,69.6,26.4,27,86,16,4,18,0,2.23,68,20,+48,+1.82,+0.95,62.7,26.6,+36.1,+1.36,+1.07,Kylian Mbappé,FW
2021-2022,22,Paris S-G,fr FRA,1. Ligue 1,1st,35,3023,86,88.4,33.6,34,88,24,1,21,0,2.34,85,30,+55,+1.64,+1.86,69.9,33.7,+36.2,+1.08,+0.91,Kylian Mbappé,FW
2022-2023,23,Paris S-G,fr FRA,1. Ligue 1,1st,34,2818,83,82.4,31.3,32,86,26,2,34,0,2.24,73,33,+40,+1.28,-0.07,65.2,42.1,+23.0,+0.74,-0.29,Kylian Mbappé,FW
2023-2024,24,Paris S-G,fr FRA,1. Ligue 1,1st,29,2158,74,70.5,24.0,24,83,19,5,31,2,2.17,61,25,+36,+1.50,+0.30,50.2,30.2,+20.0,+0.84,-0.04,Kylian Mbappé,FW
2024-2025,25,Real Madrid,es ESP,1. La Liga,1st,17,1459,86,85.3,16.2,17,86,9,0,,0,2.41,35,13,+22,+1.36,+0.64,32.5,14.2,+18.3,+1.13,+1.82,Kylian Mbappé,FW
2008-2009,16,Genk,be BEL,1. First Division,8th,1,90,90,2.9,1.0,1,,,0,,,,,,,,,,,,,,Thibaut Courtois,GK
2010-2011,18,Genk,be BEL,1. Pro League,1st,40,3600,90,100.0,40.0,40,,,0,,,,,,,,,,,,,,Thibaut Courtois,GK
2011-2012,19,Atlético Madrid,es ESP,1. La Liga,5th,37,3261,88,95.4,36.2,37,,36,0,,,,,,,,,,,,,,Thibaut Courtois,GK
2012-2013,20,Atlético Madrid,es ESP,1. La Liga,3rd,37,3330,90,97.4,37.0,37,,37,0,,,,,,,,,,,,,,Thibaut Courtois,GK
2013-2014,21,Atlético Madrid,es ESP,1. La Liga,1st,37,3330,90,97.4,37.0,37,,37,0,,,,,,,,,,,,,,Thibaut Courtois,GK
2014-2015,22,Chelsea,eng ENG,1. Premier League,1st,32,2813,88,82.3,31.3,32,,31,0,,5,2.16,55,30,+25,+0.80,-1.57,,,,,,Thibaut Courtois,GK
2015-2016,23,Chelsea,eng ENG,1. Premier League,10th,23,2020,88,59.1,22.4,23,,21,0,,1,1.48,41,29,+12,+0.53,+0.92,,,,,,Thibaut Courtois,GK
2016-2017,24,Chelsea,eng ENG,1. Premier League,1st,36,3240,90,94.7,36.0,36,,36,0,,0,2.50,81,28,+53,+1.47,+1.97,,,,,,Thibaut Courtois,GK
2017-2018,25,Chelsea,eng ENG,1. Premier League,5th,35,3150,90,92.1,35.0,35,,35,0,,0,1.89,56,34,+22,+0.63,-0.04,50.1,30.9,+19.3,+0.55,+0.12,Thibaut Courtois,GK
2018-2019,26,Real Madrid,es ESP,1. La Liga,3rd,27,2430,90,71.1,27.0,27,90,27,0,,5,1.67,43,36,+7,+0.26,-0.65,46.2,38.0,+8.2,+0.31,-0.73,Thibaut Courtois,GK
2019-2020,27,Real Madrid,es ESP,1. La Liga,1st,34,3060,90,89.5,34.0,34,90,34,0,,2,2.26,60,20,+40,+1.18,-0.07,61.1,28.8,+32.3,+0.95,+0.38,Thibaut Courtois,GK
2020-2021,28,Real Madrid,es ESP,1. La Liga,2nd,38,3420,90,100.0,38.0,38,90,38,0,,0,2.21,67,28,+39,+1.03,,61.5,37.6,+23.9,+0.63,,Thibaut Courtois,GK
2021-2022,29,Real Madrid,es ESP,1. La Liga,1st,36,3240,90,94.7,36.0,36,90,36,0,,1,2.36,79,29,+50,+1.39,+1.89,69.0,38.9,+30.1,+0.84,+2.01,Thibaut Courtois,GK
2022-2023,30,Real Madrid,es ESP,1. La Liga,2nd,31,2790,90,81.6,31.0,31,90,31,0,,1,2.10,61,29,+32,+1.03,+0.03,61.5,32.3,+29.2,+0.94,-0.11,Thibaut Courtois,GK
2023-2024,31,Real Madrid,es ESP,1. La Liga,1st,4,332,83,9.7,3.7,4,83,3,0,,1,2.50,12,0,+12,+3.25,+1.82,7.1,3.6,+3.5,+0.95,+0.08,Thibaut Courtois,GK
2024-2025,32,Real Madrid,es ESP,1. La Liga,1st,16,1440,90,84.2,16.0,16,90,16,0,,0,2.31,37,15,+22,+1.37,+0.71,30.2,15.1,+15.1,+0.94,+0.52,Thibaut Courtois,GK
2017-2018,17,Bordeaux,fr FRA,1. Ligue 1,6th,0,,,,,0,,0,0,,2,,,,,,,,,,,,Aurélien Tchouaméni,"MF,DF"
2018-2019,18,Bordeaux,fr FRA,1. Ligue 1,14th,10,704,70,20.6,7.8,8,81,4,2,30,7,1.20,6,6,0,0.00,+0.27,8.3,9.4,-1.0,-0.13,+0.29,Aurélien Tchouaméni,"MF,DF"
2019-2020,19,Bordeaux,fr FRA,1. Ligue 1,12th,15,1110,74,44.0,12.3,13,83,8,2,17,5,1.60,21,13,+8,+0.65,+0.78,11.1,17.1,-6.0,-0.49,-0.45,Aurélien Tchouaméni,"MF,DF"
2019-2020,19,Monaco,fr FRA,1. Ligue 1,9th,3,65,22,2.6,0.7,0,,0,3,21,3,1.33,0,1,-1,-1.38,-1.42,1.3,1.4,-0.1,-0.08,-0.30,Aurélien Tchouaméni,"MF,DF"
2020-2021,20,Monaco,fr FRA,1. Ligue 1,3rd,36,3063,85,89.6,34.0,36,85,26,0,,0,2.08,67,39,+28,+0.82,-0.69,60.3,31.5,+28.8,+0.85,-0.48,Aurélien Tchouaméni,"MF,DF"
2021-2022,21,Monaco,fr FRA,1. Ligue 1,3rd,35,2929,84,85.6,32.5,33,87,29,2,29,0,1.89,58,33,+25,+0.77,+0.77,51.6,33.7,+18.0,+0.55,+0.37,Aurélien Tchouaméni,"MF,DF"
2022-2023,22,Real Madrid,es ESP,1. La Liga,2nd,33,2119,64,62.0,23.5,24,80,14,9,21,1,2.03,51,27,+24,+1.02,-0.02,46.3,25.3,+21.0,+0.89,-0.19,Aurélien Tchouaméni,"MF,DF"
2023-2024,23,Real Madrid,es ESP,1. La Liga,1st,27,1987,74,58.1,22.1,22,86,18,5,20,1,2.67,48,13,+35,+1.59,-0.05,40.0,18.8,+21.2,+0.96,+0.20,Aurélien Tchouaméni,"MF,DF"
2024-2025,24,Real Madrid,es ESP,1. La Liga,1st,15,1274,85,74.5,14.2,15,85,12,0,,0,2.07,31,16,+15,+1.06,-0.80,22.7,14.4,+8.3,+0.59,-1.07,Aurélien Tchouaméni,"MF,DF"
2019-2020,16,Birmingham City,eng ENG,2. Championship,20th,41,2694,66,65.1,29.9,32,77,9,9,24,1,1.02,36,45,-9,-0.30,+0.45,41.0,39.9,+1.0,+0.03,+0.36,Jude Bellingham,MF
2020-2021,17,Dortmund,de GER,1. Bundesliga,3rd,29,1697,59,55.5,18.9,19,76,5,10,26,2,1.79,43,29,+14,+0.74,-0.25,37.8,20.9,+16.8,+0.89,+0.38,Jude Bellingham,MF
2021-2022,18,Dortmund,de GER,1. Bundesliga,2nd,32,2790,87,91.2,31.0,32,87,27,0,,0,2.06,76,46,+30,+0.97,-0.03,58.5,41.4,+17.1,+0.55,+0.32,Jude Bellingham,MF
2022-2023,19,Dortmund,de GER,1. Bundesliga,2nd,31,2691,87,87.9,29.9,30,89,28,1,25,1,2.06,73,40,+33,+1.10,-0.36,60.1,39.0,+21.0,+0.70,-0.98,Jude Bellingham,MF
2023-2024,20,Real Madrid,es ESP,1. La Liga,1st,28,2315,83,67.7,25.7,27,85,17,1,25,4,2.46,57,16,+41,+1.59,-0.04,46.7,23.4,+23.3,+0.91,+0.09,Jude Bellingham,MF
2024-2025,21,Real Madrid,es ESP,1. La Liga,1st,15,1230,82,71.9,13.7,15,82,7,0,,0,2.20,33,17,+16,+1.17,-0.33,22.2,14.9,+7.3,+0.54,-1.16,Jude Bellingham,MF
2018-2019,18,Real Madrid,es ESP,1. La Liga,3rd,18,869,48,25.4,9.7,9,83,5,9,14,5,1.61,15,13,+2,+0.21,-0.32,16.2,13.2,+3.0,+0.31,-0.27,Vinicius Júnior,FW
2019-2020,19,Real Madrid,es ESP,1. La Liga,1st,29,1364,47,39.9,15.2,12,81,5,17,23,5,2.21,27,15,+12,+0.79,-0.65,26.4,15.3,+11.2,+0.74,-0.29,Vinicius Júnior,FW
2020-2021,20,Real Madrid,es ESP,1. La Liga,2nd,35,1969,56,57.6,21.9,22,75,7,13,24,2,2.20,35,17,+18,+0.82,-0.48,35.8,23.4,+12.4,+0.57,-0.15,Vinicius Júnior,FW
2021-2022,21,Real Madrid,es ESP,1. La Liga,1st,35,2690,77,78.7,29.9,30,86,15,5,21,0,2.34,65,22,+43,+1.44,+0.70,54.9,31.0,+23.9,+0.80,+0.32,Vinicius Júnior,FW
2022-2023,22,Real Madrid,es ESP,1. La Liga,2nd,33,2823,86,82.5,31.4,32,87,21,1,30,0,2.00,58,32,+26,+0.83,-1.13,58.9,32.2,+26.8,+0.85,-0.63,Vinicius Júnior,FW
2023-2024,23,Real Madrid,es ESP,1. La Liga,1st,26,1864,72,54.5,20.7,22,80,7,4,26,3,2.62,48,12,+36,+1.74,+0.29,39.3,19.3,+20.0,+0.96,+0.19,Vinicius Júnior,FW
2024-2025,24,Real Madrid,es ESP,1. La Liga,1st,15,1175,78,68.7,13.1,13,85,5,2,32,0,2.27,26,11,+15,+1.15,-0.37,23.8,11.8,+11.9,+0.91,+0.16,Vinicius Júnior,FW
2019-2020,18,Real Madrid,es ESP,1. La Liga,1st,19,1019,54,29.8,11.3,12,72,1,7,23,9,2.42,21,2,+19,+1.68,+0.70,22.9,7.4,+15.5,+1.37,+0.65,Rodrygo,FW
2020-2021,19,Real Madrid,es ESP,1. La Liga,2nd,22,983,45,28.7,10.9,10,65,1,12,28,7,2.27,22,4,+18,+1.65,+0.87,20.2,9.0,+11.2,+1.03,+0.56,Rodrygo,FW
2021-2022,20,Real Madrid,es ESP,1. La Liga,1st,33,1523,46,44.5,16.9,17,68,2,16,23,1,2.21,38,13,+25,+1.48,+0.34,31.9,22.5,+9.4,+0.56,-0.32,Rodrygo,FW
2022-2023,21,Real Madrid,es ESP,1. La Liga,2nd,34,2379,70,69.6,26.4,25,86,15,9,24,0,2.00,54,27,+27,+1.02,-0.02,56.8,26.6,+30.2,+1.14,+0.59,Rodrygo,FW
2023-2024,22,Real Madrid,es ESP,1. La Liga,1st,34,2380,70,69.6,26.4,28,81,10,6,21,3,2.44,53,20,+33,+1.25,-1.18,45.6,24.0,+21.6,+0.82,-0.20,Rodrygo,FW
2024-2025,23,Real Madrid,es ESP,1. La Liga,1st,16,1044,65,61.1,11.6,12,74,2,4,40,0,2.31,26,9,+17,+1.47,+0.52,21.2,11.8,+9.4,+0.81,-0.14,Rodrygo,FW
2012-2013,21,Real Madrid B,es ESP,2. La Liga 2,8th,26,816,31,21.6,9.1,6,,,20,,,,,,,,,,,,,,Lucas Vázquez,DF
2013-2014,22,Real Madrid B,es ESP,2. La Liga 2,20th,40,3557,89,94.1,39.5,40,,,0,,,,,,,,,,,,,,Lucas Vázquez,DF
2014-2015,23,Espanyol,es ESP,1. La Liga,10th,33,2741,83,80.1,30.5,30,,25,3,,0,1.41,40,36,+4,+0.13,+1.19,,,,,,Lucas Vázquez,DF
2015-2016,24,Real Madrid,es ESP,1. La Liga,2nd,25,1238,50,36.2,13.8,10,85,7,15,26,8,2.72,45,9,+36,+2.62,+0.97,,,,,,Lucas Vázquez,DF
2016-2017,25,Real Madrid,es ESP,1. La Liga,1st,33,1403,43,41.0,15.6,12,86,8,21,18,3,2.61,52,15,+37,+2.37,+1.12,,,,,,Lucas Vázquez,DF
2017-2018,26,Real Madrid,es ESP,1. La Liga,3rd,33,1679,51,49.1,18.7,16,86,13,17,18,5,2.06,54,25,+29,+1.55,+0.47,46.4,21.8,+24.5,+1.31,+0.40,Lucas Vázquez,DF
2018-2019,27,Real Madrid,es ESP,1. La Liga,3rd,31,1510,49,44.2,16.8,15,82,9,16,18,3,1.81,30,18,+12,+0.72,+0.48,30.3,18.2,+12.2,+0.72,+0.37,Lucas Vázquez,DF
2019-2020,28,Real Madrid,es ESP,1. La Liga,1st,18,848,47,24.8,9.4,8,87,6,10,16,4,2.33,23,10,+13,+1.38,+0.26,19.7,9.5,+10.2,+1.09,+0.24,Lucas Vázquez,DF
2020-2021,29,Real Madrid,es ESP,1. La Liga,2nd,24,1848,77,54.0,20.5,21,82,15,3,44,2,2.21,37,16,+21,+1.02,-0.01,31.6,20.1,+11.4,+0.56,-0.16,Lucas Vázquez,DF
2021-2022,30,Real Madrid,es ESP,1. La Liga,1st,29,1833,63,53.6,20.4,20,83,11,9,20,8,2.24,39,18,+21,+1.03,-0.56,37.7,25.9,+11.8,+0.58,-0.33,Lucas Vázquez,DF
2022-2023,31,Real Madrid,es ESP,1. La Liga,2nd,23,1144,50,33.5,12.7,12,82,6,11,14,9,1.96,28,12,+16,+1.26,+0.35,28.7,12.3,+16.4,+1.28,+0.48,Lucas Vázquez,DF
2023-2024,32,Real Madrid,es ESP,1. La Liga,1st,29,1419,49,41.5,15.8,14,86,10,15,15,9,2.55,37,15,+22,+1.40,-0.36,29.3,15.0,+14.2,+0.90,+0.04,Lucas Vázquez,DF
2024-2025,33,Real Madrid,es ESP,1. La Liga,1st,16,971,61,56.8,10.8,11,83,7,5,11,2,2.13,26,17,+9,+0.83,-0.99,19.8,14.1,+5.7,+0.53,-0.77,Lucas Vázquez,DF
2018-2019,20,Porto,pt POR,1. Primeira Liga,2nd,29,2599,90,84.9,28.9,29,90,28,0,,2,2.62,60,13,+47,+1.63,+0.26,62.0,18.4,+43.6,+1.51,+0.16,Éder Militão,DF
2019-2020,21,Real Madrid,es ESP,1. La Liga,1st,15,1022,68,29.9,11.4,10,87,9,5,31,23,2.33,17,9,+8,+0.70,-0.68,19.3,9.0,+10.3,+0.91,0.00,Éder Militão,DF
2020-2021,22,Real Madrid,es ESP,1. La Liga,2nd,14,1133,81,33.1,12.6,13,84,12,1,45,13,2.14,26,7,+19,+1.51,+0.72,18.7,12.0,+6.7,+0.53,-0.14,Éder Militão,DF
2021-2022,23,Real Madrid,es ESP,1. La Liga,1st,34,3031,89,88.6,33.7,34,89,32,0,,2,2.18,63,30,+33,+0.98,-2.72,60.7,38.8,+21.9,+0.65,-0.71,Éder Militão,DF
2022-2023,24,Real Madrid,es ESP,1. La Liga,2nd,33,2703,82,79.0,30.0,30,88,28,3,22,2,2.00,60,29,+31,+1.03,+0.03,60.7,33.0,+27.6,+0.92,-0.20,Éder Militão,DF
2023-2024,25,Real Madrid,es ESP,1. La Liga,1st,10,496,50,14.5,5.5,6,75,3,4,12,0,2.60,19,4,+15,+2.72,+1.31,8.3,5.5,+2.8,+0.51,-0.44,Éder Militão,DF
2024-2025,26,Real Madrid,es ESP,1. La Liga,1st,12,938,78,54.9,10.4,11,83,9,1,20,0,2.25,20,9,+11,+1.06,-0.46,18.6,11.0,+7.6,+0.73,-0.29,Éder Militão,DF
2014-2015,19,Le Havre,fr FRA,2. Ligue 2,7th,1,90,90,2.6,1.0,1,,,0,,4,,,,,,,,,,,,Ferland Mendy,DF
2015-2016,20,Le Havre,fr FRA,2. Ligue 2,4th,11,712,65,20.8,7.9,8,,7,3,,4,1.64,10,7,+3,+0.38,-0.02,,,,,,Ferland Mendy,DF
2016-2017,21,Le Havre,fr FRA,2. Ligue 2,8th,35,3105,89,90.8,34.5,34,,34,1,,0,1.49,36,28,+8,+0.23,+0.23,,,,,,Ferland Mendy,DF
2017-2018,22,Lyon,fr FRA,1. Ligue 1,3rd,27,2122,79,62.0,23.6,24,87,21,3,10,5,1.81,48,33,+15,+0.64,-1.37,39.3,24.6,+14.7,+0.62,+0.03,Ferland Mendy,DF
2018-2019,23,Lyon,fr FRA,1. Ligue 1,3rd,30,2531,84,74.0,28.1,27,89,26,3,40,1,1.87,52,34,+18,+0.64,+0.13,51.5,33.4,+18.1,+0.64,-0.54,Ferland Mendy,DF
2019-2020,24,Real Madrid,es ESP,1. La Liga,1st,25,1809,72,52.9,20.1,19,90,18,6,18,6,2.40,35,11,+24,+1.19,+0.02,34.0,16.9,+17.1,+0.85,-0.12,Ferland Mendy,DF
2020-2021,25,Real Madrid,es ESP,1. La Liga,2nd,26,2208,85,64.6,24.5,24,89,23,2,31,4,2.38,47,16,+31,+1.26,+0.67,42.4,21.0,+21.4,+0.87,+0.69,Ferland Mendy,DF
2021-2022,26,Real Madrid,es ESP,1. La Liga,1st,22,1734,79,50.7,19.3,20,84,14,2,24,2,2.36,41,12,+29,+1.51,+0.44,38.3,20.0,+18.3,+0.95,+0.45,Ferland Mendy,DF
2022-2023,27,Real Madrid,es ESP,1. La Liga,2nd,18,1351,75,39.5,15.0,17,78,6,1,29,5,2.11,26,17,+9,+0.60,-0.71,26.7,17.0,+9.6,+0.64,-0.53,Ferland Mendy,DF
2023-2024,28,Real Madrid,es ESP,1. La Liga,1st,23,1720,75,50.3,19.1,21,80,12,2,18,5,2.43,44,9,+35,+1.83,+0.45,34.7,16.3,+18.4,+0.97,+0.18,Ferland Mendy,DF
2024-2025,29,Real Madrid,es ESP,1. La Liga,1st,12,831,69,48.6,9.2,10,79,4,2,21,5,2.00,13,11,+2,+0.22,-2.04,11.8,11.4,+0.3,+0.04,-1.60,Ferland Mendy,DF
2020-2021,20,Rayo Vallecano,es ESP,2. La Liga 2,6th,37,3286,89,86.9,36.5,37,89,35,0,,0,1.68,48,36,+12,+0.33,+0.33,48.5,33.6,+14.9,+0.41,-0.18,Fran Garcia,DF
2021-2022,21,Rayo Vallecano,es ESP,1. La Liga,12th,34,3025,89,88.5,33.6,34,89,32,0,,2,1.21,36,40,-4,-0.12,+1.48,37.7,42.7,-5.0,-0.15,-0.01,Fran Garcia,DF
2022-2023,22,Rayo Vallecano,es ESP,1. La Liga,11th,38,3407,90,99.6,37.9,38,90,36,0,,0,1.29,45,53,-8,-0.21,-0.21,43.4,50.2,-6.8,-0.18,-2.66,Fran Garcia,DF
2023-2024,23,Real Madrid,es ESP,1. La Liga,1st,25,1398,56,40.9,15.5,15,81,9,10,19,13,2.48,34,15,+19,+1.22,-0.65,26.1,15.3,+10.8,+0.69,-0.31,Fran Garcia,DF
2024-2025,24,Real Madrid,es ESP,1. La Liga,1st,14,767,55,44.9,8.5,8,85,6,6,15,5,2.14,24,7,+17,+1.99,+1.33,20.6,6.9,+13.7,+1.61,+1.36,Fran Garcia,DF
2007-2008,21,Dinamo Zagreb,hr CRO,1. 1. HNL,1st,25,1973,79,66.4,21.9,25,,,0,,,,,,,,,,,,,,Luka Modrić,MF
2008-2009,22,Tottenham,eng ENG,1. Premier League,8th,34,2776,82,81.2,30.8,34,,22,0,,,,,,,,,,,,,,Luka Modrić,MF
2009-2010,23,Tottenham,eng ENG,1. Premier League,4th,25,1910,76,55.8,21.2,21,,14,4,,,,,,,,,,,,,,Luka Modrić,MF
2010-2011,24,Tottenham,eng ENG,1. Premier League,5th,32,2793,87,81.7,31.0,32,,27,0,,,,,,,,,,,,,,Luka Modrić,MF
2011-2012,25,Tottenham,eng ENG,1. Premier League,4th,36,3214,89,94.0,35.7,36,,34,0,,,,,,,,,,,,,,Luka Modrić,MF
2012-2013,26,Real Madrid,es ESP,1. La Liga,2nd,33,2179,66,63.7,24.2,25,,17,8,,,,,,,,,,,,,,Luka Modrić,MF
2013-2014,27,Real Madrid,es ESP,1. La Liga,3rd,34,2639,78,77.2,29.3,29,,21,5,,,,,,,,,,,,,,Luka Modrić,MF
2014-2015,28,Real Madrid,es ESP,1. La Liga,2nd,16,1290,81,37.7,14.3,16,,7,0,,1,2.44,48,11,+37,+2.58,+0.76,,,,,,Luka Modrić,MF
2015-2016,29,Real Madrid,es ESP,1. La Liga,2nd,32,2619,82,76.6,29.1,31,84,20,1,28,1,2.25,77,25,+52,+1.79,-0.91,,,,,,Luka Modrić,MF
2016-2017,30,Real Madrid,es ESP,1. La Liga,1st,25,1887,75,55.2,21.0,22,83,14,3,19,4,2.40,53,20,+33,+1.57,-0.30,,,,,,Luka Modrić,MF
2017-2018,31,Real Madrid,es ESP,1. La Liga,3rd,26,1970,76,57.6,21.9,23,83,14,3,23,5,1.85,53,19,+34,+1.55,+0.56,47.0,22.9,+24.1,+1.10,-0.02,Luka Modrić,MF
2018-2019,32,Real Madrid,es ESP,1. La Liga,3rd,34,2608,77,76.3,29.0,31,82,18,3,22,1,1.79,45,36,+9,+0.31,-0.58,45.5,36.2,+9.4,+0.32,-0.81,Luka Modrić,MF
2019-2020,33,Real Madrid,es ESP,1. La Liga,1st,31,1996,64,58.4,22.2,22,82,10,9,21,1,2.35,45,14,+31,+1.40,+0.51,39.3,19.0,+20.2,+0.91,+0.01,Luka Modrić,MF
2020-2021,34,Real Madrid,es ESP,1. La Liga,2nd,35,2733,78,79.9,30.4,32,82,18,3,32,1,2.14,50,23,+27,+0.89,-0.68,46.3,30.7,+15.7,+0.52,-0.56,Luka Modrić,MF
2021-2022,35,Real Madrid,es ESP,1. La Liga,1st,28,2032,73,59.4,22.6,25,79,6,3,22,2,2.29,47,20,+27,+1.20,-0.23,42.0,24.4,+17.6,+0.78,+0.12,Luka Modrić,MF
2022-2023,36,Real Madrid,es ESP,1. La Liga,2nd,33,1744,53,51.0,19.4,19,76,4,14,22,1,2.12,41,20,+21,+1.08,+0.12,34.1,20.4,+13.7,+0.71,-0.52,Luka Modrić,MF
2023-2024,37,Real Madrid,es ESP,1. La Liga,1st,32,1688,53,49.4,18.8,18,77,4,14,21,5,2.41,43,16,+27,+1.44,-0.33,33.2,16.7,+16.4,+0.88,-0.01,Luka Modrić,MF
2024-2025,38,Real Madrid,es ESP,1. La Liga,1st,19,841,44,49.2,9.3,7,83,3,12,22,0,2.26,24,11,+13,+1.39,+0.25,19.7,10.5,+9.3,+0.99,+0.25,Luka Modrić,MF
2012-2013,20,Leverkusen,de GER,1. Bundesliga,3rd,32,2776,87,90.7,30.8,31,,26,1,,,,,,,,,,,,,,Dani Carvajal,DF
2013-2014,21,Real Madrid,es ESP,1. La Liga,3rd,31,2238,72,65.4,24.9,25,,21,6,,,,,,,,,,,,,,Dani Carvajal,DF
2014-2015,22,Real Madrid,es ESP,1. La Liga,2nd,30,2271,76,66.4,25.2,25,,20,5,,3,2.37,70,24,+46,+1.82,-0.84,,,,,,Dani Carvajal,DF
2015-2016,23,Real Madrid,es ESP,1. La Liga,2nd,22,1632,74,47.7,18.1,19,83,13,3,21,3,2.27,55,11,+44,+2.43,+0.82,,,,,,Dani Carvajal,DF
2016-2017,24,Real Madrid,es ESP,1. La Liga,1st,23,2016,88,58.9,22.4,21,90,21,2,63,7,2.09,53,24,+29,+1.29,-1.01,,,,,,Dani Carvajal,DF
2017-2018,25,Real Madrid,es ESP,1. La Liga,3rd,25,2222,89,65.0,24.7,25,89,24,0,,1,2.00,61,30,+31,+1.26,-0.17,57.4,27.8,+29.7,+1.20,+0.26,Dani Carvajal,DF
2018-2019,26,Real Madrid,es ESP,1. La Liga,3rd,24,2107,88,61.6,23.4,23,90,23,1,36,1,1.83,38,23,+15,+0.64,+0.50,36.8,24.8,+11.9,+0.51,-0.02,Dani Carvajal,DF
2019-2020,27,Real Madrid,es ESP,1. La Liga,1st,31,2738,88,80.1,30.4,31,88,29,0,,2,2.39,59,18,+41,+1.35,+0.82,57.4,25.7,+31.6,+1.04,+0.65,Dani Carvajal,DF
2020-2021,28,Real Madrid,es ESP,1. La Liga,2nd,13,950,73,27.8,10.6,11,81,7,2,32,0,2.38,19,6,+13,+1.23,+0.28,16.5,9.2,+7.3,+0.69,+0.09,Dani Carvajal,DF
2021-2022,29,Real Madrid,es ESP,1. La Liga,1st,24,1551,65,45.4,17.2,17,81,9,7,25,4,2.46,37,13,+24,+1.39,+0.19,34.0,16.5,+17.5,+1.01,+0.52,Dani Carvajal,DF
2022-2023,30,Real Madrid,es ESP,1. La Liga,2nd,27,1784,66,52.2,19.8,20,82,8,7,20,5,1.96,38,22,+16,+0.81,-0.46,38.4,21.3,+17.1,+0.86,-0.21,Dani Carvajal,DF
2023-2024,31,Real Madrid,es ESP,1. La Liga,1st,28,2171,78,63.5,24.1,25,86,18,3,8,5,2.57,55,13,+42,+1.74,+0.37,44.7,21.7,+23.0,+0.95,+0.21,Dani Carvajal,DF
2024-2025,32,Real Madrid,es ESP,1. La Liga,1st,8,609,76,35.6,6.8,7,85,5,1,15,0,2.25,12,3,+9,+1.33,+0.10,11.3,5.3,+5.9,+0.88,+0.03,Dani Carvajal,DF
2016-2017,16,Manchester City,eng ENG,Jr. PL2 — Div. 1,2nd,19,1497,79,75.6,16.6,17,84,13,2,33,0,2.05,44,24,+20,+1.20,+1.02,,,,,,Brahim Díaz,"FW,MF"
2017-2018,17,Manchester City,eng ENG,Jr. PL2 — Div. 1,6th,13,1080,83,54.5,12.0,13,83,11,0,,0,1.38,24,21,+3,+0.25,-0.45,,,,,,Brahim Díaz,"FW,MF"
2017-2018,17,Manchester City,eng ENG,1. Premier League,1st,5,55,11,1.6,0.6,0,,0,5,,5,2.60,2,1,+1,+1.64,-0.45,1.1,0.9,+0.2,+0.30,-1.16,Brahim Díaz,"FW,MF"
2018-2019,18,Real Madrid,es ESP,1. La Liga,3rd,9,376,42,11.0,4.2,5,67,0,4,11,3,1.78,8,4,+4,+0.96,+0.57,10.4,4.7,+5.7,+1.37,+0.95,Brahim Díaz,"FW,MF"
2019-2020,19,Real Madrid,es ESP,1. La Liga,1st,6,65,11,1.9,0.7,0,,0,6,11,10,2.17,0,1,-1,-1.38,-2.62,0.4,1.3,-0.9,-1.21,-2.16,Brahim Díaz,"FW,MF"
2020-2021,20,Milan,it ITA,1. Serie A,2nd,27,1228,45,35.9,13.6,15,62,0,12,24,7,2.07,27,8,+19,+1.39,+0.82,27.2,12.1,+15.1,+1.11,+0.75,Brahim Díaz,"FW,MF"
2021-2022,21,Milan,it ITA,1. Serie A,1st,31,1855,60,54.2,20.6,25,70,2,6,16,4,2.10,34,15,+19,+0.92,-0.17,33.9,18.6,+15.3,+0.74,+0.26,Brahim Díaz,"FW,MF"
2022-2023,22,Milan,it ITA,1. Serie A,4th,33,1925,58,56.3,21.4,27,65,1,6,28,4,1.85,36,21,+15,+0.70,+0.34,34.2,19.8,+14.5,+0.68,+0.48,Brahim Díaz,"FW,MF"
2023-2024,23,Real Madrid,es ESP,1. La Liga,1st,31,1545,50,45.2,17.2,18,74,1,13,17,7,2.52,44,9,+35,+2.04,+0.79,32.2,13.8,+18.4,+1.07,+0.35,Brahim Díaz,"FW,MF"
2024-2025,24,Real Madrid,es ESP,1. La Liga,1st,14,609,44,35.6,6.8,6,67,3,8,26,0,2.14,24,8,+16,+2.36,+1.71,16.6,5.4,+11.2,+1.66,+1.23,Brahim Díaz,"FW,MF"
2020-2021,15,Fenerbahçe,tr TUR,1. Süper Lig,3rd,0,,,,,0,,,0,,2,,,,,,,,,,,,Arda Güler,"MF,FW"
2021-2022,16,Fenerbahçe,tr TUR,1. Süper Lig,2nd,12,292,24,8.5,3.2,2,69,0,10,16,6,3.00,15,1,+14,+4.32,+3.71,,,,,,Arda Güler,"MF,FW"
2022-2023,17,Fenerbahçe,tr TUR,1. Süper Lig,2nd,20,905,45,29.6,10.1,11,72,2,9,13,12,2.25,23,11,+12,+1.19,-0.18,,,,,,Arda Güler,"MF,FW"
2023-2024,18,Real Madrid,es ESP,1. La Liga,1st,10,377,38,11.0,4.2,4,78,2,6,11,11,2.60,14,5,+9,+2.15,+0.61,7.1,4.8,+2.3,+0.54,-0.38,Arda Güler,"MF,FW"
2024-2025,19,Real Madrid,es ESP,1. La Liga,1st,14,575,41,33.6,6.4,6,73,0,8,17,5,2.36,12,7,+5,+0.78,-0.72,10.8,5.5,+5.4,+0.84,-0.03,Arda Güler,"MF,FW"
2018-2019,15,Rennes,fr FRA,1. Ligue 1,10th,7,364,52,10.6,4.0,4,81,1,3,14,7,1.43,8,5,+3,+0.74,+0.74,8.1,7.1,+1.0,+0.24,+0.04,Eduardo Camavinga,"MF,DF"
2019-2020,16,Rennes,fr FRA,1. Ligue 1,3rd,25,2107,84,83.6,23.4,24,87,18,1,25,1,1.96,32,21,+11,+0.47,-0.18,31.6,26.2,+5.3,+0.23,-0.11,Eduardo Camavinga,"MF,DF"
2020-2021,17,Rennes,fr FRA,1. Ligue 1,6th,35,2402,69,70.2,26.7,28,79,10,7,29,0,1.54,36,28,+8,+0.30,-0.05,33.0,26.5,+6.5,+0.25,-0.03,Eduardo Camavinga,"MF,DF"
2021-2022,18,Rennes,fr FRA,1. Ligue 1,4th,4,143,36,4.2,1.6,1,68,0,3,25,0,1.25,2,4,-2,-1.26,-2.47,1.3,3.5,-2.2,-1.38,-1.99,Eduardo Camavinga,"MF,DF"
2021-2022,18,Real Madrid,es ESP,1. La Liga,1st,26,1236,48,36.1,13.7,13,71,6,13,24,8,2.42,33,13,+20,+1.46,+0.26,27.7,19.1,+8.6,+0.63,-0.17,Eduardo Camavinga,"MF,DF"
2022-2023,19,Real Madrid,es ESP,1. La Liga,2nd,37,2010,54,58.8,22.3,21,78,11,16,23,0,2.11,51,16,+35,+1.57,+1.31,47.6,20.8,+26.8,+1.20,+0.58,Eduardo Camavinga,"MF,DF"
2023-2024,20,Real Madrid,es ESP,1. La Liga,1st,31,1817,59,53.1,20.2,21,75,5,10,25,0,2.45,47,14,+33,+1.63,+0.06,37.7,19.7,+18.0,+0.89,+0.03,Eduardo Camavinga,"MF,DF"
2024-2025,21,Real Madrid,es ESP,1. La Liga,1st,8,520,65,30.4,5.8,6,80,3,2,21,1,2.38,15,5,+10,+1.73,+0.67,10.3,4.8,+5.6,+0.97,+0.15,Eduardo Camavinga,"MF,DF"
2013-2014,16,Betis,es ESP,1. La Liga,20th,1,11,11,0.3,0.1,0,,,1,,,,,,,,,,,,,,Dani Ceballos,MF
2014-2015,17,Betis,es ESP,2. La Liga 2,1st,33,2280,69,60.3,25.3,24,,11,9,,1,2.12,51,25,+26,+1.03,+0.61,,,,,,Dani Ceballos,MF
2015-2016,18,Betis,es ESP,1. La Liga,10th,34,2132,63,62.3,23.7,22,78,9,12,34,1,1.18,21,33,-12,-0.51,-0.09,,,,,,Dani Ceballos,MF
2016-2017,19,Betis,es ESP,1. La Liga,15th,30,2339,78,68.4,26.0,24,90,22,6,32,3,0.97,29,40,-11,-0.42,+0.58,,,,,,Dani Ceballos,MF
2017-2018,20,Real Madrid,es ESP,1. La Liga,3rd,12,401,33,11.7,4.5,4,75,1,8,13,11,2.50,7,6,+1,+0.22,-1.24,8.3,6.2,+2.2,+0.48,-0.71,Dani Ceballos,MF
2018-2019,21,Real Madrid,es ESP,1. La Liga,3rd,23,1248,54,36.5,13.9,13,76,5,10,26,10,1.91,24,13,+11,+0.79,+0.54,22.7,18.5,+4.1,+0.30,-0.34,Dani Ceballos,MF
2019-2020,22,Arsenal,eng ENG,1. Premier League,8th,24,1692,71,49.5,18.8,18,80,6,6,42,4,1.75,29,21,+8,+0.43,+0.43,21.6,27.4,-5.7,-0.30,-0.17,Dani Ceballos,MF
2020-2021,23,Arsenal,eng ENG,1. Premier League,8th,25,1615,65,47.2,17.9,17,84,11,8,24,10,1.28,23,17,+6,+0.33,-0.16,24.5,18.5,+6.0,+0.34,+0.20,Dani Ceballos,MF
2021-2022,24,Real Madrid,es ESP,1. La Liga,1st,11,276,25,8.1,3.1,2,80,1,9,13,6,2.64,8,2,+6,+1.96,+0.73,8.0,4.7,+3.3,+1.08,+0.38,Dani Ceballos,MF
2022-2023,25,Real Madrid,es ESP,1. La Liga,2nd,30,1564,52,45.7,17.4,19,74,5,11,15,3,2.17,26,14,+12,+0.69,-0.62,30.8,16.6,+14.1,+0.81,-0.28,Dani Ceballos,MF
2023-2024,26,Real Madrid,es ESP,1. La Liga,1st,20,598,30,17.5,6.6,5,79,3,15,14,9,2.60,16,6,+10,+1.51,-0.12,11.4,7.1,+4.3,+0.65,-0.27,Dani Ceballos,MF
2024-2025,27,Real Madrid,es ESP,1. La Liga,1st,10,507,51,29.6,5.6,6,75,2,4,14,5,2.50,12,3,+9,+1.60,+0.48,10.5,5.4,+5.0,+0.89,+0.05,Dani Ceballos,MF
2024-2025,21,Real Madrid,es ESP,1. La Liga,1st,7,356,51,20.8,4.0,3,90,3,4,22,1,2.57,10,3,7,1.77,0.64,9.9,2.7,7.2,1.8,1.19,Raúl Asencio,DF
2016-2017,17,FC Dnipro,ua UKR,1. Premier League,11th,21,1890,90,65.6,21.0,21,,21,0,,0,1.27,22,22,0,0.00,+0.55,,,,,,Andriy Lunin,GK
2017-2018,18,Zorya Luhansk,ua UKR,1. Premier League,4th,29,2610,90,90.6,29.0,29,,29,0,,3,1.38,42,41,+1,+0.03,+0.37,,,,,,Andriy Lunin,GK
2018-2019,19,Leganés,es ESP,1. La Liga,13th,5,365,73,10.7,4.0,4,90,4,1,4,25,0.80,2,5,-3,-0.74,-0.65,3.1,6.0,-2.8,-0.69,-0.76,Andriy Lunin,GK
2019-2020,20,Valladolid,es ESP,1. La Liga,13th,0,,,,,0,,0,0,,19,,,,,,,,,,,,Andriy Lunin,GK
2019-2020,20,Oviedo,es ESP,2. La Liga 2,15th,20,1800,90,47.6,20.0,20,90,20,0,,0,1.50,22,20,+2,+0.10,+0.37,22.1,21.8,+0.3,+0.02,+0.08,Andriy Lunin,GK
2020-2021,21,Real Madrid,es ESP,1. La Liga,2nd,0,,,,,0,,0,0,,38,,,,,,,,,,,,Andriy Lunin,GK
2021-2022,22,Real Madrid,es ESP,1. La Liga,1st,2,180,90,5.3,2.0,2,90,2,0,,32,0.50,1,2,-1,-0.50,-1.89,2.6,5.0,-2.4,-1.18,-2.01,Andriy Lunin,GK
2022-2023,23,Real Madrid,es ESP,1. La Liga,2nd,7,630,90,18.4,7.0,7,90,7,0,,30,1.86,14,7,+7,+1.00,-0.03,14.0,6.7,+7.4,+1.05,+0.11,Andriy Lunin,GK
2023-2024,24,Real Madrid,es ESP,1. La Liga,1st,21,1890,90,55.3,21.0,21,90,21,0,,17,2.52,52,17,+35,+1.67,+0.14,39.1,18.9,+20.2,+0.96,+0.19,Andriy Lunin,GK
2024-2025,25,Real Madrid,es ESP,1. La Liga,1st,3,270,90,15.8,3.0,3,90,3,0,,16,2.00,6,4,+2,+0.67,-0.71,5.0,3.7,+1.3,+0.42,-0.52,Andriy Lunin,GK
2024-2025,18,Real Madrid,es ESP,1. La Liga,1st,12,91,8,5.3,1.0,0,,0,12,8,7,2.25,3,3,0,0.00,-1.33,2.0,1.5,+0.4,+0.40,-0.49,Endrick,FW
2014-2015,17,Zaragoza,es ESP,2. La Liga 2,6th,29,2315,80,61.2,25.7,25,,21,4,,3,1.47,36,29,+7,+0.27,+0.52,,,,,,Jesús Vallejo,DF
2015-2016,18,Zaragoza,es ESP,2. La Liga 2,8th,20,1683,84,44.5,18.7,19,,17,1,,3,1.60,22,17,+5,+0.27,+0.22,,,,,,Jesús Vallejo,DF
2016-2017,19,Eint Frankfurt,de GER,1. Bundesliga,11th,25,2057,82,67.2,22.9,22,,21,3,,0,1.48,27,23,+4,+0.18,+1.16,,,,,,Jesús Vallejo,DF
2017-2018,20,Real Madrid,es ESP,1. La Liga,3rd,7,630,90,18.4,7.0,7,90,7,0,,9,2.57,20,7,+13,+1.86,+0.66,19.0,8.0,+10.9,+1.56,+0.55,Jesús Vallejo,DF
2018-2019,21,Real Madrid,es ESP,1. La Liga,3rd,5,311,62,9.1,3.5,4,77,3,1,2,9,1.80,7,4,+3,+0.87,+0.46,6.0,4.1,+1.9,+0.55,+0.04,Jesús Vallejo,DF
2019-2020,22,Wolves,eng ENG,1. Premier League,7th,2,163,82,4.8,1.8,1,90,1,1,73,10,0.50,3,6,-3,-1.66,-2.04,2.6,4.0,-1.4,-0.80,-1.28,Jesús Vallejo,DF
2019-2020,22,Granada,es ESP,1. La Liga,7th,11,629,57,18.4,7.0,7,87,6,4,6,4,1.55,10,6,+4,+0.57,+0.48,6.8,8.4,-1.6,-0.23,-0.35,Jesús Vallejo,DF
2020-2021,23,Granada,es ESP,1. La Liga,9th,21,1348,64,39.4,15.0,15,82,10,6,19,4,1.29,16,23,-7,-0.47,+0.01,16.3,23.7,-7.4,-0.49,-0.16,Jesús Vallejo,DF
2021-2022,24,Real Madrid,es ESP,1. La Liga,1st,5,341,68,10.0,3.8,4,83,3,1,8,26,2.00,11,2,+9,+2.38,+1.21,7.7,7.0,+0.6,+0.17,-0.62,Jesús Vallejo,DF
2022-2023,25,Real Madrid,es ESP,1. La Liga,2nd,1,22,22,0.6,0.2,0,,0,1,22,35,3.00,2,0,+2,+8.18,+7.20,1.2,0.1,+1.1,+4.47,+3.53,Jesús Vallejo,DF
2023-2024,26,Granada,es ESP,1. La Liga,20th,3,108,36,3.2,1.2,1,90,1,2,9,1,1.33,1,4,-3,-2.50,-1.47,1.6,3.2,-1.6,-1.31,-0.77,Jesús Vallejo,DF
2024-2025,27,Real Madrid,es ESP,1. La Liga,1st,1,11,11,0.6,0.1,0,,0,1,11,15,3.00,0,2,-2,-16.36,-17.74,0.1,0.4,-0.4,-3.03,-3.92,Jesús Vallejo,DF
2024-2025,17,Real Madrid,es ESP,1. La Liga,1st,1,2,2,0.1,0.0,0,,0,1,2,0,3.0,0,0,0,0.0,-1.26,0.0,0.0,0.0,0.0,-0.86,Daniel Yáñez,FW
2023-2024,19,Real Madrid,es ESP,1. La Liga,1st,2,19.0,10.0,0.6,0.2,0,,0,2,10.0,4,3.0,0.0,0.0,0.0,0.0,-1.61,0.3,0.3,0.0,-0.13,-1.02,Gonzalo García,MF
2024-2025,20,Real Madrid,es ESP,1. La Liga,1st,0,,,,,0,,0,0,,1,,,,,,,,,,,,Gonzalo García,MF
