Season,Age,Squad,Country,Comp,LgRank,90s,SCA,SCA90,PassLive,PassDead,TO,Sh,Fld,Def,GCA,GCA90,PassLive,PassDead,TO,Sh,Fld,Def,Matches,Player
2011-2012,20,Real Sociedad,es ESP,1. La Liga,12th,24.4,,,,,,,,,,,,,,,,,Matches,Iñigo Martínez
2012-2013,21,Real Sociedad,es ESP,1. La Liga,4th,34.0,,,,,,,,,,,,,,,,,Matches,Iñigo Martínez
2013-2014,22,Real Sociedad,es ESP,1. La Liga,7th,34.7,,,,,,,,,,,,,,,,,Matches,Iñigo Martínez
2014-2015,23,Real Sociedad,es ESP,1. La Liga,12th,33.6,,,,,,,,,,,,,,,,,Matches,Iñigo Martínez
2015-2016,24,Real Sociedad,es ESP,1. La Liga,9th,30.0,,,,,,,,,,,,,,,,,Matches,Iñigo Martínez
2016-2017,25,Real Sociedad,es ESP,1. La Liga,6th,33.3,,,,,,,,,,,,,,,,,Matches,Iñigo Martínez
2017-2018,26,Real Sociedad,es ESP,1. La Liga,12th,11.7,18,1.54,13,2,0,1,2,0,1,0.09,1,0,0,0,0,0,Matches,Iñigo Martínez
2017-2018,26,Athletic Club,es ESP,1. La Liga,16th,16.0,9,0.56,6,1,0,1,1,0,1,0.06,0,0,0,1,0,0,Matches,Iñigo Martínez
2018-2019,27,Athletic Club,es ESP,1. La Liga,8th,32.2,15,0.47,10,0,0,1,3,1,1,0.03,0,0,0,0,1,0,Matches,Iñigo Martínez
2019-2020,28,Athletic Club,es ESP,1. La Liga,11th,33.0,32,0.97,20,4,1,3,3,1,3,0.09,0,2,0,0,1,0,Matches,Iñigo Martínez
2020-2021,29,Athletic Club,es ESP,1. La Liga,10th,28.0,20,0.71,16,0,1,3,0,0,0,0.00,0,0,0,0,0,0,Matches,Iñigo Martínez
2021-2022,30,Athletic Club,es ESP,1. La Liga,8th,26.0,19,0.73,14,0,1,3,0,1,1,0.04,1,0,0,0,0,0,Matches,Iñigo Martínez
2022-2023,31,Athletic Club,es ESP,1. La Liga,8th,14.9,13,0.87,10,0,0,3,0,0,1,0.07,1,0,0,0,0,0,Matches,Iñigo Martínez
2023-2024,32,Barcelona,es ESP,1. La Liga,2nd,14.4,14,0.97,13,0,0,1,0,0,3,0.21,3,0,0,0,0,0,Matches,Iñigo Martínez
2024-2025,33,Barcelona,es ESP,1. La Liga,1st,15.8,26,1.65,21,1,0,3,1,0,4,0.25,3,1,0,0,0,0,Matches,Iñigo Martínez
14 Seasons,14 Seasons,3 Clubs,,1 League,,382.0,166,0.86,123,8,3,19,10,3,15,0.08,9,3,0,1,2,0,,Iñigo Martínez
,,,Country,Comp,LgRank,90s,SCA,SCA90,PassLive,PassDead,TO,Sh,Fld,Def,GCA,GCA90,PassLive,PassDead,TO,Sh,Fld,Def,Matches,Iñigo Martínez
Real Sociedad (7 Seasons),Real Sociedad (7 Seasons),Real Sociedad (7 Seasons),,1 League,,201.8,18,1.54,13,2,0,1,2,0,1,0.09,1,0,0,0,0,0,,Iñigo Martínez
Athletic Club (6 Seasons),Athletic Club (6 Seasons),Athletic Club (6 Seasons),,1 League,,150.1,108,0.72,76,5,3,14,7,3,7,0.05,2,2,0,1,2,0,,Iñigo Martínez
Barcelona (2 Seasons),Barcelona (2 Seasons),Barcelona (2 Seasons),,1 League,,30.2,40,1.33,34,1,0,4,1,0,7,0.23,6,1,0,0,0,0,,Iñigo Martínez
2015-2016,18,Vitória,pt POR,1. Primeira Liga,10th,0.2,,,,,,,,,,,,,,,,,Matches,Raphinha
2016-2017,19,Vitória,pt POR,1. Primeira Liga,4th,18.8,,,,,,,,,,,,,,,,,Matches,Raphinha
2017-2018,20,Vitória,pt POR,1. Primeira Liga,9th,30.9,,,,,,,,,,,,,,,,,Matches,Raphinha
2018-2019,21,Sporting CP,pt POR,1. Primeira Liga,3rd,16.8,80,4.77,43,2,9,12,13,1,5,0.30,1,0,1,1,2,0,Matches,Raphinha
2019-2020,22,Sporting CP,pt POR,1. Primeira Liga,4th,4.0,10,2.50,6,1,1,2,0,0,1,0.25,0,0,1,0,0,0,Matches,Raphinha
2019-2020,22,Rennes,fr FRA,1. Ligue 1,3rd,18.8,90,4.79,50,15,13,4,6,2,5,0.27,5,0,0,0,0,0,Matches,Raphinha
2020-2021,23,Rennes,fr FRA,1. Ligue 1,6th,4.5,25,5.57,12,3,3,1,5,1,7,1.56,4,0,1,0,1,1,Matches,Raphinha
2020-2021,23,Leeds United,eng ENG,Jr. PL2 — Div. 2,1st,1.0,,,,,,,,,,,,,,,,,Matches,Raphinha
2020-2021,23,Leeds United,eng ENG,1. Premier League,9th,26.2,120,4.58,68,26,14,7,4,1,15,0.57,8,3,2,2,0,0,Matches,Raphinha
2021-2022,24,Leeds United,eng ENG,1. Premier League,17th,32.4,136,4.20,77,25,15,9,8,2,10,0.31,5,0,2,0,2,1,Matches,Raphinha
2022-2023,25,Barcelona,es ESP,1. La Liga,1st,23.0,117,5.08,77,22,4,9,4,1,15,0.65,13,0,1,1,0,0,Matches,Raphinha
2023-2024,26,Barcelona,es ESP,1. La Liga,2nd,15.2,89,5.86,47,20,6,8,7,1,13,0.86,9,3,0,1,0,0,Matches,Raphinha
2024-2025,27,Barcelona,es ESP,1. La Liga,1st,15.6,92,5.89,55,21,5,7,3,1,15,0.96,7,2,2,1,2,1,Matches,Raphinha
10 Seasons,10 Seasons,6 Clubs,,5 Leagues,,206.5,759,4.85,435,135,70,59,50,10,86,0.55,52,8,10,6,7,3,,Raphinha
,,,Country,Comp,LgRank,90s,SCA,SCA90,PassLive,PassDead,TO,Sh,Fld,Def,GCA,GCA90,PassLive,PassDead,TO,Sh,Fld,Def,Matches,Raphinha
Barcelona (3 Seasons),Barcelona (3 Seasons),Barcelona (3 Seasons),,1 League,,53.8,298,5.53,179,63,15,24,14,3,43,0.80,29,5,3,3,2,1,,Raphinha
Vitória (3 Seasons),Vitória (3 Seasons),Vitória (3 Seasons),,1 League,,50.0,,,,,,,,,,,,,,,,,,Raphinha
Leeds United (2 Seasons),Leeds United (2 Seasons),Leeds United (2 Seasons),,1 League,,58.6,256,4.37,145,51,29,16,12,3,25,0.43,13,3,4,2,2,1,,Raphinha
Sporting CP (2 Seasons),Sporting CP (2 Seasons),Sporting CP (2 Seasons),,1 League,,20.8,90,4.33,49,3,10,14,13,1,6,0.29,1,0,2,1,2,0,,Raphinha
Rennes (2 Seasons),Rennes (2 Seasons),Rennes (2 Seasons),,1 League,,23.3,115,4.94,62,18,16,5,11,3,12,0.52,9,0,1,0,1,1,,Raphinha
Leeds United (1 Season),Leeds United (1 Season),Leeds United (1 Season),,1 League,,1.0,,,,,,,,,,,,,,,,,,Raphinha
Avaí (1 Season),Avaí (1 Season),Avaí (1 Season),,1 League,,,,,,,,,,,,,,,,,,,,Raphinha
,,,,,,,,,,,,,,,,,,,,,,,,Raphinha
Primeira Liga (5 Seasons),Primeira Liga (5 Seasons),Primeira Liga (5 Seasons),,,,70.8,90,4.33,49,3,10,14,13,1,6,0.29,1,0,2,1,2,0,,Raphinha
La Liga (3 Seasons),La Liga (3 Seasons),La Liga (3 Seasons),,,,53.8,298,5.53,179,63,15,24,14,3,43,0.80,29,5,3,3,2,1,,Raphinha
Premier League (2 Seasons),Premier League (2 Seasons),Premier League (2 Seasons),,,,58.6,256,4.37,145,51,29,16,12,3,25,0.43,13,3,4,2,2,1,,Raphinha
Ligue 1 (2 Seasons),Ligue 1 (2 Seasons),Ligue 1 (2 Seasons),,,,23.3,115,4.94,62,18,16,5,11,3,12,0.52,9,0,1,0,1,1,,Raphinha
PL2 — Div. 2 (1 Season),PL2 — Div. 2 (1 Season),PL2 — Div. 2 (1 Season),,,,1.0,,,,,,,,,,,,,,,,,,Raphinha
Série A (1 Season),Série A (1 Season),Série A (1 Season),,,,,,,,,,,,,,,,,,,,,,Raphinha
2023-2024,16,Barcelona,es ESP,1. La Liga,2nd,17.3,17,0.98,17,0,0,0,0,0,1,0.06,1,0,0,0,0,0,Matches,Pau Cubarsí
2024-2025,17,Barcelona,es ESP,1. La Liga,1st,15.3,21,1.37,20,0,0,1,0,0,4,0.26,3,0,0,1,0,0,Matches,Pau Cubarsí
2 Seasons,2 Seasons,1 Club,,1 League,,32.7,38,1.16,37,0,0,1,0,0,5,0.15,4,0,0,1,0,0,,Pau Cubarsí
2008-2009,19,Lech Poznań,pl POL,1. Ekstraklasa,3rd,27.0,,,,,,,,,,,,,,,,,Matches,Robert Lewandowski
2009-2010,20,Lech Poznań,pl POL,1. Ekstraklasa,1st,27.9,,,,,,,,,,,,,,,,,Matches,Robert Lewandowski
2010-2011,21,Dortmund,de GER,1. Bundesliga,1st,17.7,,,,,,,,,,,,,,,,,Matches,Robert Lewandowski
2011-2012,22,Dortmund,de GER,1. Bundesliga,1st,31.9,,,,,,,,,,,,,,,,,Matches,Robert Lewandowski
2012-2013,23,Dortmund,de GER,1. Bundesliga,2nd,28.8,,,,,,,,,,,,,,,,,Matches,Robert Lewandowski
2013-2014,24,Dortmund,de GER,1. Bundesliga,2nd,31.1,,,,,,,,,,,,,,,,,Matches,Robert Lewandowski
2014-2015,25,Bayern Munich,de GER,1. Bundesliga,1st,27.6,,,,,,,,,,,,,,,,,Matches,Robert Lewandowski
2015-2016,26,Bayern Munich,de GER,1. Bundesliga,1st,29.5,,,,,,,,,,,,,,,,,Matches,Robert Lewandowski
2016-2017,27,Bayern Munich,de GER,1. Bundesliga,1st,30.8,,,,,,,,,,,,,,,,,Matches,Robert Lewandowski
2017-2018,28,Bayern Munich,de GER,1. Bundesliga,1st,24.1,71,2.94,44,1,7,11,8,0,11,0.46,6,0,3,0,2,0,Matches,Robert Lewandowski
2018-2019,29,Bayern Munich,de GER,1. Bundesliga,1st,32.9,134,4.08,80,0,13,25,13,3,25,0.76,11,0,5,7,0,2,Matches,Robert Lewandowski
2019-2020,30,Bayern Munich,de GER,1. Bundesliga,1st,30.7,106,3.46,68,1,17,11,9,0,14,0.46,8,0,4,0,2,0,Matches,Robert Lewandowski
2020-2021,31,Bayern Munich,de GER,1. Bundesliga,1st,27.3,82,3.00,56,1,4,14,6,1,17,0.62,12,0,2,1,2,0,Matches,Robert Lewandowski
2021-2022,32,Bayern Munich,de GER,1. Bundesliga,1st,32.7,109,3.33,63,1,18,16,10,1,15,0.46,8,0,3,3,1,0,Matches,Robert Lewandowski
2022-2023,33,Barcelona,es ESP,1. La Liga,1st,31.6,91,2.88,68,1,6,12,4,0,16,0.51,10,0,1,5,0,0,Matches,Robert Lewandowski
2023-2024,34,Barcelona,es ESP,1. La Liga,2nd,30.6,63,2.06,42,1,4,10,6,0,12,0.39,10,0,0,0,2,0,Matches,Robert Lewandowski
2024-2025,35,Barcelona,es ESP,1. La Liga,1st,14.7,33,2.25,22,0,4,4,3,0,1,0.07,1,0,0,0,0,0,Matches,Robert Lewandowski
17 Seasons,17 Seasons,4 Clubs,,3 Leagues,,476.8,689,3.07,443,6,73,103,59,5,111,0.49,66,0,18,16,9,2,,Robert Lewandowski
,,,Country,Comp,LgRank,90s,SCA,SCA90,PassLive,PassDead,TO,Sh,Fld,Def,GCA,GCA90,PassLive,PassDead,TO,Sh,Fld,Def,Matches,Robert Lewandowski
Bayern Munich (8 Seasons),Bayern Munich (8 Seasons),Bayern Munich (8 Seasons),,1 League,,235.6,502,3.40,311,4,59,77,46,5,82,0.56,45,0,17,11,7,2,,Robert Lewandowski
Dortmund (4 Seasons),Dortmund (4 Seasons),Dortmund (4 Seasons),,1 League,,109.5,,,,,,,,,,,,,,,,,,Robert Lewandowski
Barcelona (3 Seasons),Barcelona (3 Seasons),Barcelona (3 Seasons),,1 League,,76.9,187,2.43,132,2,14,26,13,0,29,0.38,21,0,1,5,2,0,,Robert Lewandowski
Lech Poznań (2 Seasons),Lech Poznań (2 Seasons),Lech Poznań (2 Seasons),,1 League,,54.9,,,,,,,,,,,,,,,,,,Robert Lewandowski
,,,,,,,,,,,,,,,,,,,,,,,,Robert Lewandowski
Bundesliga (12 Seasons),Bundesliga (12 Seasons),Bundesliga (12 Seasons),,,,345.0,502,3.40,311,4,59,77,46,5,82,0.56,45,0,17,11,7,2,,Robert Lewandowski
La Liga (3 Seasons),La Liga (3 Seasons),La Liga (3 Seasons),,,,76.9,187,2.43,132,2,14,26,13,0,29,0.38,21,0,1,5,2,0,,Robert Lewandowski
Ekstraklasa (2 Seasons),Ekstraklasa (2 Seasons),Ekstraklasa (2 Seasons),,,,54.9,,,,,,,,,,,,,,,,,,Robert Lewandowski
2017-2018,18,Bordeaux,fr FRA,1. Ligue 1,6th,17.7,14,0.79,13,0,0,1,0,0,2,0.11,2,0,0,0,0,0,Matches,Jules Koundé
2018-2019,19,Bordeaux,fr FRA,1. Ligue 1,14th,37.0,28,0.76,24,1,0,3,0,0,2,0.05,1,1,0,0,0,0,Matches,Jules Koundé
2019-2020,20,Sevilla,es ESP,1. La Liga,4th,25.7,21,0.82,14,2,3,1,0,1,5,0.19,3,0,1,1,0,0,Matches,Jules Koundé
2020-2021,21,Sevilla,es ESP,1. La Liga,4th,33.1,33,1.00,29,0,1,3,0,0,5,0.15,4,0,0,1,0,0,Matches,Jules Koundé
2021-2022,22,Sevilla,es ESP,1. La Liga,4th,30.4,43,1.41,35,0,4,2,2,0,3,0.10,2,0,1,0,0,0,Matches,Jules Koundé
2022-2023,23,Barcelona,es ESP,1. La Liga,1st,27.0,41,1.52,39,1,0,1,0,0,7,0.26,7,0,0,0,0,0,Matches,Jules Koundé
2023-2024,24,Barcelona,es ESP,1. La Liga,2nd,32.2,62,1.92,55,2,0,4,1,0,9,0.28,9,0,0,0,0,0,Matches,Jules Koundé
2024-2025,25,Barcelona,es ESP,1. La Liga,1st,14.9,23,1.54,22,0,1,0,0,0,4,0.27,4,0,0,0,0,0,Matches,Jules Koundé
8 Seasons,8 Seasons,3 Clubs,,2 Leagues,,217.9,265,1.22,231,6,9,15,3,1,37,0.17,32,1,2,2,0,0,,Jules Koundé
,,,Country,Comp,LgRank,90s,SCA,SCA90,PassLive,PassDead,TO,Sh,Fld,Def,GCA,GCA90,PassLive,PassDead,TO,Sh,Fld,Def,Matches,Jules Koundé
Sevilla (3 Seasons),Sevilla (3 Seasons),Sevilla (3 Seasons),,1 League,,89.1,97,1.09,78,2,8,6,2,1,13,0.15,9,0,2,2,0,0,,Jules Koundé
Barcelona (3 Seasons),Barcelona (3 Seasons),Barcelona (3 Seasons),,1 League,,74.1,126,1.70,116,3,1,5,1,0,20,0.27,20,0,0,0,0,0,,Jules Koundé
Bordeaux (2 Seasons),Bordeaux (2 Seasons),Bordeaux (2 Seasons),,1 League,,54.7,42,0.77,37,1,0,4,0,0,4,0.07,3,1,0,0,0,0,,Jules Koundé
,,,,,,,,,,,,,,,,,,,,,,,,Jules Koundé
La Liga (6 Seasons),La Liga (6 Seasons),La Liga (6 Seasons),,,,163.2,223,1.37,194,5,9,11,3,1,33,0.20,29,0,2,2,0,0,,Jules Koundé
Ligue 1 (2 Seasons),Ligue 1 (2 Seasons),Ligue 1 (2 Seasons),,,,54.7,42,0.77,37,1,0,4,0,0,4,0.07,3,1,0,0,0,0,,Jules Koundé
2019-2020,16,Las Palmas,es ESP,2. La Liga 2,9th,31.4,116,3.70,94,5,8,2,5,2,10,0.32,9,0,1,0,0,0,Matches,Pedri
2020-2021,17,Barcelona,es ESP,1. La Liga,3rd,26.8,87,3.24,72,4,5,2,4,0,12,0.45,8,0,0,1,3,0,Matches,Pedri
2021-2022,18,Barcelona,es ESP,1. La Liga,2nd,9.8,46,4.67,33,7,1,2,3,0,6,0.61,4,0,0,1,1,0,Matches,Pedri
2022-2023,19,Barcelona,es ESP,1. La Liga,1st,22.0,87,3.96,74,6,1,2,3,1,11,0.50,11,0,0,0,0,0,Matches,Pedri
2023-2024,20,Barcelona,es ESP,1. La Liga,2nd,16.4,69,4.21,63,1,1,1,3,0,6,0.37,6,0,0,0,0,0,Matches,Pedri
2024-2025,21,Barcelona,es ESP,1. La Liga,1st,13.8,53,3.83,49,2,0,1,1,0,7,0.51,7,0,0,0,0,0,Matches,Pedri
6 Seasons,6 Seasons,2 Clubs,,2 Leagues,,120.2,458,3.81,385,25,16,10,19,3,52,0.43,45,0,1,2,4,0,,Pedri
,,,Country,Comp,LgRank,90s,SCA,SCA90,PassLive,PassDead,TO,Sh,Fld,Def,GCA,GCA90,PassLive,PassDead,TO,Sh,Fld,Def,Matches,Pedri
Barcelona (5 Seasons),Barcelona (5 Seasons),Barcelona (5 Seasons),,1 League,,88.9,342,3.85,291,20,8,8,14,1,42,0.47,36,0,0,2,4,0,,Pedri
Las Palmas (1 Season),Las Palmas (1 Season),Las Palmas (1 Season),,1 League,,31.4,116,3.70,94,5,8,2,5,2,10,0.32,9,0,1,0,0,0,,Pedri
,,,,,,,,,,,,,,,,,,,,,,,,Pedri
La Liga (5 Seasons),La Liga (5 Seasons),La Liga (5 Seasons),,,,88.9,342,3.85,291,20,8,8,14,1,42,0.47,36,0,0,2,4,0,,Pedri
La Liga 2 (1 Season),La Liga 2 (1 Season),La Liga 2 (1 Season),,,,31.4,116,3.70,94,5,8,2,5,2,10,0.32,9,0,1,0,0,0,,Pedri
2022-2023,15,Barcelona,es ESP,1. La Liga,1st,0.1,0,0.0,0,0,0,0,0,0,0,0.0,0,0,0,0,0,0,Matches,Lamine Yamal
2023-2024,16,Barcelona,es ESP,1. La Liga,2nd,24.5,108,4.41,64,5,17,9,8,5,18,0.74,12,0,2,1,2,1,Matches,Lamine Yamal
2024-2025,17,Barcelona,es ESP,1. La Liga,1st,13.3,77,5.77,49,1,11,7,7,2,18,1.35,12,0,3,1,2,0,Matches,Lamine Yamal
3 Seasons,3 Seasons,1 Club,,1 League,,37.9,185,4.88,113,6,28,16,15,7,36,0.95,24,0,5,2,4,1,,Lamine Yamal
2021-2022,17,Barcelona,es ESP,1. La Liga,2nd,2.1,3,1.44,2,0,0,0,1,0,0,0.0,0,0,0,0,0,0,Matches,Alejandro Balde
2022-2023,18,Barcelona,es ESP,1. La Liga,1st,27.5,66,2.4,50,0,8,2,5,1,8,0.29,8,0,0,0,0,0,Matches,Alejandro Balde
2023-2024,19,Barcelona,es ESP,1. La Liga,2nd,15.3,29,1.9,26,0,2,0,1,0,4,0.26,4,0,0,0,0,0,Matches,Alejandro Balde
2024-2025,20,Barcelona,es ESP,1. La Liga,1st,12.3,36,2.92,24,3,1,1,7,0,6,0.49,4,0,0,0,2,0,Matches,Alejandro Balde
4 Seasons,4 Seasons,1 Club,,1 League,,57.2,134,2.34,102,3,11,3,14,1,18,0.31,16,0,0,0,2,0,,Alejandro Balde
2023-2024,19,Barcelona,es ESP,1. La Liga,2nd,0.2,1,6.0,0,0,0,0,1,0,0,0.0,0,0,0,0,0,0,Matches,Marc Casado
2024-2025,20,Barcelona,es ESP,1. La Liga,1st,11.4,30,2.64,26,0,0,1,1,2,6,0.53,6,0,0,0,0,0,Matches,Marc Casado
3 Seasons,3 Seasons,1 Club,,1 League,,11.5,31,2.69,26,0,0,1,2,2,6,0.52,6,0,0,0,0,0,,Marc Casado
2021-2022,22,Galatasaray,tr TUR,1. Süper Lig,13th,6.0,,,,,,,,,,,,,,,,,Matches,Iñaki Peña
2022-2023,23,Barcelona,es ESP,1. La Liga,1st,0.8,0,0.00,0,0,0,0,0,0,0,0.00,0,0,0,0,0,0,Matches,Iñaki Peña
2023-2024,24,Barcelona,es ESP,1. La Liga,2nd,10.0,0,0.00,0,0,0,0,0,0,0,0.00,0,0,0,0,0,0,Matches,Iñaki Peña
2024-2025,25,Barcelona,es ESP,1. La Liga,1st,11.5,1,0.09,1,0,0,0,0,0,1,0.09,1,0,0,0,0,0,Matches,Iñaki Peña
7 Seasons,7 Seasons,2 Clubs,,2 Leagues,,28.3,1,0.04,1,0,0,0,0,0,1,0.04,1,0,0,0,0,0,,Iñaki Peña
,,,Country,Comp,LgRank,90s,SCA,SCA90,PassLive,PassDead,TO,Sh,Fld,Def,GCA,GCA90,PassLive,PassDead,TO,Sh,Fld,Def,Matches,Iñaki Peña
Barcelona (7 Seasons),Barcelona (7 Seasons),Barcelona (7 Seasons),,1 League,,22.3,1,0.04,1,0,0,0,0,0,1,0.04,1,0,0,0,0,0,,Iñaki Peña
Galatasaray (1 Season),Galatasaray (1 Season),Galatasaray (1 Season),,1 League,,6.0,,,,,,,,,,,,,,,,,,Iñaki Peña
,,,,,,,,,,,,,,,,,,,,,,,,Iñaki Peña
La Liga (7 Seasons),La Liga (7 Seasons),La Liga (7 Seasons),,,,22.3,1,0.04,1,0,0,0,0,0,1,0.04,1,0,0,0,0,0,,Iñaki Peña
Süper Lig (1 Season),Süper Lig (1 Season),Süper Lig (1 Season),,,,6.0,,,,,,,,,,,,,,,,,,Iñaki Peña
2014-2015,16,Dinamo Zagreb,hr CRO,1. 1. HNL,1st,0.8,,,,,,,,,,,,,,,,,Matches,Dani Olmo
2015-2016,17,Dinamo Zagreb,hr CRO,1. 1. HNL,1st,0.5,,,,,,,,,,,,,,,,,Matches,Dani Olmo
2016-2017,18,Dinamo Zagreb,hr CRO,1. 1. HNL,2nd,9.3,,,,,,,,,,,,,,,,,Matches,Dani Olmo
2017-2018,19,Dinamo Zagreb,hr CRO,1. 1. HNL,1st,23.3,,,,,,,,,,,,,,,,,Matches,Dani Olmo
2018-2019,20,Dinamo Zagreb,hr CRO,1. 1. HNL,1st,17.7,,,,,,,,,,,,,,,,,Matches,Dani Olmo
2019-2020,21,Dinamo Zagreb,hr CRO,1. 1. HNL,1st,8.2,,,,,,,,,,,,,,,,,Matches,Dani Olmo
2019-2020,21,RB Leipzig,de GER,1. Bundesliga,3rd,8.3,27,3.25,22,2,0,2,1,0,1,0.12,0,1,0,0,0,0,Matches,Dani Olmo
2020-2021,22,RB Leipzig,de GER,1. Bundesliga,2nd,24.4,112,4.60,88,0,8,12,3,1,19,0.78,14,0,1,2,1,1,Matches,Dani Olmo
2021-2022,23,RB Leipzig,de GER,1. Bundesliga,4th,8.3,32,3.87,22,1,3,1,5,0,6,0.73,5,0,0,0,1,0,Matches,Dani Olmo
2022-2023,24,RB Leipzig,de GER,1. Bundesliga,3rd,14.2,64,4.50,51,3,4,4,2,0,11,0.77,5,0,2,3,1,0,Matches,Dani Olmo
2023-2024,25,RB Leipzig,de GER,1. Bundesliga,4th,16.1,61,3.79,44,0,3,9,3,2,8,0.50,8,0,0,0,0,0,Matches,Dani Olmo
2024-2025,26,Barcelona,es ESP,1. La Liga,1st,5.9,18,3.05,12,0,4,2,0,0,3,0.51,1,0,2,0,0,0,Matches,Dani Olmo
11 Seasons,11 Seasons,3 Clubs,,3 Leagues,,137.0,314,4.07,239,6,22,30,14,3,48,0.62,33,1,5,5,3,1,,Dani Olmo
,,,Country,Comp,LgRank,90s,SCA,SCA90,PassLive,PassDead,TO,Sh,Fld,Def,GCA,GCA90,PassLive,PassDead,TO,Sh,Fld,Def,Matches,Dani Olmo
Dinamo Zagreb (6 Seasons),Dinamo Zagreb (6 Seasons),Dinamo Zagreb (6 Seasons),,1 League,,59.8,,,,,,,,,,,,,,,,,,Dani Olmo
RB Leipzig (5 Seasons),RB Leipzig (5 Seasons),RB Leipzig (5 Seasons),,1 League,,71.3,296,4.15,227,6,18,28,14,3,45,0.63,32,1,3,5,3,1,,Dani Olmo
Barcelona (1 Season),Barcelona (1 Season),Barcelona (1 Season),,1 League,,5.9,18,3.05,12,0,4,2,0,0,3,0.51,1,0,2,0,0,0,,Dani Olmo
,,,,,,,,,,,,,,,,,,,,,,,,Dani Olmo
1. HNL (6 Seasons),1. HNL (6 Seasons),1. HNL (6 Seasons),,,,59.8,,,,,,,,,,,,,,,,,,Dani Olmo
Bundesliga (5 Seasons),Bundesliga (5 Seasons),Bundesliga (5 Seasons),,,,71.3,296,4.15,227,6,18,28,14,3,45,0.63,32,1,3,5,3,1,,Dani Olmo
La Liga (1 Season),La Liga (1 Season),La Liga (1 Season),,,,5.9,18,3.05,12,0,4,2,0,0,3,0.51,1,0,2,0,0,0,,Dani Olmo
2010-2011,18,Gladbach,de GER,1. Bundesliga,16th,6.0,,,,,,,,,,,,,,,,,Matches,Marc-André ter Stegen
2011-2012,19,Gladbach,de GER,1. Bundesliga,4th,34.0,,,,,,,,,,,,,,,,,Matches,Marc-André ter Stegen
2012-2013,20,Gladbach,de GER,1. Bundesliga,8th,33.8,,,,,,,,,,,,,,,,,Matches,Marc-André ter Stegen
2013-2014,21,Gladbach,de GER,1. Bundesliga,6th,34.0,,,,,,,,,,,,,,,,,Matches,Marc-André ter Stegen
2015-2016,23,Barcelona,es ESP,1. La Liga,1st,6.0,,,,,,,,,,,,,,,,,Matches,Marc-André ter Stegen
2016-2017,24,Barcelona,es ESP,1. La Liga,2nd,36.0,,,,,,,,,,,,,,,,,Matches,Marc-André ter Stegen
2017-2018,25,Barcelona,es ESP,1. La Liga,1st,37.0,4,0.11,3,1,0,0,0,0,0,0.00,0,0,0,0,0,0,Matches,Marc-André ter Stegen
2018-2019,26,Barcelona,es ESP,1. La Liga,1st,35.0,6,0.17,4,2,0,0,0,0,3,0.09,1,2,0,0,0,0,Matches,Marc-André ter Stegen
2019-2020,27,Barcelona,es ESP,1. La Liga,2nd,36.0,5,0.14,4,1,0,0,0,0,2,0.06,1,1,0,0,0,0,Matches,Marc-André ter Stegen
2020-2021,28,Barcelona,es ESP,1. La Liga,3rd,31.0,4,0.13,2,1,0,1,0,0,0,0.00,0,0,0,0,0,0,Matches,Marc-André ter Stegen
2021-2022,29,Barcelona,es ESP,1. La Liga,2nd,35.0,8,0.23,5,3,0,0,0,0,0,0.00,0,0,0,0,0,0,Matches,Marc-André ter Stegen
2022-2023,30,Barcelona,es ESP,1. La Liga,1st,37.2,12,0.32,11,1,0,0,0,0,1,0.03,1,0,0,0,0,0,Matches,Marc-André ter Stegen
2023-2024,31,Barcelona,es ESP,1. La Liga,2nd,28.0,8,0.29,7,1,0,0,0,0,2,0.07,1,1,0,0,0,0,Matches,Marc-André ter Stegen
2024-2025,32,Barcelona,es ESP,1. La Liga,1st,5.5,1,0.18,0,1,0,0,0,0,0,0.00,0,0,0,0,0,0,Matches,Marc-André ter Stegen
15 Seasons,15 Seasons,2 Clubs,,2 Leagues,,394.6,48,0.20,36,11,0,1,0,0,8,0.03,4,4,0,0,0,0,,Marc-André ter Stegen
,,,Country,Comp,LgRank,90s,SCA,SCA90,PassLive,PassDead,TO,Sh,Fld,Def,GCA,GCA90,PassLive,PassDead,TO,Sh,Fld,Def,Matches,Marc-André ter Stegen
Barcelona (11 Seasons),Barcelona (11 Seasons),Barcelona (11 Seasons),,1 League,,286.7,48,0.20,36,11,0,1,0,0,8,0.03,4,4,0,0,0,0,,Marc-André ter Stegen
Gladbach (4 Seasons),Gladbach (4 Seasons),Gladbach (4 Seasons),,1 League,,107.8,,,,,,,,,,,,,,,,,,Marc-André ter Stegen
,,,,,,,,,,,,,,,,,,,,,,,,Marc-André ter Stegen
La Liga (11 Seasons),La Liga (11 Seasons),La Liga (11 Seasons),,,,286.7,48,0.20,36,11,0,1,0,0,8,0.03,4,4,0,0,0,0,,Marc-André ter Stegen
Bundesliga (4 Seasons),Bundesliga (4 Seasons),Bundesliga (4 Seasons),,,,107.8,,,,,,,,,,,,,,,,,,Marc-André ter Stegen
2017-2018,17,Valencia,es ESP,1. La Liga,4th,3.5,6,1.74,5,0,1,0,0,0,1,0.29,1,0,0,0,0,0,Matches,Ferrán Torres
2018-2019,18,Valencia,es ESP,1. La Liga,4th,9.4,30,3.18,26,0,2,1,1,0,4,0.42,3,0,1,0,0,0,Matches,Ferrán Torres
2019-2020,19,Valencia,es ESP,1. La Liga,9th,25.0,60,2.40,44,0,11,2,2,1,8,0.32,6,0,2,0,0,0,Matches,Ferrán Torres
2020-2021,20,Manchester City,eng ENG,1. Premier League,1st,14.5,40,2.76,25,2,7,1,5,0,6,0.41,3,0,1,0,2,0,Matches,Ferrán Torres
2021-2022,21,Manchester City,eng ENG,1. Premier League,1st,3.4,5,1.49,4,0,0,1,0,0,2,0.59,2,0,0,0,0,0,Matches,Ferrán Torres
2021-2022,21,Barcelona,es ESP,1. La Liga,2nd,15.7,38,2.42,26,0,4,3,5,0,5,0.32,4,0,0,1,0,0,Matches,Ferrán Torres
2022-2023,22,Barcelona,es ESP,1. La Liga,1st,15.5,50,3.23,32,6,7,3,1,1,3,0.19,3,0,0,0,0,0,Matches,Ferrán Torres
2023-2024,23,Barcelona,es ESP,1. La Liga,2nd,13.5,53,3.94,37,4,5,4,3,0,9,0.67,5,0,1,1,2,0,Matches,Ferrán Torres
2024-2025,24,Barcelona,es ESP,1. La Liga,1st,5.2,13,2.52,8,2,2,0,1,0,2,0.39,2,0,0,0,0,0,Matches,Ferrán Torres
8 Seasons,8 Seasons,3 Clubs,,2 Leagues,,105.6,295,2.80,207,14,39,15,18,2,40,0.38,29,0,5,2,4,0,,Ferrán Torres
,,,Country,Comp,LgRank,90s,SCA,SCA90,PassLive,PassDead,TO,Sh,Fld,Def,GCA,GCA90,PassLive,PassDead,TO,Sh,Fld,Def,Matches,Ferrán Torres
Barcelona (4 Seasons),Barcelona (4 Seasons),Barcelona (4 Seasons),,1 League,,49.8,154,3.09,103,12,18,10,10,1,19,0.38,14,0,1,2,2,0,,Ferrán Torres
Valencia (3 Seasons),Valencia (3 Seasons),Valencia (3 Seasons),,1 League,,37.9,96,2.53,75,0,14,3,3,1,13,0.34,10,0,3,0,0,0,,Ferrán Torres
Manchester City (2 Seasons),Manchester City (2 Seasons),Manchester City (2 Seasons),,1 League,,17.9,45,2.52,29,2,7,2,5,0,8,0.45,5,0,1,0,2,0,,Ferrán Torres
,,,,,,,,,,,,,,,,,,,,,,,,Ferrán Torres
La Liga (7 Seasons),La Liga (7 Seasons),La Liga (7 Seasons),,,,87.7,250,2.85,178,12,32,13,13,2,32,0.37,24,0,4,2,2,0,,Ferrán Torres
Premier League (2 Seasons),Premier League (2 Seasons),Premier League (2 Seasons),,,,17.9,45,2.52,29,2,7,2,5,0,8,0.45,5,0,1,0,2,0,,Ferrán Torres
2024-2025,22,Barcelona,es ESP,1. La Liga,1st,4.3,8,1.85,8,0,0,0,0,0,1,0.23,1,0,0,0,0,0,Matches,Gerard Martín
1 Season,1 Season,1 Club,,1 League,,4.3,8,1.85,8,0,0,0,0,0,1,0.23,1,0,0,0,0,0,,Gerard Martín
2022-2023,19,Barcelona,es ESP,1. La Liga,1st,1.6,8,5.03,6,2,0,0,0,0,1,0.63,1,0,0,0,0,0,Matches,Pablo Torre
2023-2024,20,Girona,es ESP,1. La Liga,3rd,7.8,24,3.07,24,0,0,0,0,0,6,0.77,6,0,0,0,0,0,Matches,Pablo Torre
2024-2025,21,Barcelona,es ESP,1. La Liga,1st,2.8,13,4.74,11,1,0,0,1,0,2,0.73,2,0,0,0,0,0,Matches,Pablo Torre
3 Seasons,3 Seasons,2 Clubs,,1 League,,12.1,45,3.70,41,3,0,0,1,0,9,0.74,9,0,0,0,0,0,,Pablo Torre
,,,Country,Comp,LgRank,90s,SCA,SCA90,PassLive,PassDead,TO,Sh,Fld,Def,GCA,GCA90,PassLive,PassDead,TO,Sh,Fld,Def,Matches,Pablo Torre
Barcelona (2 Seasons),Barcelona (2 Seasons),Barcelona (2 Seasons),,1 League,,4.4,21,4.85,17,3,0,0,1,0,3,0.69,3,0,0,0,0,0,,Pablo Torre
Girona (1 Season),Girona (1 Season),Girona (1 Season),,1 League,,7.8,24,3.07,24,0,0,0,0,0,6,0.77,6,0,0,0,0,0,,Pablo Torre
2017-2018,16,Manchester City,eng ENG,Jr. PL2 — Div. 1,6th,2.0,,,,,,,,,,,,,,,,,Matches,Eric García
2018-2019,17,Manchester City,eng ENG,Jr. PL2 — Div. 1,8th,9.8,,,,,,,,,,,,,,,,,Matches,Eric García
2019-2020,18,Manchester City,eng ENG,Jr. PL2 — Div. 1,9th,3.0,,,,,,,,,,,,,,,,,Matches,Eric García
2019-2020,18,Manchester City,eng ENG,1. Premier League,2nd,8.8,5,0.57,5,0,0,0,0,0,1,0.11,1,0,0,0,0,0,Matches,Eric García
2020-2021,19,Manchester City,eng ENG,1. Premier League,1st,4.3,2,0.47,1,0,0,0,1,0,0,0.00,0,0,0,0,0,0,Matches,Eric García
2021-2022,20,Barcelona,es ESP,1. La Liga,2nd,22.7,27,1.19,25,1,0,1,0,0,1,0.04,1,0,0,0,0,0,Matches,Eric García
2022-2023,21,Barcelona,es ESP,1. La Liga,1st,15.7,10,0.63,10,0,0,0,0,0,0,0.00,0,0,0,0,0,0,Matches,Eric García
2023-2024,22,Girona,es ESP,1. La Liga,3rd,29.3,42,1.43,39,0,0,2,1,0,6,0.20,6,0,0,0,0,0,Matches,Eric García
2023-2024,22,Barcelona,es ESP,1. La Liga,2nd,0.6,1,1.58,1,0,0,0,0,0,0,0.00,0,0,0,0,0,0,Matches,Eric García
2024-2025,23,Barcelona,es ESP,1. La Liga,1st,5.0,9,1.79,7,0,0,2,0,0,4,0.80,3,0,0,1,0,0,Matches,Eric García
6 Seasons,6 Seasons,3 Clubs,,2 Leagues,,86.4,96,1.11,88,1,0,5,2,0,12,0.14,11,0,0,1,0,0,,Eric García
,,,Country,Comp,LgRank,90s,SCA,SCA90,PassLive,PassDead,TO,Sh,Fld,Def,GCA,GCA90,PassLive,PassDead,TO,Sh,Fld,Def,Matches,Eric García
Barcelona (4 Seasons),Barcelona (4 Seasons),Barcelona (4 Seasons),,1 League,,44.1,47,1.07,43,1,0,3,0,0,5,0.11,4,0,0,1,0,0,,Eric García
Manchester City (3 Seasons),Manchester City (3 Seasons),Manchester City (3 Seasons),,1 League,,14.8,,,,,,,,,,,,,,,,,,Eric García
Manchester City (2 Seasons),Manchester City (2 Seasons),Manchester City (2 Seasons),,1 League,,13.1,7,0.54,6,0,0,0,1,0,1,0.08,1,0,0,0,0,0,,Eric García
Girona (1 Season),Girona (1 Season),Girona (1 Season),,1 League,,29.3,42,1.43,39,0,0,2,1,0,6,0.20,6,0,0,0,0,0,,Eric García
,,,,,,,,,,,,,,,,,,,,,,,,Eric García
La Liga (4 Seasons),La Liga (4 Seasons),La Liga (4 Seasons),,,,73.4,89,1.21,82,1,0,5,1,0,11,0.15,10,0,0,1,0,0,,Eric García
PL2 — Div. 1 (3 Seasons),PL2 — Div. 1 (3 Seasons),PL2 — Div. 1 (3 Seasons),,,,14.8,,,,,,,,,,,,,,,,,,Eric García
Premier League (2 Seasons),Premier League (2 Seasons),Premier League (2 Seasons),,,,13.1,7,0.54,6,0,0,0,1,0,1,0.08,1,0,0,0,0,0,,Eric García
2023-2024,20,Barcelona,es ESP,1. La Liga,2nd,16.1,42,2.61,33,0,5,4,0,0,0,0.0,0,0,0,0,0,0,Matches,Fermin López
2024-2025,21,Barcelona,es ESP,1. La Liga,1st,3.4,3,0.88,3,0,0,0,0,0,0,0.0,0,0,0,0,0,0,Matches,Fermin López
2 Seasons,2 Seasons,1 Club,,1 League,,19.5,45,2.31,36,0,5,4,0,0,0,0.0,0,0,0,0,0,0,,Fermin López
2024-2025,17,Barcelona,es ESP,1. La Liga,1st,2.7,1,0.37,0,1,0,0,0,0,0,0.0,0,0,0,0,0,0,Matches,Marc Bernal
1 Season,1 Season,1 Club,,1 League,,2.7,1,0.37,0,1,0,0,0,0,0,0.0,0,0,0,0,0,0,,Marc Bernal
2023-2024,16,Barcelona,es ESP,1. La Liga,2nd,3.5,5,1.41,5,0,0,0,0,0,3,0.85,3,0,0,0,0,0,Matches,Héctor Fort
2024-2025,17,Barcelona,es ESP,1. La Liga,1st,3.1,7,2.29,6,1,0,0,0,0,0,0.0,0,0,0,0,0,0,Matches,Héctor Fort
2 Seasons,2 Seasons,1 Club,,1 League,,6.6,12,1.82,11,1,0,0,0,0,3,0.45,3,0,0,0,0,0,,Héctor Fort
2021-2022,16,Barcelona,es ESP,1. La Liga,2nd,25.7,61,2.37,52,1,5,0,3,0,16,0.62,13,0,2,0,1,0,Matches,Gavi
2022-2023,17,Barcelona,es ESP,1. La Liga,1st,28.1,72,2.56,59,0,3,4,3,3,7,0.25,6,0,1,0,0,0,Matches,Gavi
2023-2024,18,Barcelona,es ESP,1. La Liga,2nd,10.5,27,2.57,24,0,2,0,0,1,3,0.29,3,0,0,0,0,0,Matches,Gavi
2024-2025,19,Barcelona,es ESP,1. La Liga,1st,2.0,7,3.48,6,0,1,0,0,0,1,0.5,1,0,0,0,0,0,Matches,Gavi
4 Seasons,4 Seasons,1 Club,,1 League,,66.4,167,2.52,141,1,11,4,6,4,27,0.41,23,0,3,0,1,0,,Gavi
2024-2025,19,Barcelona,es ESP,1. La Liga,1st,1.9,0,0.0,0,0,0,0,0,0,0,0.0,0,0,0,0,0,0,Matches,Sergi Dominguez
1 Season,1 Season,1 Club,,1 League,,1.9,0,0.0,0,0,0,0,0,0,0,0.0,0,0,0,0,0,0,,Sergi Dominguez
2014-2015,17,Willem II,nl NED,1. Eredivisie,9th,0.3,,,,,,,,,,,,,,,,,Matches,Frenkie de Jong
2015-2016,18,Willem II,nl NED,1. Eredivisie,16th,0.2,,,,,,,,,,,,,,,,,Matches,Frenkie de Jong
2015-2016,18,Jong Ajax,nl NED,2. Eerste Divisie,9th,14.3,,,,,,,,,,,,,,,,,Matches,Frenkie de Jong
2016-2017,19,Jong Ajax,nl NED,2. Eerste Divisie,2nd,29.0,,,,,,,,,,,,,,,,,Matches,Frenkie de Jong
2016-2017,19,Ajax,nl NED,1. Eredivisie,2nd,1.7,,,,,,,,,,,,,,,,,Matches,Frenkie de Jong
2017-2018,20,Ajax,nl NED,1. Eredivisie,2nd,17.3,,,,,,,,,,,,,,,,,Matches,Frenkie de Jong
2018-2019,21,Ajax,nl NED,1. Eredivisie,1st,27.9,123,4.41,99,2,7,6,6,3,19,0.68,13,0,3,1,2,0,Matches,Frenkie de Jong
2019-2020,22,Barcelona,es ESP,1. La Liga,2nd,23.5,52,2.21,48,0,1,0,2,1,9,0.38,8,0,0,0,1,0,Matches,Frenkie de Jong
2020-2021,23,Barcelona,es ESP,1. La Liga,3rd,35.0,89,2.54,76,1,7,2,3,0,9,0.26,7,0,1,1,0,0,Matches,Frenkie de Jong
2021-2022,24,Barcelona,es ESP,1. La Liga,2nd,27.5,83,3.02,71,2,7,2,1,0,9,0.33,9,0,0,0,0,0,Matches,Frenkie de Jong
2022-2023,25,Barcelona,es ESP,1. La Liga,1st,28.2,110,3.91,94,5,6,2,1,2,11,0.39,10,1,0,0,0,0,Matches,Frenkie de Jong
2023-2024,26,Barcelona,es ESP,1. La Liga,2nd,18.2,60,3.30,55,2,0,1,2,0,9,0.50,9,0,0,0,0,0,Matches,Frenkie de Jong
2024-2025,27,Barcelona,es ESP,1. La Liga,1st,2.6,10,3.83,9,0,1,0,0,0,4,1.53,3,0,1,0,0,0,Matches,Frenkie de Jong
11 Seasons,11 Seasons,4 Clubs,,3 Leagues,,225.6,527,3.24,452,12,29,13,15,6,70,0.43,59,1,5,2,3,0,,Frenkie de Jong
,,,Country,Comp,LgRank,90s,SCA,SCA90,PassLive,PassDead,TO,Sh,Fld,Def,GCA,GCA90,PassLive,PassDead,TO,Sh,Fld,Def,Matches,Frenkie de Jong
Barcelona (6 Seasons),Barcelona (6 Seasons),Barcelona (6 Seasons),,1 League,,135.0,404,2.99,353,10,22,7,9,3,51,0.38,46,1,2,1,1,0,,Frenkie de Jong
Ajax (3 Seasons),Ajax (3 Seasons),Ajax (3 Seasons),,1 League,,46.9,123,4.41,99,2,7,6,6,3,19,0.68,13,0,3,1,2,0,,Frenkie de Jong
Jong Ajax (2 Seasons),Jong Ajax (2 Seasons),Jong Ajax (2 Seasons),,1 League,,43.3,,,,,,,,,,,,,,,,,,Frenkie de Jong
Willem II (2 Seasons),Willem II (2 Seasons),Willem II (2 Seasons),,1 League,,0.5,,,,,,,,,,,,,,,,,,Frenkie de Jong
,,,,,,,,,,,,,,,,,,,,,,,,Frenkie de Jong
La Liga (6 Seasons),La Liga (6 Seasons),La Liga (6 Seasons),,,,135.0,404,2.99,353,10,22,7,9,3,51,0.38,46,1,2,1,1,0,,Frenkie de Jong
Eredivisie (5 Seasons),Eredivisie (5 Seasons),Eredivisie (5 Seasons),,,,47.4,123,4.41,99,2,7,6,6,3,19,0.68,13,0,3,1,2,0,,Frenkie de Jong
Eerste Divisie (2 Seasons),Eerste Divisie (2 Seasons),Eerste Divisie (2 Seasons),,,,43.3,,,,,,,,,,,,,,,,,,Frenkie de Jong
2019-2020,17,Girona,es ESP,2. La Liga 2,5th,0.3,1,3.91,1,0,0,0,0,0,0,0.00,0,0,0,0,0,0,Matches,Pau Victor Delgado
2020-2021,18,Girona,es ESP,2. La Liga 2,5th,1.2,1,0.83,0,0,0,1,0,0,0,0.00,0,0,0,0,0,0,Matches,Pau Victor Delgado
2024-2025,22,Barcelona,es ESP,1. La Liga,1st,2.0,6,2.93,4,0,1,0,1,0,2,0.98,1,0,0,0,1,0,Matches,Pau Victor Delgado
6 Seasons,6 Seasons,2 Clubs,,2 Leagues,,3.5,8,2.28,5,0,1,1,1,0,2,0.57,1,0,0,0,1,0,,Pau Victor Delgado
,,,Country,Comp,LgRank,90s,SCA,SCA90,PassLive,PassDead,TO,Sh,Fld,Def,GCA,GCA90,PassLive,PassDead,TO,Sh,Fld,Def,Matches,Pau Victor Delgado
Girona (4 Seasons),Girona (4 Seasons),Girona (4 Seasons),,2 Leagues,,1.5,2,1.36,1,0,0,1,0,0,0,0.00,0,0,0,0,0,0,,Pau Victor Delgado
Barcelona (2 Seasons),Barcelona (2 Seasons),Barcelona (2 Seasons),,1 League,,2.0,6,2.93,4,0,1,0,1,0,2,0.98,1,0,0,0,1,0,,Pau Victor Delgado
,,,,,,,,,,,,,,,,,,,,,,,,Pau Victor Delgado
La Liga (3 Seasons),La Liga (3 Seasons),La Liga (3 Seasons),,,,2.0,6,2.93,4,0,1,0,1,0,2,0.98,1,0,0,0,1,0,,Pau Victor Delgado
La Liga 2 (3 Seasons),La Liga 2 (3 Seasons),La Liga 2 (3 Seasons),,,,1.5,2,1.36,1,0,0,1,0,0,0,0.00,0,0,0,0,0,0,,Pau Victor Delgado
2019-2020,16,Barcelona,es ESP,1. La Liga,2nd,11.4,39,3.42,26,2,6,2,3,0,3,0.26,1,0,2,0,0,0,Matches,Ansu Fati
2020-2021,17,Barcelona,es ESP,1. La Liga,3rd,4.8,21,4.37,13,1,2,0,5,0,4,0.83,2,0,1,0,1,0,Matches,Ansu Fati
2021-2022,18,Barcelona,es ESP,1. La Liga,2nd,3.7,10,2.68,6,0,1,0,2,1,3,0.80,1,0,0,0,1,1,Matches,Ansu Fati
2022-2023,19,Barcelona,es ESP,1. La Liga,1st,15.5,50,3.23,35,1,8,5,0,1,7,0.45,4,0,1,2,0,0,Matches,Ansu Fati
2023-2024,20,Brighton,eng ENG,1. Premier League,11th,5.8,23,3.96,16,0,1,5,0,1,3,0.52,2,0,0,1,0,0,Matches,Ansu Fati
2023-2024,20,Barcelona,es ESP,1. La Liga,2nd,0.6,1,1.80,0,0,0,1,0,0,0,0.00,0,0,0,0,0,0,Matches,Ansu Fati
2024-2025,21,Barcelona,es ESP,1. La Liga,1st,1.4,4,2.83,3,0,0,1,0,0,0,0.00,0,0,0,0,0,0,Matches,Ansu Fati
6 Seasons,6 Seasons,2 Clubs,,2 Leagues,,43.2,148,3.43,99,4,18,14,10,3,20,0.46,10,0,4,3,2,1,,Ansu Fati
,,,Country,Comp,LgRank,90s,SCA,SCA90,PassLive,PassDead,TO,Sh,Fld,Def,GCA,GCA90,PassLive,PassDead,TO,Sh,Fld,Def,Matches,Ansu Fati
Barcelona (6 Seasons),Barcelona (6 Seasons),Barcelona (6 Seasons),,1 League,,37.4,125,3.35,83,4,17,9,10,2,17,0.45,8,0,4,2,2,1,,Ansu Fati
Brighton (1 Season),Brighton (1 Season),Brighton (1 Season),,1 League,,5.8,23,3.96,16,0,1,5,0,1,3,0.52,2,0,0,1,0,0,,Ansu Fati
,,,,,,,,,,,,,,,,,,,,,,,,Ansu Fati
La Liga (6 Seasons),La Liga (6 Seasons),La Liga (6 Seasons),,,,37.4,125,3.35,83,4,17,9,10,2,17,0.45,8,0,4,2,2,1,,Ansu Fati
Premier League (1 Season),Premier League (1 Season),Premier League (1 Season),,,,5.8,23,3.96,16,0,1,5,0,1,3,0.52,2,0,0,1,0,0,,Ansu Fati
2014-2015,18,Chelsea,eng ENG,1. Premier League,1st,0.1,,,,,,,,,,,,,,,,,Matches,Andreas Christensen
2015-2016,19,Gladbach,de GER,1. Bundesliga,4th,31.0,,,,,,,,,,,,,,,,,Matches,Andreas Christensen
2016-2017,20,Gladbach,de GER,1. Bundesliga,9th,30.9,,,,,,,,,,,,,,,,,Matches,Andreas Christensen
2017-2018,21,Chelsea,eng ENG,1. Premier League,5th,23.2,17,0.74,14,0,0,2,0,1,2,0.09,2,0,0,0,0,0,Matches,Andreas Christensen
2018-2019,22,Chelsea,eng ENG,1. Premier League,3rd,6.9,3,0.44,3,0,0,0,0,0,0,0.00,0,0,0,0,0,0,Matches,Andreas Christensen
2019-2020,23,Chelsea,eng ENG,1. Premier League,4th,19.5,14,0.72,13,0,0,1,0,0,2,0.10,2,0,0,0,0,0,Matches,Andreas Christensen
2020-2021,24,Chelsea,eng ENG,1. Premier League,4th,15.2,13,0.85,12,0,1,0,0,0,1,0.07,1,0,0,0,0,0,Matches,Andreas Christensen
2021-2022,25,Chelsea,eng ENG,1. Premier League,3rd,16.6,9,0.54,8,0,1,0,0,0,0,0.00,0,0,0,0,0,0,Matches,Andreas Christensen
2022-2023,26,Barcelona,es ESP,1. La Liga,1st,19.6,15,0.77,15,0,0,0,0,0,2,0.10,2,0,0,0,0,0,Matches,Andreas Christensen
2023-2024,27,Barcelona,es ESP,1. La Liga,2nd,22.0,28,1.27,25,0,0,2,0,1,3,0.14,2,0,0,1,0,0,Matches,Andreas Christensen
2024-2025,28,Barcelona,es ESP,1. La Liga,1st,0.3,0,0.00,0,0,0,0,0,0,0,0.00,0,0,0,0,0,0,Matches,Andreas Christensen
11 Seasons,11 Seasons,3 Clubs,,3 Leagues,,185.2,99,0.80,90,0,2,5,0,2,10,0.08,9,0,0,1,0,0,,Andreas Christensen
,,,Country,Comp,LgRank,90s,SCA,SCA90,PassLive,PassDead,TO,Sh,Fld,Def,GCA,GCA90,PassLive,PassDead,TO,Sh,Fld,Def,Matches,Andreas Christensen
Chelsea (6 Seasons),Chelsea (6 Seasons),Chelsea (6 Seasons),,1 League,,81.5,56,0.69,50,0,2,3,0,1,5,0.06,5,0,0,0,0,0,,Andreas Christensen
Barcelona (3 Seasons),Barcelona (3 Seasons),Barcelona (3 Seasons),,1 League,,41.8,43,1.03,40,0,0,2,0,1,5,0.12,4,0,0,1,0,0,,Andreas Christensen
Gladbach (2 Seasons),Gladbach (2 Seasons),Gladbach (2 Seasons),,1 League,,61.9,,,,,,,,,,,,,,,,,,Andreas Christensen
,,,,,,,,,,,,,,,,,,,,,,,,Andreas Christensen
Premier League (6 Seasons),Premier League (6 Seasons),Premier League (6 Seasons),,,,81.5,56,0.69,50,0,2,3,0,1,5,0.06,5,0,0,0,0,0,,Andreas Christensen
La Liga (3 Seasons),La Liga (3 Seasons),La Liga (3 Seasons),,,,41.8,43,1.03,40,0,0,2,0,1,5,0.12,4,0,0,1,0,0,,Andreas Christensen
Bundesliga (2 Seasons),Bundesliga (2 Seasons),Bundesliga (2 Seasons),,,,61.9,,,,,,,,,,,,,,,,,,Andreas Christensen
2009-2010,19,Brentford,eng ENG,3. League One,9th,27.7,,,,,,,,,,,,,,,,,Matches,Wojciech Szczęsny
2010-2011,20,Arsenal,eng ENG,1. Premier League,4th,15.0,,,,,,,,,,,,,,,,,Matches,Wojciech Szczęsny
2011-2012,21,Arsenal,eng ENG,1. Premier League,3rd,38.0,,,,,,,,,,,,,,,,,Matches,Wojciech Szczęsny
2012-2013,22,Arsenal,eng ENG,1. Premier League,4th,25.0,,,,,,,,,,,,,,,,,Matches,Wojciech Szczęsny
2013-2014,23,Arsenal,eng ENG,1. Premier League,4th,37.0,,,,,,,,,,,,,,,,,Matches,Wojciech Szczęsny
2014-2015,24,Arsenal,eng ENG,1. Premier League,3rd,16.6,,,,,,,,,,,,,,,,,Matches,Wojciech Szczęsny
2015-2016,25,Roma,it ITA,1. Serie A,3rd,34.0,,,,,,,,,,,,,,,,,Matches,Wojciech Szczęsny
2016-2017,26,Roma,it ITA,1. Serie A,2nd,38.0,,,,,,,,,,,,,,,,,Matches,Wojciech Szczęsny
2017-2018,27,Juventus,it ITA,1. Serie A,1st,17.0,1,0.06,0,1,0,0,0,0,0,0.00,0,0,0,0,0,0,Matches,Wojciech Szczęsny
2018-2019,28,Juventus,it ITA,1. Serie A,1st,28.0,3,0.11,2,1,0,0,0,0,0,0.00,0,0,0,0,0,0,Matches,Wojciech Szczęsny
2019-2020,29,Juventus,it ITA,1. Serie A,1st,28.8,3,0.10,3,0,0,0,0,0,1,0.03,1,0,0,0,0,0,Matches,Wojciech Szczęsny
2020-2021,30,Juventus,it ITA,1. Serie A,4th,29.7,3,0.10,3,0,0,0,0,0,2,0.07,2,0,0,0,0,0,Matches,Wojciech Szczęsny
2021-2022,31,Juventus,it ITA,1. Serie A,4th,33.0,7,0.21,6,1,0,0,0,0,0,0.00,0,0,0,0,0,0,Matches,Wojciech Szczęsny
2022-2023,32,Juventus,it ITA,1. Serie A,7th,27.5,2,0.07,2,0,0,0,0,0,0,0.00,0,0,0,0,0,0,Matches,Wojciech Szczęsny
2023-2024,33,Juventus,it ITA,1. Serie A,3rd,35.0,2,0.06,2,0,0,0,0,0,0,0.00,0,0,0,0,0,0,Matches,Wojciech Szczęsny
16 Seasons,16 Seasons,5 Clubs,,4 Leagues,,430.4,21,0.11,18,3,0,0,0,0,3,0.02,3,0,0,0,0,0,,Wojciech Szczęsny
,,,Country,Comp,LgRank,90s,SCA,SCA90,PassLive,PassDead,TO,Sh,Fld,Def,GCA,GCA90,PassLive,PassDead,TO,Sh,Fld,Def,Matches,Wojciech Szczęsny
Juventus (7 Seasons),Juventus (7 Seasons),Juventus (7 Seasons),,1 League,,199.0,21,0.11,18,3,0,0,0,0,3,0.02,3,0,0,0,0,0,,Wojciech Szczęsny
Arsenal (5 Seasons),Arsenal (5 Seasons),Arsenal (5 Seasons),,1 League,,131.6,,,,,,,,,,,,,,,,,,Wojciech Szczęsny
Roma (2 Seasons),Roma (2 Seasons),Roma (2 Seasons),,1 League,,72.0,,,,,,,,,,,,,,,,,,Wojciech Szczęsny
Brentford (1 Season),Brentford (1 Season),Brentford (1 Season),,1 League,,27.7,,,,,,,,,,,,,,,,,,Wojciech Szczęsny
Barcelona (1 Season),Barcelona (1 Season),Barcelona (1 Season),,1 League,,,,,,,,,,,,,,,,,,,,Wojciech Szczęsny
,,,,,,,,,,,,,,,,,,,,,,,,Wojciech Szczęsny
Serie A (9 Seasons),Serie A (9 Seasons),Serie A (9 Seasons),,,,271.0,21,0.11,18,3,0,0,0,0,3,0.02,3,0,0,0,0,0,,Wojciech Szczęsny
Premier League (5 Seasons),Premier League (5 Seasons),Premier League (5 Seasons),,,,131.6,,,,,,,,,,,,,,,,,,Wojciech Szczęsny
League One (1 Season),League One (1 Season),League One (1 Season),,,,27.7,,,,,,,,,,,,,,,,,,Wojciech Szczęsny
La Liga (1 Season),La Liga (1 Season),La Liga (1 Season),,,,,,,,,,,,,,,,,,,,,,Wojciech Szczęsny
2022-2023,18,FC Andorra,es ESP,2. La Liga 2,7th,3.4,6,1.77,6,0,0,0,0,0,2,0.59,2,0,0,0,0,0,Matches,Álex Valle
2023-2024,19,Levante,es ESP,2. La Liga 2,8th,25.6,59,2.30,47,4,2,2,3,1,3,0.12,2,0,0,1,0,0,Matches,Álex Valle
2024-2025,20,Celtic,sct SCO,1. Premiership,1st,4.6,,,,,,,,,,,,,,,,,Matches,Álex Valle
3 Seasons,3 Seasons,4 Clubs,,3 Leagues,,33.6,65,2.24,53,4,2,2,3,1,5,0.17,4,0,0,1,0,0,,Álex Valle
,,,Country,Comp,LgRank,90s,SCA,SCA90,PassLive,PassDead,TO,Sh,Fld,Def,GCA,GCA90,PassLive,PassDead,TO,Sh,Fld,Def,Matches,Álex Valle
Levante (1 Season),Levante (1 Season),Levante (1 Season),,1 League,,25.6,59,2.30,47,4,2,2,3,1,3,0.12,2,0,0,1,0,0,,Álex Valle
FC Andorra (1 Season),FC Andorra (1 Season),FC Andorra (1 Season),,1 League,,3.4,6,1.77,6,0,0,0,0,0,2,0.59,2,0,0,0,0,0,,Álex Valle
Celtic (1 Season),Celtic (1 Season),Celtic (1 Season),,1 League,,4.6,,,,,,,,,,,,,,,,,,Álex Valle
Barcelona (1 Season),Barcelona (1 Season),Barcelona (1 Season),,1 League,,,,,,,,,,,,,,,,,,,,Álex Valle
,,,,,,,,,,,,,,,,,,,,,,,,Álex Valle
La Liga 2 (2 Seasons),La Liga 2 (2 Seasons),La Liga 2 (2 Seasons),,,,29.0,65,2.24,53,4,2,2,3,1,5,0.17,4,0,0,1,0,0,,Álex Valle
Premiership (1 Season),Premiership (1 Season),Premiership (1 Season),,,,4.6,,,,,,,,,,,,,,,,,,Álex Valle
La Liga (1 Season),La Liga (1 Season),La Liga (1 Season),,,,,,,,,,,,,,,,,,,,,,Álex Valle
2011-2012,20,Real Sociedad,es ESP,1. La Liga,12th,24.4,,,,,,,,,,,,,,,,,Matches,Iñigo Martínez,DF
2012-2013,21,Real Sociedad,es ESP,1. La Liga,4th,34.0,,,,,,,,,,,,,,,,,Matches,Iñigo Martínez,DF
2013-2014,22,Real Sociedad,es ESP,1. La Liga,7th,34.7,,,,,,,,,,,,,,,,,Matches,Iñigo Martínez,DF
2014-2015,23,Real Sociedad,es ESP,1. La Liga,12th,33.6,,,,,,,,,,,,,,,,,Matches,Iñigo Martínez,DF
2015-2016,24,Real Sociedad,es ESP,1. La Liga,9th,30.0,,,,,,,,,,,,,,,,,Matches,Iñigo Martínez,DF
2016-2017,25,Real Sociedad,es ESP,1. La Liga,6th,33.3,,,,,,,,,,,,,,,,,Matches,Iñigo Martínez,DF
2017-2018,26,Real Sociedad,es ESP,1. La Liga,12th,11.7,18,1.54,13,2,0,1,2,0,1,0.09,1,0,0,0,0,0,Matches,Iñigo Martínez,DF
2017-2018,26,Athletic Club,es ESP,1. La Liga,16th,16.0,9,0.56,6,1,0,1,1,0,1,0.06,0,0,0,1,0,0,Matches,Iñigo Martínez,DF
2018-2019,27,Athletic Club,es ESP,1. La Liga,8th,32.2,15,0.47,10,0,0,1,3,1,1,0.03,0,0,0,0,1,0,Matches,Iñigo Martínez,DF
2019-2020,28,Athletic Club,es ESP,1. La Liga,11th,33.0,32,0.97,20,4,1,3,3,1,3,0.09,0,2,0,0,1,0,Matches,Iñigo Martínez,DF
2020-2021,29,Athletic Club,es ESP,1. La Liga,10th,28.0,20,0.71,16,0,1,3,0,0,0,0.00,0,0,0,0,0,0,Matches,Iñigo Martínez,DF
2021-2022,30,Athletic Club,es ESP,1. La Liga,8th,26.0,19,0.73,14,0,1,3,0,1,1,0.04,1,0,0,0,0,0,Matches,Iñigo Martínez,DF
2022-2023,31,Athletic Club,es ESP,1. La Liga,8th,14.9,13,0.87,10,0,0,3,0,0,1,0.07,1,0,0,0,0,0,Matches,Iñigo Martínez,DF
2023-2024,32,Barcelona,es ESP,1. La Liga,2nd,14.4,14,0.97,13,0,0,1,0,0,3,0.21,3,0,0,0,0,0,Matches,Iñigo Martínez,DF
2024-2025,33,Barcelona,es ESP,1. La Liga,3rd,17.8,31,1.74,26,1,0,3,1,0,4,0.23,3,1,0,0,0,0,Matches,Iñigo Martínez,DF
14 Seasons,14 Seasons,3 Clubs,,1 League,,384.0,171,0.88,128,8,3,19,10,3,15,0.08,9,3,0,1,2,0,,Iñigo Martínez,DF
,,,Country,Comp,LgRank,90s,SCA,SCA90,PassLive,PassDead,TO,Sh,Fld,Def,GCA,GCA90,PassLive,PassDead,TO,Sh,Fld,Def,Matches,Iñigo Martínez,DF
Real Sociedad (7 Seasons),Real Sociedad (7 Seasons),Real Sociedad (7 Seasons),,1 League,,201.8,18,1.54,13,2,0,1,2,0,1,0.09,1,0,0,0,0,0,,Iñigo Martínez,DF
Athletic Club (6 Seasons),Athletic Club (6 Seasons),Athletic Club (6 Seasons),,1 League,,150.1,108,0.72,76,5,3,14,7,3,7,0.05,2,2,0,1,2,0,,Iñigo Martínez,DF
Barcelona (2 Seasons),Barcelona (2 Seasons),Barcelona (2 Seasons),,1 League,,32.2,45,1.40,39,1,0,4,1,0,7,0.22,6,1,0,0,0,0,,Iñigo Martínez,DF
2015-2016,18,Vitória,pt POR,1. Primeira Liga,10th,0.2,,,,,,,,,,,,,,,,,Matches,Raphinha,"FW,MF"
2016-2017,19,Vitória,pt POR,1. Primeira Liga,4th,18.8,,,,,,,,,,,,,,,,,Matches,Raphinha,"FW,MF"
2017-2018,20,Vitória,pt POR,1. Primeira Liga,9th,30.9,,,,,,,,,,,,,,,,,Matches,Raphinha,"FW,MF"
2018-2019,21,Sporting CP,pt POR,1. Primeira Liga,3rd,16.8,80,4.77,43,2,9,12,13,1,5,0.30,1,0,1,1,2,0,Matches,Raphinha,"FW,MF"
2019-2020,22,Sporting CP,pt POR,1. Primeira Liga,4th,4.0,10,2.50,6,1,1,2,0,0,1,0.25,0,0,1,0,0,0,Matches,Raphinha,"FW,MF"
2019-2020,22,Rennes,fr FRA,1. Ligue 1,3rd,18.8,90,4.79,50,15,13,4,6,2,5,0.27,5,0,0,0,0,0,Matches,Raphinha,"FW,MF"
2020-2021,23,Rennes,fr FRA,1. Ligue 1,6th,4.5,25,5.57,12,3,3,1,5,1,7,1.56,4,0,1,0,1,1,Matches,Raphinha,"FW,MF"
2020-2021,23,Leeds United,eng ENG,Jr. PL2 — Div. 2,1st,1.0,,,,,,,,,,,,,,,,,Matches,Raphinha,"FW,MF"
2020-2021,23,Leeds United,eng ENG,1. Premier League,9th,26.2,120,4.58,68,26,14,7,4,1,15,0.57,8,3,2,2,0,0,Matches,Raphinha,"FW,MF"
2021-2022,24,Leeds United,eng ENG,1. Premier League,17th,32.4,136,4.20,77,25,15,9,8,2,10,0.31,5,0,2,0,2,1,Matches,Raphinha,"FW,MF"
2022-2023,25,Barcelona,es ESP,1. La Liga,1st,23.0,117,5.08,77,22,4,9,4,1,15,0.65,13,0,1,1,0,0,Matches,Raphinha,"FW,MF"
2023-2024,26,Barcelona,es ESP,1. La Liga,2nd,15.2,89,5.86,47,20,6,8,7,1,13,0.86,9,3,0,1,0,0,Matches,Raphinha,"FW,MF"
2024-2025,27,Barcelona,es ESP,1. La Liga,3rd,17.6,107,6.07,66,23,5,8,4,1,15,0.85,7,2,2,1,2,1,Matches,Raphinha,"FW,MF"
10 Seasons,10 Seasons,6 Clubs,,5 Leagues,,208.5,774,4.88,446,137,70,60,51,10,86,0.54,52,8,10,6,7,3,,Raphinha,"FW,MF"
,,,Country,Comp,LgRank,90s,SCA,SCA90,PassLive,PassDead,TO,Sh,Fld,Def,GCA,GCA90,PassLive,PassDead,TO,Sh,Fld,Def,Matches,Raphinha,"FW,MF"
Barcelona (3 Seasons),Barcelona (3 Seasons),Barcelona (3 Seasons),,1 League,,55.8,313,5.60,190,65,15,25,15,3,43,0.77,29,5,3,3,2,1,,Raphinha,"FW,MF"
Vitória (3 Seasons),Vitória (3 Seasons),Vitória (3 Seasons),,1 League,,50.0,,,,,,,,,,,,,,,,,,Raphinha,"FW,MF"
Leeds United (2 Seasons),Leeds United (2 Seasons),Leeds United (2 Seasons),,1 League,,58.6,256,4.37,145,51,29,16,12,3,25,0.43,13,3,4,2,2,1,,Raphinha,"FW,MF"
Sporting CP (2 Seasons),Sporting CP (2 Seasons),Sporting CP (2 Seasons),,1 League,,20.8,90,4.33,49,3,10,14,13,1,6,0.29,1,0,2,1,2,0,,Raphinha,"FW,MF"
Rennes (2 Seasons),Rennes (2 Seasons),Rennes (2 Seasons),,1 League,,23.3,115,4.94,62,18,16,5,11,3,12,0.52,9,0,1,0,1,1,,Raphinha,"FW,MF"
Leeds United (1 Season),Leeds United (1 Season),Leeds United (1 Season),,1 League,,1.0,,,,,,,,,,,,,,,,,,Raphinha,"FW,MF"
Avaí (1 Season),Avaí (1 Season),Avaí (1 Season),,1 League,,,,,,,,,,,,,,,,,,,,Raphinha,"FW,MF"
,,,,,,,,,,,,,,,,,,,,,,,,Raphinha,"FW,MF"
Primeira Liga (5 Seasons),Primeira Liga (5 Seasons),Primeira Liga (5 Seasons),,,,70.8,90,4.33,49,3,10,14,13,1,6,0.29,1,0,2,1,2,0,,Raphinha,"FW,MF"
La Liga (3 Seasons),La Liga (3 Seasons),La Liga (3 Seasons),,,,55.8,313,5.60,190,65,15,25,15,3,43,0.77,29,5,3,3,2,1,,Raphinha,"FW,MF"
Premier League (2 Seasons),Premier League (2 Seasons),Premier League (2 Seasons),,,,58.6,256,4.37,145,51,29,16,12,3,25,0.43,13,3,4,2,2,1,,Raphinha,"FW,MF"
Ligue 1 (2 Seasons),Ligue 1 (2 Seasons),Ligue 1 (2 Seasons),,,,23.3,115,4.94,62,18,16,5,11,3,12,0.52,9,0,1,0,1,1,,Raphinha,"FW,MF"
PL2 — Div. 2 (1 Season),PL2 — Div. 2 (1 Season),PL2 — Div. 2 (1 Season),,,,1.0,,,,,,,,,,,,,,,,,,Raphinha,"FW,MF"
Série A (1 Season),Série A (1 Season),Série A (1 Season),,,,,,,,,,,,,,,,,,,,,,Raphinha,"FW,MF"
2008-2009,19,Lech Poznań,pl POL,1. Ekstraklasa,3rd,27.0,,,,,,,,,,,,,,,,,Matches,Robert Lewandowski,FW
2009-2010,20,Lech Poznań,pl POL,1. Ekstraklasa,1st,27.9,,,,,,,,,,,,,,,,,Matches,Robert Lewandowski,FW
2010-2011,21,Dortmund,de GER,1. Bundesliga,1st,17.7,,,,,,,,,,,,,,,,,Matches,Robert Lewandowski,FW
2011-2012,22,Dortmund,de GER,1. Bundesliga,1st,31.9,,,,,,,,,,,,,,,,,Matches,Robert Lewandowski,FW
2012-2013,23,Dortmund,de GER,1. Bundesliga,2nd,28.8,,,,,,,,,,,,,,,,,Matches,Robert Lewandowski,FW
2013-2014,24,Dortmund,de GER,1. Bundesliga,2nd,31.1,,,,,,,,,,,,,,,,,Matches,Robert Lewandowski,FW
2014-2015,25,Bayern Munich,de GER,1. Bundesliga,1st,27.6,,,,,,,,,,,,,,,,,Matches,Robert Lewandowski,FW
2015-2016,26,Bayern Munich,de GER,1. Bundesliga,1st,29.5,,,,,,,,,,,,,,,,,Matches,Robert Lewandowski,FW
2016-2017,27,Bayern Munich,de GER,1. Bundesliga,1st,30.8,,,,,,,,,,,,,,,,,Matches,Robert Lewandowski,FW
2017-2018,28,Bayern Munich,de GER,1. Bundesliga,1st,24.1,71,2.94,44,1,7,11,8,0,11,0.46,6,0,3,0,2,0,Matches,Robert Lewandowski,FW
2018-2019,29,Bayern Munich,de GER,1. Bundesliga,1st,32.9,134,4.08,80,0,13,25,13,3,25,0.76,11,0,5,7,0,2,Matches,Robert Lewandowski,FW
2019-2020,30,Bayern Munich,de GER,1. Bundesliga,1st,30.7,106,3.46,68,1,17,11,9,0,14,0.46,8,0,4,0,2,0,Matches,Robert Lewandowski,FW
2020-2021,31,Bayern Munich,de GER,1. Bundesliga,1st,27.3,82,3.00,56,1,4,14,6,1,17,0.62,12,0,2,1,2,0,Matches,Robert Lewandowski,FW
2021-2022,32,Bayern Munich,de GER,1. Bundesliga,1st,32.7,109,3.33,63,1,18,16,10,1,15,0.46,8,0,3,3,1,0,Matches,Robert Lewandowski,FW
2022-2023,33,Barcelona,es ESP,1. La Liga,1st,31.6,91,2.88,68,1,6,12,4,0,16,0.51,10,0,1,5,0,0,Matches,Robert Lewandowski,FW
2023-2024,34,Barcelona,es ESP,1. La Liga,2nd,30.6,63,2.06,42,1,4,10,6,0,12,0.39,10,0,0,0,2,0,Matches,Robert Lewandowski,FW
2024-2025,35,Barcelona,es ESP,1. La Liga,3rd,16.4,35,2.13,23,0,4,4,4,0,1,0.06,1,0,0,0,0,0,Matches,Robert Lewandowski,FW
17 Seasons,17 Seasons,4 Clubs,,3 Leagues,,478.5,691,3.05,444,6,73,103,60,5,111,0.49,66,0,18,16,9,2,,Robert Lewandowski,FW
,,,Country,Comp,LgRank,90s,SCA,SCA90,PassLive,PassDead,TO,Sh,Fld,Def,GCA,GCA90,PassLive,PassDead,TO,Sh,Fld,Def,Matches,Robert Lewandowski,FW
Bayern Munich (8 Seasons),Bayern Munich (8 Seasons),Bayern Munich (8 Seasons),,1 League,,235.6,502,3.40,311,4,59,77,46,5,82,0.56,45,0,17,11,7,2,,Robert Lewandowski,FW
Dortmund (4 Seasons),Dortmund (4 Seasons),Dortmund (4 Seasons),,1 League,,109.5,,,,,,,,,,,,,,,,,,Robert Lewandowski,FW
Barcelona (3 Seasons),Barcelona (3 Seasons),Barcelona (3 Seasons),,1 League,,78.6,189,2.40,133,2,14,26,14,0,29,0.37,21,0,1,5,2,0,,Robert Lewandowski,FW
Lech Poznań (2 Seasons),Lech Poznań (2 Seasons),Lech Poznań (2 Seasons),,1 League,,54.9,,,,,,,,,,,,,,,,,,Robert Lewandowski,FW
,,,,,,,,,,,,,,,,,,,,,,,,Robert Lewandowski,FW
Bundesliga (12 Seasons),Bundesliga (12 Seasons),Bundesliga (12 Seasons),,,,345.0,502,3.40,311,4,59,77,46,5,82,0.56,45,0,17,11,7,2,,Robert Lewandowski,FW
La Liga (3 Seasons),La Liga (3 Seasons),La Liga (3 Seasons),,,,78.6,189,2.40,133,2,14,26,14,0,29,0.37,21,0,1,5,2,0,,Robert Lewandowski,FW
Ekstraklasa (2 Seasons),Ekstraklasa (2 Seasons),Ekstraklasa (2 Seasons),,,,54.9,,,,,,,,,,,,,,,,,,Robert Lewandowski,FW
2017-2018,18,Bordeaux,fr FRA,1. Ligue 1,6th,17.7,14,0.79,13,0,0,1,0,0,2,0.11,2,0,0,0,0,0,Matches,Jules Koundé,DF
2018-2019,19,Bordeaux,fr FRA,1. Ligue 1,14th,37.0,28,0.76,24,1,0,3,0,0,2,0.05,1,1,0,0,0,0,Matches,Jules Koundé,DF
2019-2020,20,Sevilla,es ESP,1. La Liga,4th,25.7,21,0.82,14,2,3,1,0,1,5,0.19,3,0,1,1,0,0,Matches,Jules Koundé,DF
2020-2021,21,Sevilla,es ESP,1. La Liga,4th,33.1,33,1.00,29,0,1,3,0,0,5,0.15,4,0,0,1,0,0,Matches,Jules Koundé,DF
2021-2022,22,Sevilla,es ESP,1. La Liga,4th,30.4,43,1.41,35,0,4,2,2,0,3,0.10,2,0,1,0,0,0,Matches,Jules Koundé,DF
2022-2023,23,Barcelona,es ESP,1. La Liga,1st,27.0,41,1.52,39,1,0,1,0,0,7,0.26,7,0,0,0,0,0,Matches,Jules Koundé,DF
2023-2024,24,Barcelona,es ESP,1. La Liga,2nd,32.2,62,1.92,55,2,0,4,1,0,9,0.28,9,0,0,0,0,0,Matches,Jules Koundé,DF
2024-2025,25,Barcelona,es ESP,1. La Liga,3rd,16.9,30,1.77,29,0,1,0,0,0,4,0.24,4,0,0,0,0,0,Matches,Jules Koundé,DF
8 Seasons,8 Seasons,3 Clubs,,2 Leagues,,219.9,272,1.24,238,6,9,15,3,1,37,0.17,32,1,2,2,0,0,,Jules Koundé,DF
,,,Country,Comp,LgRank,90s,SCA,SCA90,PassLive,PassDead,TO,Sh,Fld,Def,GCA,GCA90,PassLive,PassDead,TO,Sh,Fld,Def,Matches,Jules Koundé,DF
Sevilla (3 Seasons),Sevilla (3 Seasons),Sevilla (3 Seasons),,1 League,,89.1,97,1.09,78,2,8,6,2,1,13,0.15,9,0,2,2,0,0,,Jules Koundé,DF
Barcelona (3 Seasons),Barcelona (3 Seasons),Barcelona (3 Seasons),,1 League,,76.1,133,1.75,123,3,1,5,1,0,20,0.26,20,0,0,0,0,0,,Jules Koundé,DF
Bordeaux (2 Seasons),Bordeaux (2 Seasons),Bordeaux (2 Seasons),,1 League,,54.7,42,0.77,37,1,0,4,0,0,4,0.07,3,1,0,0,0,0,,Jules Koundé,DF
,,,,,,,,,,,,,,,,,,,,,,,,Jules Koundé,DF
La Liga (6 Seasons),La Liga (6 Seasons),La Liga (6 Seasons),,,,165.2,230,1.39,201,5,9,11,3,1,33,0.20,29,0,2,2,0,0,,Jules Koundé,DF
Ligue 1 (2 Seasons),Ligue 1 (2 Seasons),Ligue 1 (2 Seasons),,,,54.7,42,0.77,37,1,0,4,0,0,4,0.07,3,1,0,0,0,0,,Jules Koundé,DF
2023-2024,16,Barcelona,es ESP,1. La Liga,2nd,17.3,17,0.98,17,0,0,0,0,0,1,0.06,1,0,0,0,0,0,Matches,Pau Cubarsí,DF
2024-2025,17,Barcelona,es ESP,1. La Liga,3rd,16.5,22,1.33,21,0,0,1,0,0,4,0.24,3,0,0,1,0,0,Matches,Pau Cubarsí,DF
2 Seasons,2 Seasons,1 Club,,1 League,,33.8,39,1.15,38,0,0,1,0,0,5,0.15,4,0,0,1,0,0,,Pau Cubarsí,DF
2019-2020,16,Las Palmas,es ESP,2. La Liga 2,9th,31.4,116,3.70,94,5,8,2,5,2,10,0.32,9,0,1,0,0,0,Matches,Pedri,MF
2020-2021,17,Barcelona,es ESP,1. La Liga,3rd,26.8,87,3.24,72,4,5,2,4,0,12,0.45,8,0,0,1,3,0,Matches,Pedri,MF
2021-2022,18,Barcelona,es ESP,1. La Liga,2nd,9.8,46,4.67,33,7,1,2,3,0,6,0.61,4,0,0,1,1,0,Matches,Pedri,MF
2022-2023,19,Barcelona,es ESP,1. La Liga,1st,22.0,87,3.96,74,6,1,2,3,1,11,0.50,11,0,0,0,0,0,Matches,Pedri,MF
2023-2024,20,Barcelona,es ESP,1. La Liga,2nd,16.4,69,4.21,63,1,1,1,3,0,6,0.37,6,0,0,0,0,0,Matches,Pedri,MF
2024-2025,21,Barcelona,es ESP,1. La Liga,3rd,15.8,69,4.36,65,2,0,1,1,0,8,0.51,8,0,0,0,0,0,Matches,Pedri,MF
6 Seasons,6 Seasons,2 Clubs,,2 Leagues,,122.2,474,3.88,401,25,16,10,19,3,53,0.43,46,0,1,2,4,0,,Pedri,MF
,,,Country,Comp,LgRank,90s,SCA,SCA90,PassLive,PassDead,TO,Sh,Fld,Def,GCA,GCA90,PassLive,PassDead,TO,Sh,Fld,Def,Matches,Pedri,MF
Barcelona (5 Seasons),Barcelona (5 Seasons),Barcelona (5 Seasons),,1 League,,90.9,358,3.94,307,20,8,8,14,1,43,0.47,37,0,0,2,4,0,,Pedri,MF
Las Palmas (1 Season),Las Palmas (1 Season),Las Palmas (1 Season),,1 League,,31.4,116,3.70,94,5,8,2,5,2,10,0.32,9,0,1,0,0,0,,Pedri,MF
,,,,,,,,,,,,,,,,,,,,,,,,Pedri,MF
La Liga (5 Seasons),La Liga (5 Seasons),La Liga (5 Seasons),,,,90.9,358,3.94,307,20,8,8,14,1,43,0.47,37,0,0,2,4,0,,Pedri,MF
La Liga 2 (1 Season),La Liga 2 (1 Season),La Liga 2 (1 Season),,,,31.4,116,3.70,94,5,8,2,5,2,10,0.32,9,0,1,0,0,0,,Pedri,MF
2021-2022,17,Barcelona,es ESP,1. La Liga,2nd,2.1,3,1.44,2,0,0,0,1,0,0,0.0,0,0,0,0,0,0,Matches,Alejandro Balde,DF
2022-2023,18,Barcelona,es ESP,1. La Liga,1st,27.5,65,2.37,49,0,8,2,5,1,7,0.25,7,0,0,0,0,0,Matches,Alejandro Balde,DF
2023-2024,19,Barcelona,es ESP,1. La Liga,2nd,15.3,29,1.9,26,0,2,0,1,0,4,0.26,4,0,0,0,0,0,Matches,Alejandro Balde,DF
2024-2025,20,Barcelona,es ESP,1. La Liga,3rd,14.3,41,2.86,29,3,1,1,7,0,7,0.49,5,0,0,0,2,0,Matches,Alejandro Balde,DF
4 Seasons,4 Seasons,1 Club,,1 League,,59.2,138,2.33,106,3,11,3,14,1,18,0.3,16,0,0,0,2,0,,Alejandro Balde,DF
2022-2023,15,Barcelona,es ESP,1. La Liga,1st,0.1,0,0.0,0,0,0,0,0,0,0,0.0,0,0,0,0,0,0,Matches,Lamine Yamal,FW
2023-2024,16,Barcelona,es ESP,1. La Liga,2nd,24.5,108,4.41,64,5,17,9,8,5,18,0.74,12,0,2,1,2,1,Matches,Lamine Yamal,FW
2024-2025,17,Barcelona,es ESP,1. La Liga,3rd,14.2,80,5.65,51,1,12,7,7,2,18,1.27,12,0,3,1,2,0,Matches,Lamine Yamal,FW
3 Seasons,3 Seasons,1 Club,,1 League,,38.7,188,4.86,115,6,29,16,15,7,36,0.93,24,0,5,2,4,1,,Lamine Yamal,FW
2023-2024,19,Barcelona,es ESP,1. La Liga,2nd,0.2,1,6.0,0,0,0,0,1,0,0,0.0,0,0,0,0,0,0,Matches,Marc Casado,MF
2024-2025,20,Barcelona,es ESP,1. La Liga,3rd,13.1,34,2.59,30,0,0,1,1,2,6,0.46,6,0,0,0,0,0,Matches,Marc Casado,MF
3 Seasons,3 Seasons,1 Club,,1 League,,13.3,35,2.63,30,0,0,1,2,2,6,0.45,6,0,0,0,0,0,,Marc Casado,MF
2021-2022,22,Galatasaray,tr TUR,1. Süper Lig,13th,6.0,,,,,,,,,,,,,,,,,Matches,Iñaki Peña,GK
2022-2023,23,Barcelona,es ESP,1. La Liga,1st,0.8,0,0.00,0,0,0,0,0,0,0,0.00,0,0,0,0,0,0,Matches,Iñaki Peña,GK
2023-2024,24,Barcelona,es ESP,1. La Liga,2nd,10.0,0,0.00,0,0,0,0,0,0,0,0.00,0,0,0,0,0,0,Matches,Iñaki Peña,GK
2024-2025,25,Barcelona,es ESP,1. La Liga,3rd,13.5,1,0.07,1,0,0,0,0,0,1,0.07,1,0,0,0,0,0,Matches,Iñaki Peña,GK
7 Seasons,7 Seasons,2 Clubs,,2 Leagues,,30.3,1,0.04,1,0,0,0,0,0,1,0.04,1,0,0,0,0,0,,Iñaki Peña,GK
,,,Country,Comp,LgRank,90s,SCA,SCA90,PassLive,PassDead,TO,Sh,Fld,Def,GCA,GCA90,PassLive,PassDead,TO,Sh,Fld,Def,Matches,Iñaki Peña,GK
Barcelona (7 Seasons),Barcelona (7 Seasons),Barcelona (7 Seasons),,1 League,,24.3,1,0.04,1,0,0,0,0,0,1,0.04,1,0,0,0,0,0,,Iñaki Peña,GK
Galatasaray (1 Season),Galatasaray (1 Season),Galatasaray (1 Season),,1 League,,6.0,,,,,,,,,,,,,,,,,,Iñaki Peña,GK
,,,,,,,,,,,,,,,,,,,,,,,,Iñaki Peña,GK
La Liga (7 Seasons),La Liga (7 Seasons),La Liga (7 Seasons),,,,24.3,1,0.04,1,0,0,0,0,0,1,0.04,1,0,0,0,0,0,,Iñaki Peña,GK
Süper Lig (1 Season),Süper Lig (1 Season),Süper Lig (1 Season),,,,6.0,,,,,,,,,,,,,,,,,,Iñaki Peña,GK
2014-2015,16,Dinamo Zagreb,hr CRO,1. 1. HNL,1st,0.8,,,,,,,,,,,,,,,,,Matches,Dani Olmo,"MF,FW"
2015-2016,17,Dinamo Zagreb,hr CRO,1. 1. HNL,1st,0.5,,,,,,,,,,,,,,,,,Matches,Dani Olmo,"MF,FW"
2016-2017,18,Dinamo Zagreb,hr CRO,1. 1. HNL,2nd,9.3,,,,,,,,,,,,,,,,,Matches,Dani Olmo,"MF,FW"
2017-2018,19,Dinamo Zagreb,hr CRO,1. 1. HNL,1st,23.3,,,,,,,,,,,,,,,,,Matches,Dani Olmo,"MF,FW"
2018-2019,20,Dinamo Zagreb,hr CRO,1. 1. HNL,1st,17.7,,,,,,,,,,,,,,,,,Matches,Dani Olmo,"MF,FW"
2019-2020,21,Dinamo Zagreb,hr CRO,1. 1. HNL,1st,8.2,,,,,,,,,,,,,,,,,Matches,Dani Olmo,"MF,FW"
2019-2020,21,RB Leipzig,de GER,1. Bundesliga,3rd,8.3,27,3.25,22,2,0,2,1,0,1,0.12,0,1,0,0,0,0,Matches,Dani Olmo,"MF,FW"
2020-2021,22,RB Leipzig,de GER,1. Bundesliga,2nd,24.4,112,4.60,88,0,8,12,3,1,19,0.78,14,0,1,2,1,1,Matches,Dani Olmo,"MF,FW"
2021-2022,23,RB Leipzig,de GER,1. Bundesliga,4th,8.3,32,3.87,22,1,3,1,5,0,6,0.73,5,0,0,0,1,0,Matches,Dani Olmo,"MF,FW"
2022-2023,24,RB Leipzig,de GER,1. Bundesliga,3rd,14.2,64,4.50,51,3,4,4,2,0,11,0.77,5,0,2,3,1,0,Matches,Dani Olmo,"MF,FW"
2023-2024,25,RB Leipzig,de GER,1. Bundesliga,4th,16.1,61,3.79,44,0,3,9,3,2,8,0.50,8,0,0,0,0,0,Matches,Dani Olmo,"MF,FW"
2024-2025,26,Barcelona,es ESP,1. La Liga,3rd,6.9,23,3.32,16,0,5,2,0,0,3,0.43,1,0,2,0,0,0,Matches,Dani Olmo,"MF,FW"
11 Seasons,11 Seasons,3 Clubs,,3 Leagues,,138.0,319,4.08,243,6,23,30,14,3,48,0.61,33,1,5,5,3,1,,Dani Olmo,"MF,FW"
,,,Country,Comp,LgRank,90s,SCA,SCA90,PassLive,PassDead,TO,Sh,Fld,Def,GCA,GCA90,PassLive,PassDead,TO,Sh,Fld,Def,Matches,Dani Olmo,"MF,FW"
Dinamo Zagreb (6 Seasons),Dinamo Zagreb (6 Seasons),Dinamo Zagreb (6 Seasons),,1 League,,59.8,,,,,,,,,,,,,,,,,,Dani Olmo,"MF,FW"
RB Leipzig (5 Seasons),RB Leipzig (5 Seasons),RB Leipzig (5 Seasons),,1 League,,71.3,296,4.15,227,6,18,28,14,3,45,0.63,32,1,3,5,3,1,,Dani Olmo,"MF,FW"
Barcelona (1 Season),Barcelona (1 Season),Barcelona (1 Season),,1 League,,6.9,23,3.32,16,0,5,2,0,0,3,0.43,1,0,2,0,0,0,,Dani Olmo,"MF,FW"
,,,,,,,,,,,,,,,,,,,,,,,,Dani Olmo,"MF,FW"
1. HNL (6 Seasons),1. HNL (6 Seasons),1. HNL (6 Seasons),,,,59.8,,,,,,,,,,,,,,,,,,Dani Olmo,"MF,FW"
Bundesliga (5 Seasons),Bundesliga (5 Seasons),Bundesliga (5 Seasons),,,,71.3,296,4.15,227,6,18,28,14,3,45,0.63,32,1,3,5,3,1,,Dani Olmo,"MF,FW"
La Liga (1 Season),La Liga (1 Season),La Liga (1 Season),,,,6.9,23,3.32,16,0,5,2,0,0,3,0.43,1,0,2,0,0,0,,Dani Olmo,"MF,FW"
2017-2018,17,Valencia,es ESP,1. La Liga,4th,3.5,6,1.74,5,0,1,0,0,0,1,0.29,1,0,0,0,0,0,Matches,Ferrán Torres,"FW,MF"
2018-2019,18,Valencia,es ESP,1. La Liga,4th,9.4,30,3.18,26,0,2,1,1,0,4,0.42,3,0,1,0,0,0,Matches,Ferrán Torres,"FW,MF"
2019-2020,19,Valencia,es ESP,1. La Liga,9th,25.0,60,2.40,44,0,11,2,2,1,8,0.32,6,0,2,0,0,0,Matches,Ferrán Torres,"FW,MF"
2020-2021,20,Manchester City,eng ENG,1. Premier League,1st,14.5,40,2.76,25,2,7,1,5,0,6,0.41,3,0,1,0,2,0,Matches,Ferrán Torres,"FW,MF"
2021-2022,21,Manchester City,eng ENG,1. Premier League,1st,3.4,5,1.49,4,0,0,1,0,0,2,0.59,2,0,0,0,0,0,Matches,Ferrán Torres,"FW,MF"
2021-2022,21,Barcelona,es ESP,1. La Liga,2nd,15.7,38,2.42,26,0,4,3,5,0,5,0.32,4,0,0,1,0,0,Matches,Ferrán Torres,"FW,MF"
2022-2023,22,Barcelona,es ESP,1. La Liga,1st,15.5,50,3.23,32,6,7,3,1,1,3,0.19,3,0,0,0,0,0,Matches,Ferrán Torres,"FW,MF"
2023-2024,23,Barcelona,es ESP,1. La Liga,2nd,13.5,53,3.94,37,4,5,4,3,0,9,0.67,5,0,1,1,2,0,Matches,Ferrán Torres,"FW,MF"
2024-2025,24,Barcelona,es ESP,1. La Liga,3rd,5.7,15,2.61,10,2,2,0,1,0,2,0.35,2,0,0,0,0,0,Matches,Ferrán Torres,"FW,MF"
8 Seasons,8 Seasons,3 Clubs,,2 Leagues,,106.1,297,2.80,209,14,39,15,18,2,40,0.38,29,0,5,2,4,0,,Ferrán Torres,"FW,MF"
,,,Country,Comp,LgRank,90s,SCA,SCA90,PassLive,PassDead,TO,Sh,Fld,Def,GCA,GCA90,PassLive,PassDead,TO,Sh,Fld,Def,Matches,Ferrán Torres,"FW,MF"
Barcelona (4 Seasons),Barcelona (4 Seasons),Barcelona (4 Seasons),,1 League,,50.4,156,3.10,105,12,18,10,10,1,19,0.38,14,0,1,2,2,0,,Ferrán Torres,"FW,MF"
Valencia (3 Seasons),Valencia (3 Seasons),Valencia (3 Seasons),,1 League,,37.9,96,2.53,75,0,14,3,3,1,13,0.34,10,0,3,0,0,0,,Ferrán Torres,"FW,MF"
Manchester City (2 Seasons),Manchester City (2 Seasons),Manchester City (2 Seasons),,1 League,,17.9,45,2.52,29,2,7,2,5,0,8,0.45,5,0,1,0,2,0,,Ferrán Torres,"FW,MF"
,,,,,,,,,,,,,,,,,,,,,,,,Ferrán Torres,"FW,MF"
La Liga (7 Seasons),La Liga (7 Seasons),La Liga (7 Seasons),,,,88.3,252,2.86,180,12,32,13,13,2,32,0.36,24,0,4,2,2,0,,Ferrán Torres,"FW,MF"
Premier League (2 Seasons),Premier League (2 Seasons),Premier League (2 Seasons),,,,17.9,45,2.52,29,2,7,2,5,0,8,0.45,5,0,1,0,2,0,,Ferrán Torres,"FW,MF"
2010-2011,18,Gladbach,de GER,1. Bundesliga,16th,6.0,,,,,,,,,,,,,,,,,Matches,Marc-André ter Stegen,GK
2011-2012,19,Gladbach,de GER,1. Bundesliga,4th,34.0,,,,,,,,,,,,,,,,,Matches,Marc-André ter Stegen,GK
2012-2013,20,Gladbach,de GER,1. Bundesliga,8th,33.8,,,,,,,,,,,,,,,,,Matches,Marc-André ter Stegen,GK
2013-2014,21,Gladbach,de GER,1. Bundesliga,6th,34.0,,,,,,,,,,,,,,,,,Matches,Marc-André ter Stegen,GK
2015-2016,23,Barcelona,es ESP,1. La Liga,1st,6.0,,,,,,,,,,,,,,,,,Matches,Marc-André ter Stegen,GK
2016-2017,24,Barcelona,es ESP,1. La Liga,2nd,36.0,,,,,,,,,,,,,,,,,Matches,Marc-André ter Stegen,GK
2017-2018,25,Barcelona,es ESP,1. La Liga,1st,37.0,4,0.11,3,1,0,0,0,0,0,0.00,0,0,0,0,0,0,Matches,Marc-André ter Stegen,GK
2018-2019,26,Barcelona,es ESP,1. La Liga,1st,35.0,6,0.17,4,2,0,0,0,0,3,0.09,1,2,0,0,0,0,Matches,Marc-André ter Stegen,GK
2019-2020,27,Barcelona,es ESP,1. La Liga,2nd,36.0,5,0.14,4,1,0,0,0,0,2,0.06,1,1,0,0,0,0,Matches,Marc-André ter Stegen,GK
2020-2021,28,Barcelona,es ESP,1. La Liga,3rd,31.0,4,0.13,2,1,0,1,0,0,0,0.00,0,0,0,0,0,0,Matches,Marc-André ter Stegen,GK
2021-2022,29,Barcelona,es ESP,1. La Liga,2nd,35.0,8,0.23,5,3,0,0,0,0,0,0.00,0,0,0,0,0,0,Matches,Marc-André ter Stegen,GK
2022-2023,30,Barcelona,es ESP,1. La Liga,1st,37.2,12,0.32,11,1,0,0,0,0,1,0.03,1,0,0,0,0,0,Matches,Marc-André ter Stegen,GK
2023-2024,31,Barcelona,es ESP,1. La Liga,2nd,28.0,8,0.29,7,1,0,0,0,0,2,0.07,1,1,0,0,0,0,Matches,Marc-André ter Stegen,GK
2024-2025,32,Barcelona,es ESP,1. La Liga,3rd,5.5,1,0.18,0,1,0,0,0,0,0,0.00,0,0,0,0,0,0,Matches,Marc-André ter Stegen,GK
15 Seasons,15 Seasons,2 Clubs,,2 Leagues,,394.6,48,0.20,36,11,0,1,0,0,8,0.03,4,4,0,0,0,0,,Marc-André ter Stegen,GK
,,,Country,Comp,LgRank,90s,SCA,SCA90,PassLive,PassDead,TO,Sh,Fld,Def,GCA,GCA90,PassLive,PassDead,TO,Sh,Fld,Def,Matches,Marc-André ter Stegen,GK
Barcelona (11 Seasons),Barcelona (11 Seasons),Barcelona (11 Seasons),,1 League,,286.7,48,0.20,36,11,0,1,0,0,8,0.03,4,4,0,0,0,0,,Marc-André ter Stegen,GK
Gladbach (4 Seasons),Gladbach (4 Seasons),Gladbach (4 Seasons),,1 League,,107.8,,,,,,,,,,,,,,,,,,Marc-André ter Stegen,GK
,,,,,,,,,,,,,,,,,,,,,,,,Marc-André ter Stegen,GK
La Liga (11 Seasons),La Liga (11 Seasons),La Liga (11 Seasons),,,,286.7,48,0.20,36,11,0,1,0,0,8,0.03,4,4,0,0,0,0,,Marc-André ter Stegen,GK
Bundesliga (4 Seasons),Bundesliga (4 Seasons),Bundesliga (4 Seasons),,,,107.8,,,,,,,,,,,,,,,,,,Marc-André ter Stegen,GK
2017-2018,16,Manchester City,eng ENG,Jr. PL2 — Div. 1,6th,2.0,,,,,,,,,,,,,,,,,Matches,Eric García,"MF,DF"
2018-2019,17,Manchester City,eng ENG,Jr. PL2 — Div. 1,8th,9.8,,,,,,,,,,,,,,,,,Matches,Eric García,"MF,DF"
2019-2020,18,Manchester City,eng ENG,Jr. PL2 — Div. 1,9th,3.0,,,,,,,,,,,,,,,,,Matches,Eric García,"MF,DF"
2019-2020,18,Manchester City,eng ENG,1. Premier League,2nd,8.8,5,0.57,5,0,0,0,0,0,1,0.11,1,0,0,0,0,0,Matches,Eric García,"MF,DF"
2020-2021,19,Manchester City,eng ENG,1. Premier League,1st,4.3,2,0.47,1,0,0,0,1,0,0,0.00,0,0,0,0,0,0,Matches,Eric García,"MF,DF"
2021-2022,20,Barcelona,es ESP,1. La Liga,2nd,22.7,27,1.19,25,1,0,1,0,0,1,0.04,1,0,0,0,0,0,Matches,Eric García,"MF,DF"
2022-2023,21,Barcelona,es ESP,1. La Liga,1st,15.7,10,0.63,10,0,0,0,0,0,0,0.00,0,0,0,0,0,0,Matches,Eric García,"MF,DF"
2023-2024,22,Girona,es ESP,1. La Liga,3rd,29.3,42,1.43,39,0,0,2,1,0,6,0.20,6,0,0,0,0,0,Matches,Eric García,"MF,DF"
2023-2024,22,Barcelona,es ESP,1. La Liga,2nd,0.6,1,1.58,1,0,0,0,0,0,0,0.00,0,0,0,0,0,0,Matches,Eric García,"MF,DF"
2024-2025,23,Barcelona,es ESP,1. La Liga,3rd,6.0,11,1.85,9,0,0,2,0,0,4,0.67,3,0,0,1,0,0,Matches,Eric García,"MF,DF"
6 Seasons,6 Seasons,3 Clubs,,2 Leagues,,87.4,98,1.12,90,1,0,5,2,0,12,0.14,11,0,0,1,0,0,,Eric García,"MF,DF"
,,,Country,Comp,LgRank,90s,SCA,SCA90,PassLive,PassDead,TO,Sh,Fld,Def,GCA,GCA90,PassLive,PassDead,TO,Sh,Fld,Def,Matches,Eric García,"MF,DF"
Barcelona (4 Seasons),Barcelona (4 Seasons),Barcelona (4 Seasons),,1 League,,45.0,49,1.09,45,1,0,3,0,0,5,0.11,4,0,0,1,0,0,,Eric García,"MF,DF"
Manchester City (3 Seasons),Manchester City (3 Seasons),Manchester City (3 Seasons),,1 League,,14.8,,,,,,,,,,,,,,,,,,Eric García,"MF,DF"
Manchester City (2 Seasons),Manchester City (2 Seasons),Manchester City (2 Seasons),,1 League,,13.1,7,0.54,6,0,0,0,1,0,1,0.08,1,0,0,0,0,0,,Eric García,"MF,DF"
Girona (1 Season),Girona (1 Season),Girona (1 Season),,1 League,,29.3,42,1.43,39,0,0,2,1,0,6,0.20,6,0,0,0,0,0,,Eric García,"MF,DF"
,,,,,,,,,,,,,,,,,,,,,,,,Eric García,"MF,DF"
La Liga (4 Seasons),La Liga (4 Seasons),La Liga (4 Seasons),,,,74.3,91,1.22,84,1,0,5,1,0,11,0.15,10,0,0,1,0,0,,Eric García,"MF,DF"
PL2 — Div. 1 (3 Seasons),PL2 — Div. 1 (3 Seasons),PL2 — Div. 1 (3 Seasons),,,,14.8,,,,,,,,,,,,,,,,,,Eric García,"MF,DF"
Premier League (2 Seasons),Premier League (2 Seasons),Premier League (2 Seasons),,,,13.1,7,0.54,6,0,0,0,1,0,1,0.08,1,0,0,0,0,0,,Eric García,"MF,DF"
2023-2024,20,Barcelona,es ESP,1. La Liga,2nd,16.1,42,2.61,33,0,5,4,0,0,0,0.0,0,0,0,0,0,0,Matches,Fermin López,"MF,FW"
2024-2025,21,Barcelona,es ESP,1. La Liga,3rd,4.4,6,1.37,5,0,0,0,0,1,0,0.0,0,0,0,0,0,0,Matches,Fermin López,"MF,FW"
2 Seasons,2 Seasons,1 Club,,1 League,,20.5,48,2.35,38,0,5,4,0,1,0,0.0,0,0,0,0,0,0,,Fermin López,"MF,FW"
2024-2025,22,Barcelona,es ESP,1. La Liga,3rd,4.3,8,1.85,8,0,0,0,0,0,1,0.23,1,0,0,0,0,0,Matches,Gerard Martín,DF
1 Season,1 Season,1 Club,,1 League,,4.3,8,1.85,8,0,0,0,0,0,1,0.23,1,0,0,0,0,0,,Gerard Martín,DF
2022-2023,19,Barcelona,es ESP,1. La Liga,1st,1.6,8,5.03,6,2,0,0,0,0,1,0.63,1,0,0,0,0,0,Matches,Pablo Torre,"MF,FW"
2023-2024,20,Girona,es ESP,1. La Liga,3rd,7.8,24,3.07,24,0,0,0,0,0,6,0.77,6,0,0,0,0,0,Matches,Pablo Torre,"MF,FW"
2024-2025,21,Barcelona,es ESP,1. La Liga,3rd,2.8,13,4.74,11,1,0,0,1,0,2,0.73,2,0,0,0,0,0,Matches,Pablo Torre,"MF,FW"
3 Seasons,3 Seasons,2 Clubs,,1 League,,12.1,45,3.70,41,3,0,0,1,0,9,0.74,9,0,0,0,0,0,,Pablo Torre,"MF,FW"
,,,Country,Comp,LgRank,90s,SCA,SCA90,PassLive,PassDead,TO,Sh,Fld,Def,GCA,GCA90,PassLive,PassDead,TO,Sh,Fld,Def,Matches,Pablo Torre,"MF,FW"
Barcelona (2 Seasons),Barcelona (2 Seasons),Barcelona (2 Seasons),,1 League,,4.4,21,4.85,17,3,0,0,1,0,3,0.69,3,0,0,0,0,0,,Pablo Torre,"MF,FW"
Girona (1 Season),Girona (1 Season),Girona (1 Season),,1 League,,7.8,24,3.07,24,0,0,0,0,0,6,0.77,6,0,0,0,0,0,,Pablo Torre,"MF,FW"
2021-2022,16,Barcelona,es ESP,1. La Liga,2nd,25.7,61,2.37,52,1,5,0,3,0,16,0.62,13,0,2,0,1,0,Matches,Gavi,MF
2022-2023,17,Barcelona,es ESP,1. La Liga,1st,28.1,72,2.56,59,0,3,4,3,3,7,0.25,6,0,1,0,0,0,Matches,Gavi,MF
2023-2024,18,Barcelona,es ESP,1. La Liga,2nd,10.5,27,2.57,24,0,2,0,0,1,3,0.29,3,0,0,0,0,0,Matches,Gavi,MF
2024-2025,19,Barcelona,es ESP,1. La Liga,3rd,2.9,10,3.46,9,0,1,0,0,0,1,0.35,1,0,0,0,0,0,Matches,Gavi,MF
4 Seasons,4 Seasons,1 Club,,1 League,,67.2,170,2.53,144,1,11,4,6,4,27,0.4,23,0,3,0,1,0,,Gavi,MF
2024-2025,17,Barcelona,es ESP,1. La Liga,3rd,2.7,1,0.37,0,1,0,0,0,0,0,0.0,0,0,0,0,0,0,Matches,Marc Bernal,MF
1 Season,1 Season,1 Club,,1 League,,2.7,1,0.37,0,1,0,0,0,0,0,0.0,0,0,0,0,0,0,,Marc Bernal,MF
2023-2024,16,Barcelona,es ESP,1. La Liga,2nd,3.5,5,1.41,5,0,0,0,0,0,3,0.85,3,0,0,0,0,0,Matches,Héctor Fort,DF
2024-2025,17,Barcelona,es ESP,1. La Liga,3rd,3.1,7,2.29,6,1,0,0,0,0,0,0.0,0,0,0,0,0,0,Matches,Héctor Fort,DF
2 Seasons,2 Seasons,1 Club,,1 League,,6.6,12,1.82,11,1,0,0,0,0,3,0.45,3,0,0,0,0,0,,Héctor Fort,DF
2024-2025,19,Barcelona,es ESP,1. La Liga,3rd,1.9,0,0.0,0,0,0,0,0,0,0,0.0,0,0,0,0,0,0,Matches,Sergi Dominguez,DF
1 Season,1 Season,1 Club,,1 League,,1.9,0,0.0,0,0,0,0,0,0,0,0.0,0,0,0,0,0,0,,Sergi Dominguez,DF
2014-2015,17,Willem II,nl NED,1. Eredivisie,9th,0.3,,,,,,,,,,,,,,,,,Matches,Frenkie de Jong,MF
2015-2016,18,Willem II,nl NED,1. Eredivisie,16th,0.2,,,,,,,,,,,,,,,,,Matches,Frenkie de Jong,MF
2015-2016,18,Jong Ajax,nl NED,2. Eerste Divisie,9th,14.3,,,,,,,,,,,,,,,,,Matches,Frenkie de Jong,MF
2016-2017,19,Jong Ajax,nl NED,2. Eerste Divisie,2nd,29.0,,,,,,,,,,,,,,,,,Matches,Frenkie de Jong,MF
2016-2017,19,Ajax,nl NED,1. Eredivisie,2nd,1.7,,,,,,,,,,,,,,,,,Matches,Frenkie de Jong,MF
2017-2018,20,Ajax,nl NED,1. Eredivisie,2nd,17.3,,,,,,,,,,,,,,,,,Matches,Frenkie de Jong,MF
2018-2019,21,Ajax,nl NED,1. Eredivisie,1st,27.9,123,4.41,99,2,7,6,6,3,19,0.68,13,0,3,1,2,0,Matches,Frenkie de Jong,MF
2019-2020,22,Barcelona,es ESP,1. La Liga,2nd,23.5,52,2.21,48,0,1,0,2,1,9,0.38,8,0,0,0,1,0,Matches,Frenkie de Jong,MF
2020-2021,23,Barcelona,es ESP,1. La Liga,3rd,35.0,89,2.54,76,1,7,2,3,0,9,0.26,7,0,1,1,0,0,Matches,Frenkie de Jong,MF
2021-2022,24,Barcelona,es ESP,1. La Liga,2nd,27.5,83,3.02,71,2,7,2,1,0,9,0.33,9,0,0,0,0,0,Matches,Frenkie de Jong,MF
2022-2023,25,Barcelona,es ESP,1. La Liga,1st,28.2,110,3.91,94,5,6,2,1,2,11,0.39,10,1,0,0,0,0,Matches,Frenkie de Jong,MF
2023-2024,26,Barcelona,es ESP,1. La Liga,2nd,18.2,60,3.30,55,2,0,1,2,0,9,0.50,9,0,0,0,0,0,Matches,Frenkie de Jong,MF
2024-2025,27,Barcelona,es ESP,1. La Liga,3rd,2.6,10,3.83,9,0,1,0,0,0,4,1.53,3,0,1,0,0,0,Matches,Frenkie de Jong,MF
11 Seasons,11 Seasons,4 Clubs,,3 Leagues,,225.6,527,3.24,452,12,29,13,15,6,70,0.43,59,1,5,2,3,0,,Frenkie de Jong,MF
,,,Country,Comp,LgRank,90s,SCA,SCA90,PassLive,PassDead,TO,Sh,Fld,Def,GCA,GCA90,PassLive,PassDead,TO,Sh,Fld,Def,Matches,Frenkie de Jong,MF
Barcelona (6 Seasons),Barcelona (6 Seasons),Barcelona (6 Seasons),,1 League,,135.0,404,2.99,353,10,22,7,9,3,51,0.38,46,1,2,1,1,0,,Frenkie de Jong,MF
Ajax (3 Seasons),Ajax (3 Seasons),Ajax (3 Seasons),,1 League,,46.9,123,4.41,99,2,7,6,6,3,19,0.68,13,0,3,1,2,0,,Frenkie de Jong,MF
Jong Ajax (2 Seasons),Jong Ajax (2 Seasons),Jong Ajax (2 Seasons),,1 League,,43.3,,,,,,,,,,,,,,,,,,Frenkie de Jong,MF
Willem II (2 Seasons),Willem II (2 Seasons),Willem II (2 Seasons),,1 League,,0.5,,,,,,,,,,,,,,,,,,Frenkie de Jong,MF
,,,,,,,,,,,,,,,,,,,,,,,,Frenkie de Jong,MF
La Liga (6 Seasons),La Liga (6 Seasons),La Liga (6 Seasons),,,,135.0,404,2.99,353,10,22,7,9,3,51,0.38,46,1,2,1,1,0,,Frenkie de Jong,MF
Eredivisie (5 Seasons),Eredivisie (5 Seasons),Eredivisie (5 Seasons),,,,47.4,123,4.41,99,2,7,6,6,3,19,0.68,13,0,3,1,2,0,,Frenkie de Jong,MF
Eerste Divisie (2 Seasons),Eerste Divisie (2 Seasons),Eerste Divisie (2 Seasons),,,,43.3,,,,,,,,,,,,,,,,,,Frenkie de Jong,MF
2019-2020,17,Girona,es ESP,2. La Liga 2,5th,0.3,1,3.91,1,0,0,0,0,0,0,0.00,0,0,0,0,0,0,Matches,Pau Victor Delgado,FW
2020-2021,18,Girona,es ESP,2. La Liga 2,5th,1.2,1,0.83,0,0,0,1,0,0,0,0.00,0,0,0,0,0,0,Matches,Pau Victor Delgado,FW
2024-2025,22,Barcelona,es ESP,1. La Liga,3rd,2.2,8,3.69,6,0,1,0,1,0,2,0.92,1,0,0,0,1,0,Matches,Pau Victor Delgado,FW
6 Seasons,6 Seasons,2 Clubs,,2 Leagues,,3.6,10,2.75,7,0,1,1,1,0,2,0.55,1,0,0,0,1,0,,Pau Victor Delgado,FW
,,,Country,Comp,LgRank,90s,SCA,SCA90,PassLive,PassDead,TO,Sh,Fld,Def,GCA,GCA90,PassLive,PassDead,TO,Sh,Fld,Def,Matches,Pau Victor Delgado,FW
Girona (4 Seasons),Girona (4 Seasons),Girona (4 Seasons),,2 Leagues,,1.5,2,1.36,1,0,0,1,0,0,0,0.00,0,0,0,0,0,0,,Pau Victor Delgado,FW
Barcelona (2 Seasons),Barcelona (2 Seasons),Barcelona (2 Seasons),,1 League,,2.2,8,3.69,6,0,1,0,1,0,2,0.92,1,0,0,0,1,0,,Pau Victor Delgado,FW
,,,,,,,,,,,,,,,,,,,,,,,,Pau Victor Delgado,FW
La Liga (3 Seasons),La Liga (3 Seasons),La Liga (3 Seasons),,,,2.2,8,3.69,6,0,1,0,1,0,2,0.92,1,0,0,0,1,0,,Pau Victor Delgado,FW
La Liga 2 (3 Seasons),La Liga 2 (3 Seasons),La Liga 2 (3 Seasons),,,,1.5,2,1.36,1,0,0,1,0,0,0,0.00,0,0,0,0,0,0,,Pau Victor Delgado,FW
2019-2020,16,Barcelona,es ESP,1. La Liga,2nd,11.4,39,3.42,26,2,6,2,3,0,3,0.26,1,0,2,0,0,0,Matches,Ansu Fati,FW
2020-2021,17,Barcelona,es ESP,1. La Liga,3rd,4.8,21,4.37,13,1,2,0,5,0,4,0.83,2,0,1,0,1,0,Matches,Ansu Fati,FW
2021-2022,18,Barcelona,es ESP,1. La Liga,2nd,3.7,10,2.68,6,0,1,0,2,1,3,0.80,1,0,0,0,1,1,Matches,Ansu Fati,FW
2022-2023,19,Barcelona,es ESP,1. La Liga,1st,15.5,51,3.30,36,1,8,5,0,1,8,0.52,5,0,1,2,0,0,Matches,Ansu Fati,FW
2023-2024,20,Brighton,eng ENG,1. Premier League,11th,5.8,23,3.96,16,0,1,5,0,1,3,0.52,2,0,0,1,0,0,Matches,Ansu Fati,FW
2023-2024,20,Barcelona,es ESP,1. La Liga,2nd,0.6,1,1.80,0,0,0,1,0,0,0,0.00,0,0,0,0,0,0,Matches,Ansu Fati,FW
2024-2025,21,Barcelona,es ESP,1. La Liga,3rd,1.4,4,2.83,3,0,0,1,0,0,0,0.00,0,0,0,0,0,0,Matches,Ansu Fati,FW
6 Seasons,6 Seasons,2 Clubs,,2 Leagues,,43.2,149,3.45,100,4,18,14,10,3,21,0.49,11,0,4,3,2,1,,Ansu Fati,FW
,,,Country,Comp,LgRank,90s,SCA,SCA90,PassLive,PassDead,TO,Sh,Fld,Def,GCA,GCA90,PassLive,PassDead,TO,Sh,Fld,Def,Matches,Ansu Fati,FW
Barcelona (6 Seasons),Barcelona (6 Seasons),Barcelona (6 Seasons),,1 League,,37.4,126,3.37,84,4,17,9,10,2,18,0.48,9,0,4,2,2,1,,Ansu Fati,FW
Brighton (1 Season),Brighton (1 Season),Brighton (1 Season),,1 League,,5.8,23,3.96,16,0,1,5,0,1,3,0.52,2,0,0,1,0,0,,Ansu Fati,FW
,,,,,,,,,,,,,,,,,,,,,,,,Ansu Fati,FW
La Liga (6 Seasons),La Liga (6 Seasons),La Liga (6 Seasons),,,,37.4,126,3.37,84,4,17,9,10,2,18,0.48,9,0,4,2,2,1,,Ansu Fati,FW
Premier League (1 Season),Premier League (1 Season),Premier League (1 Season),,,,5.8,23,3.96,16,0,1,5,0,1,3,0.52,2,0,0,1,0,0,,Ansu Fati,FW
2014-2015,18,Chelsea,eng ENG,1. Premier League,1st,0.1,,,,,,,,,,,,,,,,,Matches,Andreas Christensen,DF
2015-2016,19,Gladbach,de GER,1. Bundesliga,4th,31.0,,,,,,,,,,,,,,,,,Matches,Andreas Christensen,DF
2016-2017,20,Gladbach,de GER,1. Bundesliga,9th,30.9,,,,,,,,,,,,,,,,,Matches,Andreas Christensen,DF
2017-2018,21,Chelsea,eng ENG,1. Premier League,5th,23.2,17,0.74,14,0,0,2,0,1,2,0.09,2,0,0,0,0,0,Matches,Andreas Christensen,DF
2018-2019,22,Chelsea,eng ENG,1. Premier League,3rd,6.9,3,0.44,3,0,0,0,0,0,0,0.00,0,0,0,0,0,0,Matches,Andreas Christensen,DF
2019-2020,23,Chelsea,eng ENG,1. Premier League,4th,19.5,14,0.72,13,0,0,1,0,0,2,0.10,2,0,0,0,0,0,Matches,Andreas Christensen,DF
2020-2021,24,Chelsea,eng ENG,1. Premier League,4th,15.2,13,0.85,12,0,1,0,0,0,1,0.07,1,0,0,0,0,0,Matches,Andreas Christensen,DF
2021-2022,25,Chelsea,eng ENG,1. Premier League,3rd,16.6,9,0.54,8,0,1,0,0,0,0,0.00,0,0,0,0,0,0,Matches,Andreas Christensen,DF
2022-2023,26,Barcelona,es ESP,1. La Liga,1st,19.6,15,0.77,15,0,0,0,0,0,2,0.10,2,0,0,0,0,0,Matches,Andreas Christensen,DF
2023-2024,27,Barcelona,es ESP,1. La Liga,2nd,22.0,28,1.27,25,0,0,2,0,1,3,0.14,2,0,0,1,0,0,Matches,Andreas Christensen,DF
2024-2025,28,Barcelona,es ESP,1. La Liga,3rd,0.3,0,0.00,0,0,0,0,0,0,0,0.00,0,0,0,0,0,0,Matches,Andreas Christensen,DF
11 Seasons,11 Seasons,3 Clubs,,3 Leagues,,185.2,99,0.80,90,0,2,5,0,2,10,0.08,9,0,0,1,0,0,,Andreas Christensen,DF
,,,Country,Comp,LgRank,90s,SCA,SCA90,PassLive,PassDead,TO,Sh,Fld,Def,GCA,GCA90,PassLive,PassDead,TO,Sh,Fld,Def,Matches,Andreas Christensen,DF
Chelsea (6 Seasons),Chelsea (6 Seasons),Chelsea (6 Seasons),,1 League,,81.5,56,0.69,50,0,2,3,0,1,5,0.06,5,0,0,0,0,0,,Andreas Christensen,DF
Barcelona (3 Seasons),Barcelona (3 Seasons),Barcelona (3 Seasons),,1 League,,41.8,43,1.03,40,0,0,2,0,1,5,0.12,4,0,0,1,0,0,,Andreas Christensen,DF
Gladbach (2 Seasons),Gladbach (2 Seasons),Gladbach (2 Seasons),,1 League,,61.9,,,,,,,,,,,,,,,,,,Andreas Christensen,DF
,,,,,,,,,,,,,,,,,,,,,,,,Andreas Christensen,DF
Premier League (6 Seasons),Premier League (6 Seasons),Premier League (6 Seasons),,,,81.5,56,0.69,50,0,2,3,0,1,5,0.06,5,0,0,0,0,0,,Andreas Christensen,DF
La Liga (3 Seasons),La Liga (3 Seasons),La Liga (3 Seasons),,,,41.8,43,1.03,40,0,0,2,0,1,5,0.12,4,0,0,1,0,0,,Andreas Christensen,DF
Bundesliga (2 Seasons),Bundesliga (2 Seasons),Bundesliga (2 Seasons),,,,61.9,,,,,,,,,,,,,,,,,,Andreas Christensen,DF
2017,17,Boston River,uy URU,1. Uruguayan Primera División,6th,5.9,,,,,,,,,,,,,,,,,Matches,Ronald Araújo,DF
2018,18,Boston River,uy URU,1. Uruguayan Primera División,13th,17.7,,,,,,,,,,,,,,,,,Matches,Ronald Araújo,DF
2019-2020,20,Barcelona,es ESP,1. La Liga,2nd,2.6,1,0.38,1,0,0,0,0,0,1,0.38,1,0,0,0,0,0,Matches,Ronald Araújo,DF
2020-2021,21,Barcelona,es ESP,1. La Liga,3rd,16.8,9,0.54,5,0,1,1,1,1,1,0.06,0,0,0,1,0,0,Matches,Ronald Araújo,DF
2021-2022,22,Barcelona,es ESP,1. La Liga,2nd,25.2,15,0.59,12,0,0,2,1,0,0,0.00,0,0,0,0,0,0,Matches,Ronald Araújo,DF
2022-2023,23,Barcelona,es ESP,1. La Liga,1st,20.0,18,0.90,15,0,0,3,0,0,6,0.30,5,0,0,1,0,0,Matches,Ronald Araújo,DF
2023-2024,24,Barcelona,es ESP,1. La Liga,2nd,22.2,22,0.99,14,0,1,7,0,0,4,0.18,1,0,0,3,0,0,Matches,Ronald Araújo,DF
8 Seasons,8 Seasons,2 Clubs,,2 Leagues,,110.5,65,0.75,47,0,2,13,2,1,12,0.14,7,0,0,5,0,0,,Ronald Araújo,DF
,,,Country,Comp,LgRank,90s,SCA,SCA90,PassLive,PassDead,TO,Sh,Fld,Def,GCA,GCA90,PassLive,PassDead,TO,Sh,Fld,Def,Matches,Ronald Araújo,DF
Barcelona (6 Seasons),Barcelona (6 Seasons),Barcelona (6 Seasons),,1 League,,86.9,65,0.75,47,0,2,13,2,1,12,0.14,7,0,0,5,0,0,,Ronald Araújo,DF
Boston River (2 Seasons),Boston River (2 Seasons),Boston River (2 Seasons),,1 League,,23.6,,,,,,,,,,,,,,,,,,Ronald Araújo,DF
,,,,,,,,,,,,,,,,,,,,,,,,Ronald Araújo,DF
La Liga (6 Seasons),La Liga (6 Seasons),La Liga (6 Seasons),,,,86.9,65,0.75,47,0,2,13,2,1,12,0.14,7,0,0,5,0,0,,Ronald Araújo,DF
Uruguayan Primera División (2 Seasons),Uruguayan Primera División (2 Seasons),Uruguayan Primera División (2 Seasons),,,,23.6,,,,,,,,,,,,,,,,,,Ronald Araújo,DF
2009-2010,19,Brentford,eng ENG,3. League One,9th,27.7,,,,,,,,,,,,,,,,,Matches,Wojciech Szczęsny,GK
2010-2011,20,Arsenal,eng ENG,1. Premier League,4th,15.0,,,,,,,,,,,,,,,,,Matches,Wojciech Szczęsny,GK
2011-2012,21,Arsenal,eng ENG,1. Premier League,3rd,38.0,,,,,,,,,,,,,,,,,Matches,Wojciech Szczęsny,GK
2012-2013,22,Arsenal,eng ENG,1. Premier League,4th,25.0,,,,,,,,,,,,,,,,,Matches,Wojciech Szczęsny,GK
2013-2014,23,Arsenal,eng ENG,1. Premier League,4th,37.0,,,,,,,,,,,,,,,,,Matches,Wojciech Szczęsny,GK
2014-2015,24,Arsenal,eng ENG,1. Premier League,3rd,16.6,,,,,,,,,,,,,,,,,Matches,Wojciech Szczęsny,GK
2015-2016,25,Roma,it ITA,1. Serie A,3rd,34.0,,,,,,,,,,,,,,,,,Matches,Wojciech Szczęsny,GK
2016-2017,26,Roma,it ITA,1. Serie A,2nd,38.0,,,,,,,,,,,,,,,,,Matches,Wojciech Szczęsny,GK
2017-2018,27,Juventus,it ITA,1. Serie A,1st,17.0,1,0.06,0,1,0,0,0,0,0,0.00,0,0,0,0,0,0,Matches,Wojciech Szczęsny,GK
2018-2019,28,Juventus,it ITA,1. Serie A,1st,28.0,3,0.11,2,1,0,0,0,0,0,0.00,0,0,0,0,0,0,Matches,Wojciech Szczęsny,GK
2019-2020,29,Juventus,it ITA,1. Serie A,1st,28.8,3,0.10,3,0,0,0,0,0,1,0.03,1,0,0,0,0,0,Matches,Wojciech Szczęsny,GK
2020-2021,30,Juventus,it ITA,1. Serie A,4th,29.7,3,0.10,3,0,0,0,0,0,2,0.07,2,0,0,0,0,0,Matches,Wojciech Szczęsny,GK
2021-2022,31,Juventus,it ITA,1. Serie A,4th,33.0,7,0.21,6,1,0,0,0,0,0,0.00,0,0,0,0,0,0,Matches,Wojciech Szczęsny,GK
2022-2023,32,Juventus,it ITA,1. Serie A,7th,27.5,2,0.07,2,0,0,0,0,0,0,0.00,0,0,0,0,0,0,Matches,Wojciech Szczęsny,GK
2023-2024,33,Juventus,it ITA,1. Serie A,3rd,35.0,2,0.06,2,0,0,0,0,0,0,0.00,0,0,0,0,0,0,Matches,Wojciech Szczęsny,GK
16 Seasons,16 Seasons,5 Clubs,,4 Leagues,,430.4,21,0.11,18,3,0,0,0,0,3,0.02,3,0,0,0,0,0,,Wojciech Szczęsny,GK
,,,Country,Comp,LgRank,90s,SCA,SCA90,PassLive,PassDead,TO,Sh,Fld,Def,GCA,GCA90,PassLive,PassDead,TO,Sh,Fld,Def,Matches,Wojciech Szczęsny,GK
Juventus (7 Seasons),Juventus (7 Seasons),Juventus (7 Seasons),,1 League,,199.0,21,0.11,18,3,0,0,0,0,3,0.02,3,0,0,0,0,0,,Wojciech Szczęsny,GK
Arsenal (5 Seasons),Arsenal (5 Seasons),Arsenal (5 Seasons),,1 League,,131.6,,,,,,,,,,,,,,,,,,Wojciech Szczęsny,GK
Roma (2 Seasons),Roma (2 Seasons),Roma (2 Seasons),,1 League,,72.0,,,,,,,,,,,,,,,,,,Wojciech Szczęsny,GK
Brentford (1 Season),Brentford (1 Season),Brentford (1 Season),,1 League,,27.7,,,,,,,,,,,,,,,,,,Wojciech Szczęsny,GK
Barcelona (1 Season),Barcelona (1 Season),Barcelona (1 Season),,1 League,,,,,,,,,,,,,,,,,,,,Wojciech Szczęsny,GK
,,,,,,,,,,,,,,,,,,,,,,,,Wojciech Szczęsny,GK
Serie A (9 Seasons),Serie A (9 Seasons),Serie A (9 Seasons),,,,271.0,21,0.11,18,3,0,0,0,0,3,0.02,3,0,0,0,0,0,,Wojciech Szczęsny,GK
Premier League (5 Seasons),Premier League (5 Seasons),Premier League (5 Seasons),,,,131.6,,,,,,,,,,,,,,,,,,Wojciech Szczęsny,GK
League One (1 Season),League One (1 Season),League One (1 Season),,,,27.7,,,,,,,,,,,,,,,,,,Wojciech Szczęsny,GK
La Liga (1 Season),La Liga (1 Season),La Liga (1 Season),,,,,,,,,,,,,,,,,,,,,,Wojciech Szczęsny,GK
2022-2023,18,FC Andorra,es ESP,2. La Liga 2,7th,3.4,6,1.77,6,0,0,0,0,0,2,0.59,2,0,0,0,0,0,Matches,Álex Valle,DF
2023-2024,19,Levante,es ESP,2. La Liga 2,8th,25.6,59,2.30,47,4,2,2,3,1,3,0.12,2,0,0,1,0,0,Matches,Álex Valle,DF
2024-2025,20,Celtic,sct SCO,1. Premiership,1st,6.1,,,,,,,,,,,,,,,,,Matches,Álex Valle,DF
3 Seasons,3 Seasons,4 Clubs,,3 Leagues,,35.1,65,2.24,53,4,2,2,3,1,5,0.17,4,0,0,1,0,0,,Álex Valle,DF
,,,Country,Comp,LgRank,90s,SCA,SCA90,PassLive,PassDead,TO,Sh,Fld,Def,GCA,GCA90,PassLive,PassDead,TO,Sh,Fld,Def,Matches,Álex Valle,DF
Levante (1 Season),Levante (1 Season),Levante (1 Season),,1 League,,25.6,59,2.30,47,4,2,2,3,1,3,0.12,2,0,0,1,0,0,,Álex Valle,DF
Celtic (1 Season),Celtic (1 Season),Celtic (1 Season),,1 League,,6.1,,,,,,,,,,,,,,,,,,Álex Valle,DF
FC Andorra (1 Season),FC Andorra (1 Season),FC Andorra (1 Season),,1 League,,3.4,6,1.77,6,0,0,0,0,0,2,0.59,2,0,0,0,0,0,,Álex Valle,DF
Barcelona (1 Season),Barcelona (1 Season),Barcelona (1 Season),,1 League,,,,,,,,,,,,,,,,,,,,Álex Valle,DF
,,,,,,,,,,,,,,,,,,,,,,,,Álex Valle,DF
La Liga 2 (2 Seasons),La Liga 2 (2 Seasons),La Liga 2 (2 Seasons),,,,29.0,65,2.24,53,4,2,2,3,1,5,0.17,4,0,0,1,0,0,,Álex Valle,DF
Premiership (1 Season),Premiership (1 Season),Premiership (1 Season),,,,6.1,,,,,,,,,,,,,,,,,,Álex Valle,DF
La Liga (1 Season),La Liga (1 Season),La Liga (1 Season),,,,,,,,,,,,,,,,,,,,,,Álex Valle,DF
