Season,Age,Squad,Country,Comp,LgRank,90s,Cmp,Att,Cmp%,TotDist,PrgDist,Cmp.1,Att.1,Cmp%.1,Cmp.2,Att.2,Cmp%.2,Cmp.3,Att.3,Cmp%.3,Ast,xAG,xA,A-xAG,KP,1/3,PPA,CrsPA,PrgP,Player,Position
2012-2013,20,Lierse,be BEL,1. Pro League,14th,30.0,,,,,,,,,,,,,,,0,,,,,,,,,Matz Sels,GK
2013-2014,21,Gent,be BEL,1. Pro League,7th,15.0,,,,,,,,,,,,,,,0,,,,,,,,,Matz Sels,GK
2014-2015,22,Gent,be BEL,1. Pro League,1st,39.0,,,,,,,,,,,,,,,0,,,,,,,,,Matz Sels,GK
2015-2016,23,Gent,be BEL,1. Pro League,3rd,40.0,,,,,,,,,,,,,,,0,,,,,,,,,Matz Sels,GK
2016-2017,24,Newcastle Utd,eng ENG,2. Championship,1st,9.0,,,,,,,,,,,,,,,0,,,,,,,,,Matz Sels,GK
2017-2018,25,Anderlecht,be BEL,1. First Division A,3rd,32.0,615,913,67.4,21344,18615,56,57,98.2,281,284,98.9,276,569,48.5,0,0.3,0.1,-0.3,1,26,1,0,0,Matz Sels,GK
2018-2019,26,Strasbourg,fr FRA,1. Ligue 1,11th,37.0,728,1147,63.5,25710,20831,61,61,100.0,297,304,97.7,369,776,47.6,0,0.0,0.1,0.0,0,24,0,0,0,Matz Sels,GK
2019-2020,27,Strasbourg,fr FRA,1. Ligue 1,10th,27.0,580,854,67.9,20145,16110,55,56,98.2,237,238,99.6,286,555,51.5,0,0.0,0.0,0.0,0,17,0,0,0,Matz Sels,GK
2020-2021,28,Strasbourg,fr FRA,1. Ligue 1,15th,6.0,108,174,62.1,3738,3078,15,15,100.0,38,38,100.0,55,121,45.5,0,0.0,0.0,0.0,0,1,1,0,0,Matz Sels,GK
2021-2022,29,Strasbourg,fr FRA,1. Ligue 1,6th,37.0,696,960,72.5,19862,15299,141,142,99.3,291,295,98.6,259,515,50.3,0,0.1,0.0,-0.1,1,6,0,0,1,Matz Sels,GK
2022-2023,30,Strasbourg,fr FRA,1. Ligue 1,15th,38.0,636,973,65.4,18508,14417,123,125,98.4,269,275,97.8,239,566,42.2,0,0.3,0.0,-0.3,1,17,0,0,0,Matz Sels,GK
2023-2024,31,Strasbourg,fr FRA,1. Ligue 1,13th,19.0,452,619,73.0,12321,8610,90,90,100.0,213,216,98.6,144,307,46.9,0,0.5,0.1,-0.5,1,11,1,0,0,Matz Sels,GK
2023-2024,31,Nott'ham Forest,eng ENG,1. Premier League,17th,16.0,263,378,69.6,7675,5788,66,66,100.0,103,105,98.1,91,202,45.0,0,0.1,0.1,-0.1,1,14,3,0,0,Matz Sels,GK
2024-2025,32,Nott'ham Forest,eng ENG,1. Premier League,3rd,19.0,259,504,51.4,9817,8522,41,41,100.0,78,80,97.5,140,377,37.1,0,0.0,0.1,0.0,0,19,1,0,1,Matz Sels,GK
2016-2017,19,Chelsea,eng ENG,1. Premier League,1st,0.3,,,,,,,,,,,,,,,0,,,,,,,,,Ola Aina,DF
2016-2017,19,Chelsea,eng ENG,Jr. PL2 — Div. 1,5th,3.0,,,,,,,,,,,,,,,0,,,,,,,,,Ola Aina,DF
2017-2018,20,Hull City,eng ENG,2. Championship,18th,42.5,,,,,,,,,,,,,,,3,,,,,,,,,Ola Aina,DF
2018-2019,21,Torino,it ITA,1. Serie A,7th,24.0,861,1178,73.1,13729,5830,465,525,88.6,268,395,67.8,88,159,55.3,3,2.5,2.2,+0.5,25,53,30,11,97,Ola Aina,DF
2019-2020,22,Torino,it ITA,1. Serie A,16th,23.1,862,1185,72.7,13825,5497,488,564,86.5,282,379,74.4,77,175,44.0,2,2.5,1.9,-0.5,22,57,17,13,80,Ola Aina,DF
2020-2021,23,Fulham,eng ENG,1. Premier League,18th,29.6,1352,1769,76.4,22797,9159,642,717,89.5,565,704,80.3,112,257,43.6,1,1.5,1.2,-0.5,15,92,15,9,106,Ola Aina,DF
2021-2022,24,Torino,it ITA,1. Serie A,10th,16.0,535,755,70.9,8693,3540,272,316,86.1,202,280,72.1,44,93,47.3,0,1.8,1.4,-1.8,16,43,20,4,68,Ola Aina,DF
2022-2023,25,Torino,it ITA,1. Serie A,10th,9.7,402,544,73.9,6725,2554,210,232,90.5,130,173,75.1,48,93,51.6,1,2.1,1.9,-1.1,12,35,14,9,43,Ola Aina,DF
2023-2024,26,Nott'ham Forest,eng ENG,1. Premier League,17th,18.8,603,802,75.2,9610,4012,328,374,87.7,217,284,76.4,45,99,45.5,1,0.9,1.0,+0.1,11,58,13,6,68,Ola Aina,DF
2024-2025,27,Nott'ham Forest,eng ENG,1. Premier League,3rd,18.3,580,780,74.4,8919,3789,320,362,88.4,202,279,72.4,35,92,38.0,0,0.5,1.1,-0.5,7,54,9,6,65,Ola Aina,DF
2015-2016,17,Partizan,rs SRB,1. SuperLiga,2nd,3.3,,,,,,,,,,,,,,,0,,,,,,,,,Nikola Milenković,DF
2016-2017,18,Partizan,rs SRB,1. SuperLiga,1st,32.0,,,,,,,,,,,,,,,1,,,,,,,,,Nikola Milenković,DF
2017-2018,19,Fiorentina,it ITA,1. Serie A,8th,13.9,669,796,84.0,12280,4334,236,263,89.7,368,408,90.2,55,103,53.4,0,0.1,0.2,-0.1,3,37,4,2,54,Nikola Milenković,DF
2018-2019,20,Fiorentina,it ITA,1. Serie A,16th,33.4,1465,1841,79.6,28617,9197,497,589,84.4,759,903,84.1,182,284,64.1,0,0.2,0.5,-0.2,4,101,9,2,159,Nikola Milenković,DF
2019-2020,21,Fiorentina,it ITA,1. Serie A,10th,36.2,1542,1776,86.8,29732,10695,541,588,92.0,818,902,90.7,178,253,70.4,0,0.3,0.4,-0.3,8,89,5,1,144,Nikola Milenković,DF
2020-2021,22,Fiorentina,it ITA,1. Serie A,13th,33.7,1435,1686,85.1,26739,9333,536,607,88.3,723,802,90.1,155,222,69.8,1,0.6,0.5,+0.4,7,112,4,0,123,Nikola Milenković,DF
2021-2022,23,Fiorentina,it ITA,1. Serie A,7th,32.5,1877,2098,89.5,38438,11989,545,607,89.8,1076,1137,94.6,243,316,76.9,0,0.2,0.5,-0.2,2,120,3,0,114,Nikola Milenković,DF
2022-2023,24,Fiorentina,it ITA,1. Serie A,8th,23.7,1107,1292,85.7,21399,6777,397,443,89.6,570,634,89.9,129,182,70.9,1,0.5,0.9,+0.5,6,62,3,0,78,Nikola Milenković,DF
2023-2024,25,Fiorentina,it ITA,1. Serie A,8th,27.9,1341,1584,84.7,27355,9362,395,465,84.9,777,838,92.7,159,235,67.7,0,0.7,0.9,-0.7,8,73,0,0,81,Nikola Milenković,DF
2024-2025,26,Nott'ham Forest,eng ENG,1. Premier League,3rd,18.0,412,496,83.1,8157,3051,138,157,87.9,215,243,88.5,53,77,68.8,1,0.2,0.3,+0.8,4,27,0,0,25,Nikola Milenković,DF
2023-2024,21,Nott'ham Forest,eng ENG,1. Premier League,17th,31.0,1123,1460,76.9,22984,10571,387,440,88.0,572,657,87.1,154,326,47.2,2,1.2,0.6,+0.8,7,101,11,0,89,Murillo,DF
2024-2025,22,Nott'ham Forest,eng ENG,1. Premier League,3rd,17.7,559,701,79.7,10450,4706,239,261,91.6,238,274,86.9,67,137,48.9,0,0.9,0.6,-0.9,10,51,6,0,53,Murillo,DF
2008-2009,16,West Brom,eng ENG,1. Premier League,20th,0.2,,,,,,,,,,,,,,,0,,,,,,,,,Chris Wood,FW
2009-2010,17,West Brom,eng ENG,2. Championship,2nd,7.9,,,,,,,,,,,,,,,4,,,,,,,,,Chris Wood,FW
2010-2011,18,West Brom,eng ENG,1. Premier League,11th,0.1,,,,,,,,,,,,,,,0,,,,,,,,,Chris Wood,FW
2010-2011,18,Barnsley,eng ENG,2. Championship,17th,3.0,,,,,,,,,,,,,,,0,,,,,,,,,Chris Wood,FW
2010-2011,18,Brighton,eng ENG,3. League One,1st,20.0,,,,,,,,,,,,,,,4,,,,,,,,,Chris Wood,FW
2011-2012,19,Bristol City,eng ENG,2. Championship,20th,13.0,,,,,,,,,,,,,,,1,,,,,,,,,Chris Wood,FW
2011-2012,19,Birmingham City,eng ENG,2. Championship,4th,12.8,,,,,,,,,,,,,,,1,,,,,,,,,Chris Wood,FW
2012-2013,20,Millwall,eng ENG,2. Championship,20th,17.7,,,,,,,,,,,,,,,2,,,,,,,,,Chris Wood,FW
2012-2013,20,Leicester City,eng ENG,2. Championship,6th,18.1,,,,,,,,,,,,,,,4,,,,,,,,,Chris Wood,FW
2013-2014,21,Leicester City,eng ENG,2. Championship,1st,10.3,,,,,,,,,,,,,,,4,,,,,,,,,Chris Wood,FW
2014-2015,22,Leicester City,eng ENG,1. Premier League,14th,1.3,,,,,,,,,,,,,,,0,,,,,,,,,Chris Wood,FW
2014-2015,22,Ipswich Town,eng ENG,2. Championship,6th,3.0,,,,,,,,,,,,,,,0,,,,,,,,,Chris Wood,FW
2015-2016,23,Leeds United,eng ENG,2. Championship,13th,32.0,,,,,,,,,,,,,,,4,,,,,,,,,Chris Wood,FW
2016-2017,24,Leeds United,eng ENG,2. Championship,7th,40.2,,,,,,,,,,,,,,,4,,,,,,,,,Chris Wood,FW
2017-2018,25,Leeds United,eng ENG,2. Championship,13th,3.0,,,,,,,,,,,,,,,0,,,,,,,,,Chris Wood,FW
2017-2018,25,Burnley,eng ENG,1. Premier League,7th,18.0,250,424,59.0,3088,437,165,243,67.9,56,107,52.3,8,14,57.1,1,0.6,0.5,+0.4,11,10,3,0,16,Chris Wood,FW
2018-2019,26,Burnley,eng ENG,1. Premier League,15th,28.8,390,613,63.6,4203,799,265,379,69.9,75,122,61.5,6,19,31.6,2,3.8,2.7,-1.8,20,15,7,1,25,Chris Wood,FW
2019-2020,27,Burnley,eng ENG,1. Premier League,10th,27.1,290,474,61.2,3085,405,212,313,67.7,43,90,47.8,4,7,57.1,1,1.8,0.5,-0.8,22,9,2,0,16,Chris Wood,FW
2020-2021,28,Burnley,eng ENG,1. Premier League,17th,30.5,425,663,64.1,4824,732,296,428,69.2,88,129,68.2,6,17,35.3,3,1.9,1.2,+1.1,21,31,5,0,20,Chris Wood,FW
2021-2022,29,Burnley,eng ENG,1. Premier League,18th,15.2,178,310,57.4,2190,520,124,203,61.1,37,63,58.7,4,6,66.7,0,0.5,0.4,-0.5,9,27,4,0,23,Chris Wood,FW
2021-2022,29,Newcastle Utd,eng ENG,1. Premier League,11th,14.7,169,327,51.7,1958,472,126,207,60.9,26,65,40.0,6,10,60.0,0,1.1,0.5,-1.1,10,18,2,0,18,Chris Wood,FW
2022-2023,30,Newcastle Utd,eng ENG,1. Premier League,4th,5.0,66,106,62.3,786,149,40,67,59.7,16,25,64.0,4,5,80.0,0,0.3,0.3,-0.3,3,3,1,0,4,Chris Wood,FW
2022-2023,30,Nott'ham Forest,eng ENG,1. Premier League,16th,4.1,43,71,60.6,581,139,26,43,60.5,14,22,63.6,1,2,50.0,0,0.2,0.1,-0.2,3,5,2,0,7,Chris Wood,FW
2023-2024,31,Nott'ham Forest,eng ENG,1. Premier League,17th,20.1,278,433,64.2,3415,784,178,260,68.5,70,108,64.8,7,11,63.6,1,2.1,1.1,-1.1,22,19,3,0,30,Chris Wood,FW
2024-2025,32,Nott'ham Forest,eng ENG,1. Premier League,3rd,16.5,156,248,62.9,2070,504,104,150,69.3,33,56,58.9,9,13,69.2,1,1.2,0.3,-0.2,7,8,5,1,16,Chris Wood,FW
2017-2018,16,Chelsea,eng ENG,Jr. PL2 — Div. 1,8th,8.2,,,,,,,,,,,,,,,1,,,,,,,,,Callum Hudson-Odoi,"FW,MF"
2017-2018,16,Chelsea,eng ENG,1. Premier League,5th,0.3,12,18,66.7,222,30,5,6,83.3,5,7,71.4,1,3,33.3,0,0.0,0.0,0.0,0,2,1,0,2,Callum Hudson-Odoi,"FW,MF"
2018-2019,17,Chelsea,eng ENG,Jr. PL2 — Div. 1,6th,5.0,,,,,,,,,,,,,,,2,,,,,,,,,Callum Hudson-Odoi,"FW,MF"
2018-2019,17,Chelsea,eng ENG,1. Premier League,3rd,4.4,185,231,80.1,2518,451,125,143,87.4,40,52,76.9,11,20,55.0,1,1.4,1.2,-0.4,9,7,7,3,13,Callum Hudson-Odoi,"FW,MF"
2019-2020,18,Chelsea,eng ENG,Jr. PL2 — Div. 1,1st,1.5,,,,,,,,,,,,,,,1,,,,,,,,,Callum Hudson-Odoi,"FW,MF"
2019-2020,18,Chelsea,eng ENG,1. Premier League,4th,9.6,380,486,78.2,6339,1158,196,231,84.8,105,129,81.4,52,75,69.3,5,2.0,2.0,+3.0,20,15,26,9,43,Callum Hudson-Odoi,"FW,MF"
2020-2021,19,Chelsea,eng ENG,1. Premier League,4th,11.8,533,659,80.9,7903,1791,315,349,90.3,139,179,77.7,39,65,60.0,3,2.8,2.9,+0.2,31,29,43,13,75,Callum Hudson-Odoi,"FW,MF"
2021-2022,20,Chelsea,eng ENG,1. Premier League,3rd,10.7,317,399,79.4,4453,981,203,232,87.5,87,109,79.8,15,33,45.5,2,2.1,1.9,-0.1,25,9,18,4,41,Callum Hudson-Odoi,"FW,MF"
2022-2023,21,Leverkusen,de GER,1. Bundesliga,6th,6.7,206,248,83.1,3427,782,114,128,89.1,67,78,85.9,22,30,73.3,1,0.8,0.9,+0.2,13,18,7,1,31,Callum Hudson-Odoi,"FW,MF"
2023-2024,22,Nott'ham Forest,eng ENG,1. Premier League,17th,20.6,574,736,78.0,9036,1826,325,359,90.5,187,251,74.5,46,83,55.4,1,2.8,2.5,-1.8,36,20,32,8,58,Callum Hudson-Odoi,"FW,MF"
2024-2025,23,Nott'ham Forest,eng ENG,1. Premier League,3rd,14.6,414,505,82.0,5861,1151,256,278,92.1,117,144,81.3,24,49,49.0,1,1.7,1.4,-0.7,31,14,15,4,41,Callum Hudson-Odoi,"FW,MF"
2016-2017,16,Wolves,eng ENG,2. Championship,15th,2.2,,,,,,,,,,,,,,,0,,,,,,,,,Morgan Gibbs-White,MF
2017-2018,17,Wolves,eng ENG,Jr. PL2 — Div. 2,9th,1.4,,,,,,,,,,,,,,,1,,,,,,,,,Morgan Gibbs-White,MF
2017-2018,17,Wolves,eng ENG,2. Championship,1st,2.8,,,,,,,,,,,,,,,0,,,,,,,,,Morgan Gibbs-White,MF
2018-2019,18,Wolves,eng ENG,1. Premier League,7th,7.4,272,336,81.0,4750,970,119,140,85.0,105,122,86.1,35,46,76.1,1,1.3,1.0,-0.3,11,28,8,1,28,Morgan Gibbs-White,MF
2019-2020,19,Wolves,eng ENG,Jr. PL2 — Div. 1,12th,0.4,,,,,,,,,,,,,,,0,,,,,,,,,Morgan Gibbs-White,MF
2019-2020,19,Wolves,eng ENG,1. Premier League,7th,1.4,64,83,77.1,962,230,32,37,86.5,26,33,78.8,2,6,33.3,0,0.1,0.1,-0.1,3,3,2,0,6,Morgan Gibbs-White,MF
2020-2021,20,Swansea City,eng ENG,2. Championship,4th,3.5,118,170,69.4,1860,512,64,77,83.1,31,47,66.0,16,30,53.3,1,0.7,0.6,+0.3,9,12,5,2,20,Morgan Gibbs-White,MF
2020-2021,20,Wolves,eng ENG,1. Premier League,13th,4.6,193,236,81.8,2799,646,109,127,85.8,58,69,84.1,14,23,60.9,0,0.4,0.3,-0.4,8,20,3,0,28,Morgan Gibbs-White,MF
2021-2022,21,Sheffield Utd,eng ENG,2. Championship,5th,31.8,1005,1430,70.3,14912,4479,575,737,78.0,298,407,73.2,76,132,57.6,9,10.0,9.0,-1.0,55,111,78,18,190,Morgan Gibbs-White,MF
2021-2022,21,Wolves,eng ENG,1. Premier League,10th,0.1,7,10,70.0,77,26,6,7,85.7,1,1,100.0,0,1,0.0,0,0.0,0.0,0.0,0,2,0,0,2,Morgan Gibbs-White,MF
2022-2023,22,Wolves,eng ENG,1. Premier League,13th,2.0,75,95,78.9,1122,345,47,58,81.0,17,21,81.0,7,9,77.8,0,0.1,0.2,-0.1,1,10,1,0,12,Morgan Gibbs-White,MF
2022-2023,22,Nott'ham Forest,eng ENG,1. Premier League,16th,33.0,659,1078,61.1,10717,3931,351,466,75.3,195,279,69.9,84,229,36.7,8,8.2,6.2,-0.2,66,70,40,5,131,Morgan Gibbs-White,MF
2023-2024,23,Nott'ham Forest,eng ENG,1. Premier League,17th,35.1,1045,1480,70.6,18412,6092,499,609,81.9,350,452,77.4,152,297,51.2,10,8.4,6.8,+1.6,74,114,39,13,170,Morgan Gibbs-White,MF
2024-2025,24,Nott'ham Forest,eng ENG,1. Premier League,3rd,12.9,416,533,78.0,6148,1990,251,295,85.1,114,143,79.7,33,50,66.0,3,2.9,3.3,+0.1,26,68,17,2,69,Morgan Gibbs-White,MF
2019-2020,16,Newcastle Utd,eng ENG,Jr. PL2 — Div. 2,6th,5.5,,,,,,,,,,,,,,,2,,,,,,,,,Elliot Anderson,"MF,FW"
2020-2021,17,Newcastle Utd,eng ENG,Jr. PL2 — Div. 2,13th,9.0,,,,,,,,,,,,,,,1,,,,,,,,,Elliot Anderson,"MF,FW"
2020-2021,17,Newcastle Utd,eng ENG,1. Premier League,12th,0.0,1,1,100.0,13,0,1,1,100.0,0,0,,0,0,,0,0.0,0.0,0.0,0,0,0,0,0,Elliot Anderson,"MF,FW"
2021-2022,18,Newcastle Utd,eng ENG,Jr. PL2 — Div. 2,8th,5.9,,,,,,,,,,,,,,,0,,,,,,,,,Elliot Anderson,"MF,FW"
2021-2022,18,Bristol Rovers,eng ENG,4. League Two,3rd,19.5,,,,,,,,,,,,,,,6,,,,,,,,,Elliot Anderson,"MF,FW"
2022-2023,19,Newcastle Utd,eng ENG,1. Premier League,4th,4.6,150,198,75.8,2043,599,90,104,86.5,44,56,78.6,5,10,50.0,1,1.3,1.5,-0.3,9,15,4,0,24,Elliot Anderson,"MF,FW"
2023-2024,20,Newcastle Utd,eng ENG,1. Premier League,7th,11.4,370,460,80.4,5041,1322,241,274,88.0,108,130,83.1,8,27,29.6,2,1.9,1.2,+0.1,15,36,12,0,57,Elliot Anderson,"MF,FW"
2024-2025,21,Nott'ham Forest,eng ENG,1. Premier League,3rd,12.6,449,575,78.1,7177,2473,239,268,89.2,162,206,78.6,35,70,50.0,5,2.8,2.5,+2.2,27,45,6,2,58,Elliot Anderson,"MF,FW"
2016-2017,18,Barrow,eng ENG,5. National League,7th,15.5,,,,,,,,,,,,,,,2,,,,,,,,,Ryan Yates,MF
2016-2017,18,Shrewsbury,eng ENG,3. League One,18th,8.3,,,,,,,,,,,,,,,0,,,,,,,,,Ryan Yates,MF
2017-2018,19,Scunthorpe Utd,eng ENG,3. League One,5th,14.2,,,,,,,,,,,,,,,1,,,,,,,,,Ryan Yates,MF
2017-2018,19,Notts County,eng ENG,4. League Two,5th,24.7,,,,,,,,,,,,,,,0,,,,,,,,,Ryan Yates,MF
2018-2019,20,Nott'ham Forest,eng ENG,2. Championship,9th,13.6,380,488,77.9,6239,1434,180,221,81.4,154,179,86.0,32,60,53.3,0,0.4,0.3,-0.4,9,38,1,0,40,Ryan Yates,MF
2019-2020,21,Nott'ham Forest,eng ENG,2. Championship,7th,16.7,393,529,74.3,6902,1655,167,210,79.5,189,242,78.1,32,57,56.1,0,0.7,0.7,-0.7,11,21,6,3,29,Ryan Yates,MF
2020-2021,22,Nott'ham Forest,eng ENG,2. Championship,17th,30.2,1058,1343,78.8,19840,5043,407,498,81.7,500,601,83.2,130,173,75.1,2,1.1,0.6,+0.9,15,90,2,0,95,Ryan Yates,MF
2021-2022,23,Nott'ham Forest,eng ENG,2. Championship,4th,40.8,1326,1697,78.1,25158,6753,490,586,83.6,629,749,84.0,161,252,63.9,0,2.2,2.9,-2.2,23,112,10,0,124,Ryan Yates,MF
2022-2023,24,Nott'ham Forest,eng ENG,1. Premier League,16th,20.4,455,592,76.9,7587,1812,204,248,82.3,205,237,86.5,32,61,52.5,2,1.2,0.4,+0.8,7,26,4,1,43,Ryan Yates,MF
2023-2024,25,Nott'ham Forest,eng ENG,1. Premier League,17th,22.1,658,827,79.6,10590,2717,315,375,84.0,279,324,86.1,37,67,55.2,1,0.8,0.6,+0.2,7,59,10,0,73,Ryan Yates,MF
2024-2025,26,Nott'ham Forest,eng ENG,1. Premier League,3rd,14.5,444,527,84.3,6295,1303,250,279,89.6,146,166,88.0,20,33,60.6,0,0.7,0.4,-0.7,12,35,3,0,34,Ryan Yates,MF
2018-2019,16,Manchester Utd,eng ENG,Jr. PL2 — Div. 2,6th,0.3,,,,,,,,,,,,,,,0,,,,,,,,,Anthony Elanga,"FW,MF"
2019-2020,17,Manchester Utd,eng ENG,Jr. PL2 — Div. 2,2nd,4.6,,,,,,,,,,,,,,,0,,,,,,,,,Anthony Elanga,"FW,MF"
2020-2021,18,Manchester Utd,eng ENG,1. Premier League,2nd,1.7,41,55,74.5,519,77,31,36,86.1,5,8,62.5,3,4,75.0,0,0.0,0.0,0.0,1,3,0,0,3,Anthony Elanga,"FW,MF"
2020-2021,18,Manchester Utd,eng ENG,Jr. PL2 — Div. 1,8th,15.6,,,,,,,,,,,,,,,2,,,,,,,,,Anthony Elanga,"FW,MF"
2021-2022,19,Manchester Utd,eng ENG,Jr. PL2 — Div. 1,6th,8.0,,,,,,,,,,,,,,,2,,,,,,,,,Anthony Elanga,"FW,MF"
2021-2022,19,Manchester Utd,eng ENG,1. Premier League,6th,13.5,340,450,75.6,4282,910,229,265,86.4,71,97,73.2,12,21,57.1,2,2.4,1.2,-0.4,9,11,8,2,18,Anthony Elanga,"FW,MF"
2022-2023,20,Manchester Utd,eng ENG,1. Premier League,3rd,4.7,95,130,73.1,1201,298,65,86,75.6,23,32,71.9,3,3,100.0,1,0.9,1.0,+0.1,6,3,3,0,8,Anthony Elanga,"FW,MF"
2023-2024,21,Nott'ham Forest,eng ENG,1. Premier League,17th,27.0,498,712,69.9,6655,1569,313,391,80.1,143,211,67.8,15,28,53.6,9,6.7,4.0,+2.3,32,28,24,5,49,Anthony Elanga,"FW,MF"
2024-2025,22,Nott'ham Forest,eng ENG,1. Premier League,3rd,11.6,203,326,62.3,2978,1046,116,142,81.7,54,90,60.0,19,58,32.8,3,1.6,1.7,+1.4,18,11,9,1,19,Anthony Elanga,"FW,MF"
2016-2017,18,Vélez Sarsfield,ar ARG,1. Primera Div,19th,8.0,318,405,78.5,4973,1589,159,182,87.4,96,119,80.7,35,56,62.5,1,0.0,0.0,+1.0,19,30,4,0,32,Nicolás Domínguez,"MF,FW"
2017-2018,19,Vélez Sarsfield,ar ARG,1. Liga Argentina,14th,20.5,875,1101,79.5,14641,4471,397,467,85.0,337,387,87.1,88,136,64.7,2,3.1,2.8,-1.1,25,99,15,3,144,Nicolás Domínguez,"MF,FW"
2018-2019,20,Vélez Sarsfield,ar ARG,1. Liga Argentina,6th,24.4,1175,1416,83.0,19435,5362,545,624,87.3,473,541,87.4,101,149,67.8,2,1.6,1.9,+0.4,21,128,12,0,198,Nicolás Domínguez,"MF,FW"
2019-2020,21,Vélez Sarsfield,ar ARG,1. Liga Argentina,3rd,13.7,595,720,82.6,10418,2913,253,298,84.9,265,302,87.7,60,79,75.9,1,1.3,0.8,-0.3,13,58,9,0,95,Nicolás Domínguez,"MF,FW"
2019-2020,21,Bologna,it ITA,1. Serie A,12th,7.8,337,407,82.8,5621,1595,161,179,89.9,127,147,86.4,33,50,66.0,1,1.1,0.5,-0.1,11,30,8,1,40,Nicolás Domínguez,"MF,FW"
2020-2021,22,Bologna,it ITA,1. Serie A,12th,13.9,614,716,85.8,10181,3198,303,340,89.1,240,275,87.3,48,64,75.0,0,1.7,1.6,-1.7,19,69,11,2,72,Nicolás Domínguez,"MF,FW"
2021-2022,23,Bologna,it ITA,1. Serie A,13th,22.4,994,1203,82.6,16850,5280,484,553,87.5,375,426,88.0,103,154,66.9,3,2.4,1.9,+0.6,27,108,29,4,113,Nicolás Domínguez,"MF,FW"
2022-2023,24,Bologna,it ITA,1. Serie A,9th,25.6,1169,1420,82.3,18139,5084,618,693,89.2,408,483,84.5,85,130,65.4,2,2.9,2.8,-0.9,36,118,25,2,147,Nicolás Domínguez,"MF,FW"
2023-2024,25,Bologna,it ITA,1. Serie A,5th,1.1,83,92,90.2,1276,370,45,49,91.8,36,40,90.0,2,2,100.0,0,0.0,0.1,0.0,1,5,1,0,9,Nicolás Domínguez,"MF,FW"
2023-2024,25,Nott'ham Forest,eng ENG,1. Premier League,17th,16.6,714,843,84.7,10894,3223,380,424,89.6,254,298,85.2,45,61,73.8,2,1.0,1.3,+1.0,10,61,16,1,91,Nicolás Domínguez,"MF,FW"
2024-2025,26,Nott'ham Forest,eng ENG,1. Premier League,3rd,10.0,387,453,85.4,5369,1616,235,258,91.1,113,130,86.9,15,25,60.0,0,0.2,0.3,-0.2,3,37,2,0,32,Nicolás Domínguez,"MF,FW"
2013-2014,20,Mallorca,es ESP,2. La Liga 2,17th,20.0,,,,,,,,,,,,,,,1,,,,,,,,,Álex Moreno,DF
2014-2015,21,Rayo Vallecano,es ESP,1. La Liga,11th,5.1,,,,,,,,,,,,,,,0,,,,,,,,,Álex Moreno,DF
2015-2016,22,Elche,es ESP,2. La Liga 2,11th,29.9,,,,,,,,,,,,,,,0,,,,,,,,,Álex Moreno,DF
2016-2017,23,Rayo Vallecano,es ESP,2. La Liga 2,12th,29.9,,,,,,,,,,,,,,,3,,,,,,,,,Álex Moreno,DF
2017-2018,24,Rayo Vallecano,es ESP,2. La Liga 2,1st,38.9,1736,2200,78.9,26015,7996,994,1120,88.8,598,753,79.4,95,207,45.9,2,3.3,3.9,-1.3,32,98,29,12,139,Álex Moreno,DF
2018-2019,25,Rayo Vallecano,es ESP,1. La Liga,20th,34.8,1152,1536,75.0,16661,5751,702,806,87.1,341,458,74.5,56,141,39.7,1,2.6,2.9,-1.6,31,70,35,11,117,Álex Moreno,DF
2019-2020,26,Betis,es ESP,1. La Liga,15th,25.2,993,1299,76.4,14683,4422,573,668,85.8,333,413,80.6,53,125,42.4,4,2.6,2.1,+1.4,25,48,27,13,83,Álex Moreno,DF
2020-2021,27,Betis,es ESP,1. La Liga,6th,19.8,897,1163,77.1,13461,4579,508,572,88.8,302,374,80.7,51,132,38.6,2,2.8,2.5,-0.8,17,53,16,7,65,Álex Moreno,DF
2021-2022,28,Betis,es ESP,1. La Liga,5th,26.7,1016,1389,73.1,15298,6008,572,671,85.2,362,488,74.2,51,148,34.5,3,1.9,2.0,+1.1,21,70,24,9,97,Álex Moreno,DF
2022-2023,29,Betis,es ESP,1. La Liga,6th,15.0,525,695,75.5,7787,3493,298,332,89.8,180,247,72.9,31,69,44.9,3,1.5,1.4,+1.5,9,38,13,4,44,Álex Moreno,DF
2022-2023,29,Aston Villa,eng ENG,1. Premier League,7th,14.8,581,745,78.0,8524,2588,320,374,85.6,216,266,81.2,24,42,57.1,3,3.0,2.6,0.0,22,15,30,14,37,Álex Moreno,DF
2023-2024,30,Aston Villa,eng ENG,1. Premier League,4th,11.5,428,542,79.0,6466,1602,235,264,89.0,171,210,81.4,17,30,56.7,0,1.1,1.0,-1.1,11,10,13,2,24,Álex Moreno,DF
2024-2025,31,Nott'ham Forest,eng ENG,1. Premier League,3rd,8.8,243,342,71.1,3574,1452,146,171,85.4,75,114,65.8,11,34,32.4,1,1.0,0.8,0.0,4,19,7,1,28,Álex Moreno,DF
2017-2018,16,Liverpool,eng ENG,Jr. PL2 — Div. 1,2nd,4.0,,,,,,,,,,,,,,,0,,,,,,,,,Neco Williams,DF
2018-2019,17,Liverpool,eng ENG,Jr. PL2 — Div. 1,4th,8.0,,,,,,,,,,,,,,,0,,,,,,,,,Neco Williams,DF
2019-2020,18,Liverpool,eng ENG,Jr. PL2 — Div. 1,5th,8.5,,,,,,,,,,,,,,,2,,,,,,,,,Neco Williams,DF
2019-2020,18,Liverpool,eng ENG,1. Premier League,1st,2.6,170,213,79.8,2824,600,90,97,92.8,62,77,80.5,15,28,53.6,0,0.1,0.2,-0.1,2,6,3,2,9,Neco Williams,DF
2020-2021,19,Liverpool,eng ENG,1. Premier League,3rd,2.8,151,210,71.9,2050,629,104,116,89.7,41,53,77.4,5,24,20.8,0,0.2,0.1,-0.2,3,7,1,1,14,Neco Williams,DF
2021-2022,20,Liverpool,eng ENG,1. Premier League,2nd,0.1,9,9,100.0,143,16,5,5,100.0,4,4,100.0,0,0,,1,0.7,0.5,+0.3,1,0,0,0,0,Neco Williams,DF
2021-2022,20,Fulham,eng ENG,2. Championship,1st,13.2,793,982,80.8,13010,3887,420,451,93.1,298,350,85.1,61,131,46.6,2,0.9,1.7,+1.1,14,75,23,12,85,Neco Williams,DF
2022-2023,21,Nott'ham Forest,eng ENG,1. Premier League,16th,20.9,533,840,63.5,9565,3461,254,307,82.7,196,286,68.5,68,177,38.4,0,1.4,1.2,-1.4,15,29,14,9,33,Neco Williams,DF
2023-2024,22,Nott'ham Forest,eng ENG,1. Premier League,17th,18.2,519,785,66.1,8061,3375,287,331,86.7,185,288,64.2,32,99,32.3,1,1.6,1.7,-0.6,11,43,17,11,47,Neco Williams,DF
2024-2025,23,Nott'ham Forest,eng ENG,1. Premier League,3rd,10.1,262,358,73.2,4030,1604,159,179,88.8,80,113,70.8,15,38,39.5,1,0.5,0.4,+0.5,6,16,9,3,31,Neco Williams,DF
2012-2013,17,Southampton,eng ENG,1. Premier League,14th,5.5,,,,,,,,,,,,,,,0,,,,,,,,,James Ward-Prowse,MF
2013-2014,18,Southampton,eng ENG,1. Premier League,8th,17.9,,,,,,,,,,,,,,,2,,,,,,,,,James Ward-Prowse,MF
2014-2015,19,Southampton,eng ENG,1. Premier League,7th,16.4,,,,,,,,,,,,,,,6,,,,,,,,,James Ward-Prowse,MF
2015-2016,20,Southampton,eng ENG,1. Premier League,6th,17.2,,,,,,,,,,,,,,,4,,,,,,,,,James Ward-Prowse,MF
2016-2017,21,Southampton,eng ENG,1. Premier League,8th,20.9,,,,,,,,,,,,,,,4,,,,,,,,,James Ward-Prowse,MF
2017-2018,22,Southampton,eng ENG,Jr. PL2 — Div. 2,6th,2.0,,,,,,,,,,,,,,,0,,,,,,,,,James Ward-Prowse,MF
2017-2018,22,Southampton,eng ENG,1. Premier League,17th,19.1,631,919,68.7,10188,2960,347,404,85.9,209,293,71.3,54,155,34.8,3,2.8,3.1,+0.2,36,50,14,6,66,James Ward-Prowse,MF
2018-2019,23,Southampton,eng ENG,1. Premier League,16th,21.6,613,892,68.7,9931,3270,328,388,84.5,210,280,75.0,57,180,31.7,0,3.2,3.5,-3.2,46,56,11,4,61,James Ward-Prowse,MF
2019-2020,24,Southampton,eng ENG,1. Premier League,11th,38.0,1444,1988,72.6,24974,7797,652,756,86.2,607,757,80.2,141,373,37.8,3,6.8,5.9,-3.8,62,144,33,8,170,James Ward-Prowse,MF
2020-2021,25,Southampton,eng ENG,1. Premier League,15th,38.0,2173,2712,80.1,34117,9745,1152,1259,91.5,772,891,86.6,166,409,40.6,7,3.9,4.3,+3.1,60,155,22,3,189,James Ward-Prowse,MF
2021-2022,26,Southampton,eng ENG,1. Premier League,15th,35.7,1657,2137,77.5,27629,9209,813,880,92.4,635,760,83.6,156,390,40.0,5,6.5,6.3,-1.5,71,169,16,10,189,James Ward-Prowse,MF
2022-2023,27,Southampton,eng ENG,1. Premier League,20th,37.5,1716,2176,78.9,28997,8717,834,922,90.5,687,809,84.9,153,342,44.7,4,6.2,5.3,-2.2,74,177,31,16,189,James Ward-Prowse,MF
2023-2024,28,Southampton,eng ENG,2. Championship,4th,1.0,96,113,85.0,1215,248,66,73,90.4,23,26,88.5,3,10,30.0,1,0.3,0.6,+0.7,2,8,2,1,11,James Ward-Prowse,MF
2023-2024,28,West Ham,eng ENG,1. Premier League,9th,33.3,1386,1672,82.9,23288,7105,702,762,92.1,520,570,91.2,134,270,49.6,7,7.8,6.3,-0.8,64,137,23,8,144,James Ward-Prowse,MF
2024-2025,29,West Ham,eng ENG,1. Premier League,14th,0.2,11,15,73.3,150,61,6,6,100.0,4,5,80.0,0,3,0.0,0,0.0,0.0,0.0,0,2,0,0,4,James Ward-Prowse,MF
2024-2025,29,Nott'ham Forest,eng ENG,1. Premier League,3rd,4.4,144,181,79.6,2284,765,81,87,93.1,53,61,86.9,8,23,34.8,0,0.1,0.4,-0.1,3,16,2,0,16,James Ward-Prowse,MF
2022-2023,22,Vitória,pt POR,1. Primeira Liga,6th,17.8,280,488,57.4,4307,1187,147,195,75.4,98,161,60.9,22,61,36.1,2,2.3,1.5,-0.3,25,15,14,5,31,Jota Silva,"FW,MF"
2023-2024,23,Vitória,pt POR,1. Primeira Liga,5th,30.9,425,716,59.4,6155,1655,247,327,75.5,135,222,60.8,24,64,37.5,5,4.1,3.1,+0.9,33,21,30,5,67,Jota Silva,"FW,MF"
2024-2025,24,Nott'ham Forest,eng ENG,1. Premier League,3rd,6.0,76,126,60.3,1029,339,45,60,75.0,21,35,60.0,4,10,40.0,1,1.6,1.5,-0.6,10,1,6,2,12,Jota Silva,"FW,MF"
2016-2017,18,Toulouse,fr FRA,1. Ligue 1,13th,2.9,,,,,,,,,,,,,,,0,,,,,,,,,Ibrahim Sangaré,MF
2017-2018,19,Toulouse,fr FRA,1. Ligue 1,18th,17.6,609,829,73.5,11514,3818,253,307,82.4,239,310,77.1,95,163,58.3,2,1.4,1.3,+0.6,19,98,8,1,126,Ibrahim Sangaré,MF
2018-2019,20,Toulouse,fr FRA,1. Ligue 1,16th,27.4,1212,1539,78.8,21598,8700,548,622,88.1,468,564,83.0,157,268,58.6,3,1.7,1.7,+1.3,20,182,27,1,227,Ibrahim Sangaré,MF
2019-2020,21,Toulouse,fr FRA,1. Ligue 1,20th,24.2,1009,1300,77.6,18230,7122,450,529,85.1,408,489,83.4,133,225,59.1,1,1.4,1.4,-0.4,27,140,20,3,175,Ibrahim Sangaré,MF
2020-2021,22,Toulouse,fr FRA,2. Ligue 2,3rd,2.0,122,159,76.7,2161,968,54,64,84.4,51,61,83.6,12,28,42.9,0,0.1,0.3,-0.1,2,30,2,1,24,Ibrahim Sangaré,MF
2020-2021,22,PSV Eindhoven,nl NED,1. Eredivisie,2nd,25.3,1635,1911,85.6,28443,9284,722,812,88.9,723,808,89.5,151,203,74.4,1,1.8,3.1,-0.8,21,160,22,2,174,Ibrahim Sangaré,MF
2021-2022,23,PSV Eindhoven,nl NED,1. Eredivisie,2nd,26.8,1766,2058,85.8,28566,9041,851,957,88.9,731,815,89.7,117,158,74.1,2,2.4,3.5,-0.4,22,224,20,3,192,Ibrahim Sangaré,MF
2022-2023,24,PSV Eindhoven,nl NED,1. Eredivisie,2nd,25.6,1302,1555,83.7,22325,7344,575,660,87.1,570,643,88.6,113,166,68.1,1,2.4,3.1,-1.4,25,161,22,4,194,Ibrahim Sangaré,MF
2023-2024,25,PSV Eindhoven,nl NED,1. Eredivisie,1st,2.0,151,171,88.3,2466,884,84,85,98.8,51,59,86.4,13,21,61.9,1,0.5,0.3,+0.5,4,15,0,0,19,Ibrahim Sangaré,MF
2023-2024,25,Nott'ham Forest,eng ENG,1. Premier League,17th,11.5,339,425,79.8,5477,1680,181,207,87.4,115,136,84.6,32,50,64.0,0,0.4,0.4,-0.4,7,34,5,0,44,Ibrahim Sangaré,MF
2024-2025,26,Nott'ham Forest,eng ENG,1. Premier League,3rd,2.4,86,113,76.1,1305,411,48,56,85.7,32,41,78.0,5,9,55.6,0,0.0,0.1,0.0,1,5,1,0,8,Ibrahim Sangaré,MF
2020-2021,19,Benfica,pt POR,1. Primeira Liga,3rd,1.0,50,59,84.7,910,276,20,22,90.9,22,24,91.7,5,9,55.6,0,0.0,0.0,0.0,0,6,0,0,6,Morato,DF
2021-2022,20,Benfica,pt POR,1. Primeira Liga,3rd,11.2,684,757,90.4,12991,4687,233,249,93.6,386,400,96.5,61,94,64.9,0,0.0,0.2,0.0,1,78,3,0,79,Morato,DF
2022-2023,21,Benfica,pt POR,1. Primeira Liga,1st,7.2,441,490,90.0,7705,3093,188,200,94.0,201,212,94.8,38,56,67.9,0,0.0,0.1,0.0,0,32,0,0,38,Morato,DF
2023-2024,22,Benfica,pt POR,1. Primeira Liga,2nd,16.9,768,934,82.2,12725,4468,389,427,91.1,314,374,84.0,52,85,61.2,1,2.0,0.9,-1.0,11,49,13,3,65,Morato,DF
2024-2025,23,Benfica,pt POR,1. Primeira Liga,3rd,1.0,67,74,90.5,1070,418,38,41,92.7,25,27,92.6,4,4,100.0,0,0.0,0.0,0.0,0,6,0,0,10,Morato,DF
2024-2025,23,Nott'ham Forest,eng ENG,1. Premier League,3rd,4.1,75,110,68.2,1114,599,39,45,86.7,31,39,79.5,1,13,7.7,0,0.0,0.0,0.0,0,2,0,0,6,Morato,DF
2015-2016,17,FSV Frankfurt,de GER,2. 2. Bundesliga,17th,10.0,,,,,,,,,,,,,,,1,,,,,,,,,Taiwo Awoniyi,FW
2016-2017,18,NEC Nijmegen,nl NED,1. Eredivisie,16th,10.7,,,,,,,,,,,,,,,0,,,,,,,,,Taiwo Awoniyi,FW
2017-2018,19,Excel Mouscron,be BEL,1. First Division A,13th,26.2,463,589,78.6,7290,1028,251,303,82.8,168,222,75.7,32,39,82.1,5,3.8,2.3,+1.2,42,23,20,4,47,Taiwo Awoniyi,FW
2018-2019,20,Excel Mouscron,be BEL,1. First Division A,14th,7.9,145,190,76.3,2204,419,80,97,82.5,47,61,77.0,11,15,73.3,1,1.2,1.0,-0.2,11,14,8,0,25,Taiwo Awoniyi,FW
2018-2019,20,Gent,be BEL,1. First Division A,5th,6.3,143,181,79.0,2069,222,82,102,80.4,52,58,89.7,4,4,100.0,0,0.9,0.5,-0.9,12,8,1,0,16,Taiwo Awoniyi,FW
2019-2020,21,Mainz 05,de GER,1. Bundesliga,13th,5.4,73,109,67.0,966,283,45,55,81.8,14,28,50.0,5,8,62.5,0,0.8,1.4,-0.8,5,6,5,3,7,Taiwo Awoniyi,FW
2020-2021,22,Union Berlin,de GER,1. Bundesliga,7th,15.1,194,295,65.8,2588,456,120,164,73.2,54,81,66.7,10,18,55.6,2,1.3,0.8,+0.7,20,8,2,0,16,Taiwo Awoniyi,FW
2021-2022,23,Union Berlin,de GER,1. Bundesliga,5th,24.2,313,474,66.0,4292,1060,180,255,70.6,88,127,69.3,18,31,58.1,1,2.4,1.9,-1.4,27,31,20,3,51,Taiwo Awoniyi,FW
2022-2023,24,Nott'ham Forest,eng ENG,1. Premier League,16th,15.6,143,223,64.1,1675,300,96,133,72.2,34,52,65.4,2,8,25.0,1,1.1,0.3,-0.1,10,6,2,0,12,Taiwo Awoniyi,FW
2023-2024,25,Nott'ham Forest,eng ENG,1. Premier League,17th,11.6,127,175,72.6,1594,312,88,111,79.3,34,47,72.3,3,5,60.0,3,1.7,0.9,+1.3,10,6,3,0,14,Taiwo Awoniyi,FW
2024-2025,26,Nott'ham Forest,eng ENG,1. Premier League,3rd,2.5,33,51,64.7,371,69,23,29,79.3,8,17,47.1,0,2,0.0,0,0.1,0.1,-0.1,1,2,1,0,4,Taiwo Awoniyi,FW
2024-2025,24,Nott'ham Forest,eng ENG,1. Premier League,3rd,2.5,48,69,69.6,721,218,23,32,71.9,17,24,70.8,4,6,66.7,0,0.4,0.3,-0.4,7,2,4,2,4,Ramón Sosa,"FW,MF"
2010-2011,19,Auxerre,fr FRA,1. Ligue 1,9th,8.0,,,,,,,,,,,,,,,0,,,,,,,,,Willy Boly,DF
2011-2012,20,Auxerre,fr FRA,1. Ligue 1,20th,31.7,,,,,,,,,,,,,,,0,,,,,,,,,Willy Boly,DF
2012-2013,21,Auxerre,fr FRA,2. Ligue 2,9th,23.6,,,,,,,,,,,,,,,1,,,,,,,,,Willy Boly,DF
2013-2014,22,Auxerre,fr FRA,2. Ligue 2,16th,29.5,,,,,,,,,,,,,,,0,,,,,,,,,Willy Boly,DF
2014-2015,23,Auxerre,fr FRA,2. Ligue 2,9th,1.0,,,,,,,,,,,,,,,0,,,,,,,,,Willy Boly,DF
2015-2016,24,Braga,pt POR,1. Primeira Liga,4th,21.3,,,,,,,,,,,,,,,1,,,,,,,,,Willy Boly,DF
2016-2017,25,Braga,pt POR,1. Primeira Liga,5th,3.0,,,,,,,,,,,,,,,0,,,,,,,,,Willy Boly,DF
2016-2017,25,Porto,pt POR,1. Primeira Liga,2nd,4.0,,,,,,,,,,,,,,,0,,,,,,,,,Willy Boly,DF
2017-2018,26,Wolves,eng ENG,2. Championship,1st,35.5,,,,,,,,,,,,,,,2,,,,,,,,,Willy Boly,DF
2018-2019,27,Wolves,eng ENG,1. Premier League,7th,35.2,1392,1725,80.7,23974,9658,645,713,90.5,589,679,86.7,127,257,49.4,0,2.1,0.7,-2.1,11,107,5,0,136,Willy Boly,DF
2019-2020,28,Wolves,eng ENG,1. Premier League,7th,22.0,798,991,80.5,13716,5642,358,394,90.9,370,425,87.1,54,126,42.9,1,1.1,0.5,-0.1,7,39,3,0,48,Willy Boly,DF
2020-2021,29,Wolves,eng ENG,1. Premier League,13th,20.9,855,1037,82.4,14746,5591,339,389,87.1,430,479,89.8,58,125,46.4,1,0.3,0.3,+0.7,3,49,1,0,44,Willy Boly,DF
2021-2022,30,Wolves,eng ENG,1. Premier League,10th,10.0,468,558,83.9,8303,3409,193,209,92.3,239,268,89.2,30,67,44.8,0,0.1,0.1,-0.1,1,20,0,0,20,Willy Boly,DF
2022-2023,31,Nott'ham Forest,eng ENG,1. Premier League,16th,7.6,194,258,75.2,3706,1660,63,77,81.8,107,126,84.9,20,47,42.6,1,0.2,0.3,+0.8,1,8,0,0,12,Willy Boly,DF
2023-2024,32,Nott'ham Forest,eng ENG,1. Premier League,17th,16.0,503,671,75.0,9362,4059,201,229,87.8,239,304,78.6,49,109,45.0,1,1.3,0.8,-0.3,9,34,8,0,32,Willy Boly,DF
2024-2025,33,Nott'ham Forest,eng ENG,1. Premier League,3rd,1.3,44,56,78.6,845,382,14,15,93.3,25,27,92.6,4,13,30.8,0,0.0,0.0,0.0,0,2,0,0,2,Willy Boly,DF
2022-2023,21,Nott'ham Forest,eng ENG,1. Premier League,16th,10.8,148,235,63.0,2539,979,77,97,79.4,53,73,72.6,16,34,47.1,2,0.7,0.6,+1.3,9,24,7,0,34,Danilo,MF
2023-2024,22,Nott'ham Forest,eng ENG,1. Premier League,17th,19.9,589,758,77.7,10498,3239,255,297,85.9,247,286,86.4,70,123,56.9,2,1.5,0.7,+0.5,20,74,14,0,83,Danilo,MF
2024-2025,23,Nott'ham Forest,eng ENG,1. Premier League,3rd,0.2,3,3,100.0,85,6,0,0,,2,2,100.0,1,1,100.0,0,0.0,0.0,0.0,0,0,0,0,0,Danilo,MF
2014-2015,18,Swindon Town,eng ENG,3. League One,4th,21.6,,,,,,,,,,,,,,,6,,,,,,,,,Harry Toffolo,DF
2015-2016,19,Rotherham Utd,eng ENG,2. Championship,21st,6.1,,,,,,,,,,,,,,,0,,,,,,,,,Harry Toffolo,DF
2015-2016,19,P'borough Utd,eng ENG,3. League One,13th,5.4,,,,,,,,,,,,,,,1,,,,,,,,,Harry Toffolo,DF
2016-2017,20,Scunthorpe Utd,eng ENG,3. League One,3rd,20.6,,,,,,,,,,,,,,,1,,,,,,,,,Harry Toffolo,DF
2017-2018,21,Doncaster,eng ENG,3. League One,15th,10.5,,,,,,,,,,,,,,,0,,,,,,,,,Harry Toffolo,DF
2017-2018,21,Norwich City,eng ENG,Jr. PL2 — Div. 2,7th,1.8,,,,,,,,,,,,,,,0,,,,,,,,,Harry Toffolo,DF
2018-2019,22,Lincoln City,eng ENG,4. League Two,1st,45.6,,,,,,,,,,,,,,,4,,,,,,,,,Harry Toffolo,DF
2019-2020,23,Lincoln City,eng ENG,3. League One,16th,26.0,,,,,,,,,,,,,,,3,,,,,,,,,Harry Toffolo,DF
2019-2020,23,Huddersfield,eng ENG,2. Championship,18th,19.0,823,1129,72.9,12836,5605,441,503,87.7,303,404,75.0,52,150,34.7,2,2.6,2.6,-0.6,20,57,19,7,81,Harry Toffolo,DF
2020-2021,24,Huddersfield,eng ENG,2. Championship,20th,29.7,1402,1810,77.5,21760,6974,764,869,87.9,491,611,80.4,94,204,46.1,5,3.4,3.0,+1.6,33,77,40,21,121,Harry Toffolo,DF
2021-2022,25,Huddersfield,eng ENG,2. Championship,3rd,39.6,1401,1921,72.9,23278,7975,739,848,87.1,522,684,76.3,120,284,42.3,7,5.2,4.1,+1.8,34,94,29,14,115,Harry Toffolo,DF
2022-2023,26,Nott'ham Forest,eng ENG,1. Premier League,16th,10.4,242,387,62.5,3806,1892,136,166,81.9,92,148,62.2,11,47,23.4,0,0.8,0.9,-0.8,5,14,7,4,29,Harry Toffolo,DF
2023-2024,27,Nottingham Forest,eng ENG,Jr. PL2,,1.2,,,,,,,,,,,,,,,0,,,,,,,,,Harry Toffolo,DF
2023-2024,27,Nott'ham Forest,eng ENG,1. Premier League,17th,16.2,424,590,71.9,6959,2983,207,244,84.8,159,216,73.6,41,96,42.7,3,1.5,1.2,+1.5,18,40,10,10,42,Harry Toffolo,DF
2024-2025,28,Nott'ham Forest,eng ENG,1. Premier League,3rd,0.5,25,34,73.5,338,192,18,20,90.0,7,9,77.8,0,3,0.0,0,0.0,0.0,0.0,0,1,0,0,2,Harry Toffolo,DF
2021-2022,15,St. Pauli U17,de GER,Jr. U17 Bundesliga,11th,13.7,,,,,,,,,,,,,,,,,,,,,,,,Eric da Silva Moreira,"MF,DF"
2022-2023,16,St. Pauli U19,de GER,Jr. U19 Bundesliga,17th,11.1,,,,,,,,,,,,,,,,,,,,,,,,Eric da Silva Moreira,"MF,DF"
2023-2024,17,St. Pauli U19,de GER,Jr. U19 Bundesliga,24th,3.2,,,,,,,,,,,,,,,,,,,,,,,,Eric da Silva Moreira,"MF,DF"
2023-2024,17,St. Pauli,de GER,2. 2. Bundesliga,1st,0.0,0,1,0.0,0,0,0,0,,0,1,0.0,0,0,,0,0.0,0.0,0.0,0,0,0,0,0,Eric da Silva Moreira,"MF,DF"
2024-2025,18,Nottingham Forest,eng ENG,Jr. PL2,10th,1.0,,,,,,,,,,,,,,,0,,,,,,,,,Eric da Silva Moreira,"MF,DF"
2024-2025,18,Nott'ham Forest,eng ENG,1. Premier League,3rd,0.3,7,8,87.5,86,7,6,7,85.7,1,1,100.0,0,0,,0,0.0,0.0,0.0,0,0,0,0,0,Eric da Silva Moreira,"MF,DF"
2018-2019,16,Norwich City,eng ENG,Jr. PL2 — Div. 2,11th,1.0,,,,,,,,,,,,,,,0,,,,,,,,,Andrew Omobamidele,DF
2019-2020,17,Norwich City,eng ENG,Jr. PL2 — Div. 2,11th,7.9,,,,,,,,,,,,,,,0,,,,,,,,,Andrew Omobamidele,DF
2020-2021,18,Norwich City,eng ENG,Jr. PL2 — Div. 2,11th,14.5,,,,,,,,,,,,,,,0,,,,,,,,,Andrew Omobamidele,DF
2020-2021,18,Norwich City,eng ENG,2. Championship,1st,7.9,434,486,89.3,8062,2314,156,165,94.5,244,262,93.1,32,51,62.7,0,0.0,0.0,0.0,0,13,0,0,16,Andrew Omobamidele,DF
2021-2022,19,Norwich City,eng ENG,1. Premier League,20th,4.2,197,235,83.8,3559,1026,75,85,88.2,100,115,87.0,18,27,66.7,0,0.0,0.0,0.0,0,10,0,0,14,Andrew Omobamidele,DF
2022-2023,20,Norwich City,eng ENG,2. Championship,13th,28.5,1652,1881,87.8,32556,9255,464,511,90.8,1014,1096,92.5,159,238,66.8,0,0.7,0.7,-0.7,6,92,4,0,95,Andrew Omobamidele,DF
2023-2024,21,Norwich City,eng ENG,2. Championship,6th,0.2,24,27,88.9,471,109,6,8,75.0,16,16,100.0,2,3,66.7,0,0.0,0.0,0.0,1,1,0,0,1,Andrew Omobamidele,DF
2023-2024,21,Nott'ham Forest,eng ENG,1. Premier League,17th,8.7,271,310,87.4,5197,1449,78,91,85.7,174,189,92.1,16,25,64.0,0,0.1,0.0,-0.1,2,9,0,0,8,Andrew Omobamidele,DF
