Season,Age,Squad,Country,Comp,LgRank,MP,Starts,Min,90s,Gls,Ast,G+A,G-PK,PK,PKatt,CrdY,CrdR,xG,npxG,xAG,npxG+xAG,PrgC,PrgP,PrgR,Gls.1,Ast.1,G+A.1,G-PK.1,G+A-PK,xG.1,xAG.1,xG+xAG,npxG.1,npxG+xAG.1,Player,Position
2010-2011,19,Groningen,nl NED,1. Eredivisie,5th,2,0,33,0.4,0,0,0,0,0,0,0,0,,,,,,,,0.00,0.00,0.00,0.00,0.00,,,,,,Virgil van Dijk,DF
2011-2012,20,Groningen,nl NED,1. Eredivisie,14th,23,21,1964,21.8,3,1,4,3,0,0,6,0,,,,,,,,0.14,0.05,0.18,0.14,0.18,,,,,,Virgil van Dijk,DF
2012-2013,21,Groningen,nl NED,1. Eredivisie,7th,32,32,2780,30.9,2,3,5,2,0,0,5,1,,,,,,,,0.06,0.10,0.16,0.06,0.16,,,,,,Virgil van Dijk,DF
2013-2014,22,Celtic,sct SCO,1. Premiership,1st,36,35,3072,34.1,5,0,5,5,0,0,2,1,,,,,,,,0.15,0.00,0.15,0.15,0.15,,,,,,Virgil van Dijk,DF
2014-2015,23,Celtic,sct SCO,1. Premiership,1st,35,35,3150,35.0,4,5,9,4,0,0,3,0,,,,,,,,0.11,0.14,0.26,0.11,0.26,,,,,,Virgil van Dijk,DF
2015-2016,24,Celtic,sct SCO,1. Premiership,1st,5,5,450,5.0,0,0,0,0,0,0,0,0,,,,,,,,0.00,0.00,0.00,0.00,0.00,,,,,,Virgil van Dijk,DF
2015-2016,24,Southampton,eng ENG,1. Premier League,6th,34,34,3060,34.0,3,0,3,3,0,0,2,0,,,,,,,,0.09,0.00,0.09,0.09,0.09,,,,,,Virgil van Dijk,DF
2016-2017,25,Southampton,eng ENG,1. Premier League,8th,21,21,1853,20.6,1,0,1,1,0,0,4,2,,,,,,,,0.05,0.00,0.05,0.05,0.05,,,,,,Virgil van Dijk,DF
2017-2018,26,Southampton,eng ENG,1. Premier League,17th,12,11,994,11.0,0,0,0,0,0,0,0,0,0.9,0.9,1.0,2.0,17,42,8,0.00,0.00,0.00,0.00,0.00,0.08,0.09,0.18,0.08,0.18,Virgil van Dijk,DF
2017-2018,26,Southampton,eng ENG,Jr. PL2 — Div. 2,6th,2,2,180,2.0,1,0,1,1,0,0,0,0,,,,,,,,0.50,0.00,0.50,0.50,0.50,,,,,,Virgil van Dijk,DF
2017-2018,26,Liverpool,eng ENG,1. Premier League,4th,14,14,1260,14.0,0,0,0,0,0,0,1,0,1.2,1.2,1.2,2.3,11,82,6,0.00,0.00,0.00,0.00,0.00,0.08,0.08,0.16,0.08,0.16,Virgil van Dijk,DF
2018-2019,27,Liverpool,eng ENG,1. Premier League,2nd,38,38,3384,37.6,4,2,6,4,0,0,1,0,3.1,3.1,1.4,4.6,20,174,20,0.11,0.05,0.16,0.11,0.16,0.08,0.04,0.12,0.08,0.12,Virgil van Dijk,DF
2019-2020,28,Liverpool,eng ENG,1. Premier League,1st,38,38,3420,38.0,5,1,6,5,0,0,1,0,2.9,2.9,1.3,4.2,21,170,14,0.13,0.03,0.16,0.13,0.16,0.08,0.04,0.11,0.08,0.11,Virgil van Dijk,DF
2020-2021,29,Liverpool,eng ENG,1. Premier League,3rd,5,5,370,4.1,1,0,1,1,0,0,1,0,0.2,0.2,0.0,0.2,0,30,1,0.24,0.00,0.24,0.24,0.24,0.06,0.00,0.06,0.06,0.06,Virgil van Dijk,DF
2021-2022,30,Liverpool,eng ENG,1. Premier League,2nd,34,34,3060,34.0,3,1,4,3,0,0,3,0,2.0,2.0,1.5,3.6,11,145,4,0.09,0.03,0.12,0.09,0.12,0.06,0.05,0.11,0.06,0.11,Virgil van Dijk,DF
2022-2023,31,Liverpool,eng ENG,1. Premier League,5th,32,32,2835,31.5,3,1,4,3,0,0,3,0,2.6,2.6,1.2,3.8,10,127,8,0.10,0.03,0.13,0.10,0.13,0.08,0.04,0.12,0.08,0.12,Virgil van Dijk,DF
2023-2024,32,Liverpool,eng ENG,1. Premier League,3rd,36,36,3177,35.3,2,2,4,2,0,0,3,1,2.8,2.8,1.6,4.4,32,200,7,0.06,0.06,0.11,0.06,0.11,0.08,0.04,0.12,0.08,0.12,Virgil van Dijk,DF
2024-2025,33,Liverpool,eng ENG,1. Premier League,1st,19,19,1710,19.0,1,1,2,1,0,0,1,0,1.3,1.3,0.3,1.6,4,70,4,0.05,0.05,0.11,0.05,0.11,0.07,0.02,0.08,0.07,0.08,Virgil van Dijk,DF
2012-2013,20,Basel,ch SUI,1. Super Lg,1st,29,12,1441,16.0,5,4,9,,,,0,0,,,,,,,,0.31,0.25,0.56,,,,,,,,Mohamed Salah,FW
2013-2014,21,Basel,ch SUI,1. Super Lg,1st,18,12,1149,12.8,4,3,7,4,0,0,1,0,,,,,,,,0.31,0.23,0.55,0.31,0.55,,,,,,Mohamed Salah,FW
2013-2014,21,Chelsea,eng ENG,1. Premier League,3rd,10,6,501,5.6,2,1,3,2,0,0,1,0,,,,,,,,0.36,0.18,0.54,0.36,0.54,,,,,,Mohamed Salah,FW
2014-2015,22,Chelsea,eng ENG,1. Premier League,1st,3,0,33,0.4,0,0,0,0,0,0,0,0,,,,,,,,0.00,0.00,0.00,0.00,0.00,,,,,,Mohamed Salah,FW
2014-2015,22,Fiorentina,it ITA,1. Serie A,4th,16,10,908,10.1,6,3,9,6,0,0,0,0,,,,,,,,0.59,0.30,0.89,0.59,0.89,,,,,,Mohamed Salah,FW
2015-2016,23,Roma,it ITA,1. Serie A,3rd,34,32,2723,30.3,14,6,20,14,0,0,2,1,,,,,,,,0.46,0.20,0.66,0.46,0.66,,,,,,Mohamed Salah,FW
2016-2017,24,Roma,it ITA,1. Serie A,2nd,31,29,2473,27.5,15,11,26,15,0,0,2,0,,,,,,,,0.55,0.40,0.95,0.55,0.95,,,,,,Mohamed Salah,FW
2017-2018,25,Liverpool,eng ENG,1. Premier League,4th,36,34,2907,32.3,32,10,42,31,1,2,1,0,24.1,22.6,7.5,30.1,95,97,393,0.99,0.31,1.30,0.96,1.27,0.75,0.23,0.98,0.70,0.93,Mohamed Salah,FW
2018-2019,26,Liverpool,eng ENG,1. Premier League,2nd,38,37,3250,36.1,22,8,30,19,3,3,1,0,20.2,17.9,9.4,27.2,131,127,429,0.61,0.22,0.83,0.53,0.75,0.56,0.26,0.82,0.49,0.75,Mohamed Salah,FW
2019-2020,27,Liverpool,eng ENG,1. Premier League,1st,34,33,2876,32.0,19,10,29,16,3,3,1,0,19.0,16.6,7.8,24.5,105,91,347,0.59,0.31,0.91,0.50,0.81,0.59,0.25,0.84,0.52,0.77,Mohamed Salah,FW
2020-2021,28,Liverpool,eng ENG,1. Premier League,3rd,37,34,3078,34.2,22,5,27,16,6,6,0,0,19.3,14.6,6.2,20.8,111,136,396,0.64,0.15,0.79,0.47,0.61,0.56,0.18,0.75,0.43,0.61,Mohamed Salah,FW
2021-2022,29,Liverpool,eng ENG,1. Premier League,2nd,35,30,2762,30.7,23,13,36,18,5,6,1,0,22.7,17.8,10.0,27.8,125,122,451,0.75,0.42,1.17,0.59,1.01,0.74,0.33,1.07,0.58,0.91,Mohamed Salah,FW
2022-2023,30,Liverpool,eng ENG,1. Premier League,5th,38,37,3290,36.6,19,12,31,17,2,4,2,0,21.6,18.5,7.2,25.7,120,149,421,0.52,0.33,0.85,0.47,0.79,0.59,0.20,0.79,0.51,0.70,Mohamed Salah,FW
2023-2024,31,Liverpool,eng ENG,1. Premier League,3rd,32,28,2534,28.2,18,10,28,13,5,7,2,0,21.2,15.5,11.8,27.3,98,147,341,0.64,0.36,0.99,0.46,0.82,0.75,0.42,1.17,0.55,0.97,Mohamed Salah,FW
2024-2025,32,Liverpool,eng ENG,1. Premier League,1st,19,19,1672,18.6,18,13,31,13,5,5,1,0,16.4,12.5,7.9,20.4,79,71,224,0.97,0.70,1.67,0.70,1.40,0.88,0.43,1.31,0.67,1.10,Mohamed Salah,FW
2018-2019,16,Ajax,nl NED,1. Eredivisie,1st,1,0,8,0.1,0,0,0,0,0,0,0,0,0.0,0.0,0.0,0.0,0,0,0,0.00,0.00,0.00,0.00,0.00,0.00,0.00,0.00,0.00,0.00,Ryan Gravenberch,MF
2018-2019,16,Jong Ajax,nl NED,2. Eerste Divisie,11th,27,27,2311,25.7,2,7,9,2,0,0,3,0,,,,,,,,0.08,0.27,0.35,0.08,0.35,,,,,,Ryan Gravenberch,MF
2019-2020,17,Jong Ajax,nl NED,2. Eerste Divisie,4th,17,17,1484,16.5,6,3,9,6,0,0,3,0,,,,,,,,0.36,0.18,0.55,0.36,0.55,,,,,,Ryan Gravenberch,MF
2019-2020,17,Ajax,nl NED,1. Eredivisie,1st,9,5,481,5.3,2,1,3,2,0,0,1,0,0.9,0.9,1.2,2.0,20,42,16,0.37,0.19,0.56,0.37,0.56,0.16,0.22,0.38,0.16,0.38,Ryan Gravenberch,MF
2020-2021,18,Ajax,nl NED,1. Eredivisie,1st,32,31,2609,29.0,3,5,8,3,0,0,3,0,2.4,2.4,3.0,5.4,95,311,97,0.10,0.17,0.28,0.10,0.28,0.08,0.10,0.19,0.08,0.19,Ryan Gravenberch,MF
2021-2022,19,Ajax,nl NED,1. Eredivisie,1st,30,26,2205,24.5,2,5,7,2,0,0,4,0,4.2,4.2,3.9,8.1,92,204,148,0.08,0.20,0.29,0.08,0.29,0.17,0.16,0.33,0.17,0.33,Ryan Gravenberch,MF
2022-2023,20,Bayern Munich,de GER,1. Bundesliga,1st,24,3,576,6.4,0,0,0,0,0,0,1,0,0.9,0.9,0.5,1.4,11,44,31,0.00,0.00,0.00,0.00,0.00,0.14,0.08,0.21,0.14,0.21,Ryan Gravenberch,MF
2023-2024,21,Bayern Munich,de GER,1. Bundesliga,3rd,1,0,10,0.1,0,0,0,0,0,0,1,0,0.0,0.0,0.2,0.2,0,1,3,0.00,0.00,0.00,0.00,0.00,0.00,1.92,1.92,0.00,1.92,Ryan Gravenberch,MF
2023-2024,21,Liverpool,eng ENG,1. Premier League,3rd,26,12,1121,12.5,1,0,1,1,0,0,0,0,2.0,2.0,0.9,2.9,39,78,71,0.08,0.00,0.08,0.08,0.08,0.16,0.07,0.23,0.16,0.23,Ryan Gravenberch,MF
2024-2025,22,Liverpool,eng ENG,1. Premier League,1st,19,19,1647,18.3,0,2,2,0,0,0,4,0,0.7,0.7,2.0,2.6,39,98,29,0.00,0.11,0.11,0.00,0.11,0.04,0.11,0.14,0.04,0.14,Ryan Gravenberch,MF
2016-2017,17,Liverpool,eng ENG,Jr. PL2 — Div. 1,3rd,12,12,1072,11.9,4,4,8,4,0,0,3,0,,,,,,,,0.34,0.34,0.67,0.34,0.67,,,,,,Trent Alexander-Arnold,DF
2016-2017,17,Liverpool,eng ENG,1. Premier League,4th,7,2,167,1.9,0,0,0,0,0,0,0,0,,,,,,,,0.00,0.00,0.00,0.00,0.00,,,,,,Trent Alexander-Arnold,DF
2017-2018,18,Liverpool,eng ENG,Jr. PL2 — Div. 1,2nd,1,1,90,1.0,0,0,0,0,0,0,0,0,,,,,,,,0.00,0.00,0.00,0.00,0.00,,,,,,Trent Alexander-Arnold,DF
2017-2018,18,Liverpool,eng ENG,1. Premier League,4th,19,18,1573,17.5,1,1,2,1,0,0,3,0,1.0,1.0,2.6,3.6,39,94,126,0.06,0.06,0.11,0.06,0.11,0.05,0.15,0.21,0.05,0.21,Trent Alexander-Arnold,DF
2018-2019,19,Liverpool,eng ENG,1. Premier League,2nd,29,27,2462,27.4,1,12,13,1,0,0,3,0,1.6,1.6,6.3,7.9,70,157,174,0.04,0.44,0.48,0.04,0.48,0.06,0.23,0.29,0.06,0.29,Trent Alexander-Arnold,DF
2019-2020,20,Liverpool,eng ENG,1. Premier League,1st,38,35,3175,35.3,4,13,17,4,0,0,5,0,2.8,2.8,10.9,13.7,98,247,226,0.11,0.37,0.48,0.11,0.48,0.08,0.31,0.39,0.08,0.39,Trent Alexander-Arnold,DF
2020-2021,21,Liverpool,eng ENG,1. Premier League,3rd,36,34,3031,33.7,2,7,9,2,0,0,2,0,2.6,2.6,8.6,11.2,98,251,249,0.06,0.21,0.27,0.06,0.27,0.08,0.26,0.33,0.08,0.33,Trent Alexander-Arnold,DF
2021-2022,22,Liverpool,eng ENG,1. Premier League,2nd,32,32,2853,31.7,2,12,14,2,0,0,2,0,2.4,2.4,12.0,14.4,53,267,201,0.06,0.38,0.44,0.06,0.44,0.07,0.38,0.46,0.07,0.46,Trent Alexander-Arnold,DF
2022-2023,23,Liverpool,eng ENG,1. Premier League,5th,37,34,2923,32.5,2,9,11,2,0,0,5,0,2.4,2.4,11.5,13.8,43,235,139,0.06,0.28,0.34,0.06,0.34,0.07,0.35,0.43,0.07,0.43,Trent Alexander-Arnold,DF
2023-2024,24,Liverpool,eng ENG,1. Premier League,3rd,28,25,2155,23.9,3,4,7,3,0,0,6,0,2.6,2.3,7.2,9.5,45,205,97,0.13,0.17,0.29,0.13,0.29,0.11,0.30,0.41,0.10,0.40,Trent Alexander-Arnold,DF
2024-2025,25,Liverpool,eng ENG,1. Premier League,1st,18,17,1395,15.5,1,4,5,1,0,0,4,0,0.7,0.7,5.4,6.1,36,118,57,0.06,0.26,0.32,0.06,0.32,0.05,0.35,0.40,0.05,0.40,Trent Alexander-Arnold,DF
2013-2014,19,Dundee United,sct SCO,1. Premiership,4th,36,36,3240,36.0,3,4,7,3,0,0,6,0,,,,,,,,0.08,0.11,0.19,0.08,0.19,,,,,,Andrew Robertson,DF
2014-2015,20,Hull City,eng ENG,1. Premier League,18th,24,17,1526,17.0,0,2,2,0,0,0,7,0,,,,,,,,0.00,0.12,0.12,0.00,0.12,,,,,,Andrew Robertson,DF
2015-2016,21,Hull City,eng ENG,2. Championship,4th,42,41,3565,39.6,2,4,6,2,0,0,3,0,,,,,,,,0.05,0.10,0.15,0.05,0.15,,,,,,Andrew Robertson,DF
2016-2017,22,Hull City,eng ENG,1. Premier League,18th,33,31,2736,30.4,1,2,3,1,0,0,5,0,,,,,,,,0.03,0.07,0.10,0.03,0.10,,,,,,Andrew Robertson,DF
2017-2018,23,Liverpool,eng ENG,1. Premier League,4th,22,22,1940,21.6,1,5,6,1,0,0,2,0,0.5,0.5,4.1,4.7,76,150,214,0.05,0.23,0.28,0.05,0.28,0.03,0.19,0.22,0.03,0.22,Andrew Robertson,DF
2018-2019,24,Liverpool,eng ENG,1. Premier League,2nd,36,36,3216,35.7,0,11,11,0,0,0,4,0,0.7,0.7,7.2,7.9,124,244,263,0.00,0.31,0.31,0.00,0.31,0.02,0.20,0.22,0.02,0.22,Andrew Robertson,DF
2019-2020,25,Liverpool,eng ENG,1. Premier League,1st,36,34,3111,34.6,2,12,14,2,0,0,2,0,1.8,1.8,7.5,9.3,149,219,277,0.06,0.35,0.41,0.06,0.41,0.05,0.22,0.27,0.05,0.27,Andrew Robertson,DF
2020-2021,26,Liverpool,eng ENG,1. Premier League,3rd,38,38,3383,37.6,1,7,8,1,0,0,2,0,1.5,1.5,6.6,8.0,119,228,289,0.03,0.19,0.21,0.03,0.21,0.04,0.17,0.21,0.04,0.21,Andrew Robertson,DF
2021-2022,27,Liverpool,eng ENG,1. Premier League,2nd,29,29,2537,28.2,3,10,13,3,0,0,5,1,1.4,1.4,5.6,7.0,96,186,239,0.11,0.35,0.46,0.11,0.46,0.05,0.20,0.25,0.05,0.25,Andrew Robertson,DF
2022-2023,28,Liverpool,eng ENG,1. Premier League,5th,34,29,2583,28.7,0,8,8,0,0,0,3,0,1.3,1.3,6.1,7.4,80,166,194,0.00,0.28,0.28,0.00,0.28,0.05,0.21,0.26,0.05,0.26,Andrew Robertson,DF
2023-2024,29,Liverpool,eng ENG,1. Premier League,3rd,23,18,1693,18.8,3,2,5,3,0,0,2,0,1.9,1.9,5.4,7.3,63,140,130,0.16,0.11,0.27,0.16,0.27,0.10,0.29,0.39,0.10,0.39,Andrew Robertson,DF
2024-2025,30,Liverpool,eng ENG,1. Premier League,1st,18,17,1379,15.3,0,0,0,0,0,0,2,1,0.5,0.5,2.5,3.0,32,99,46,0.00,0.00,0.00,0.00,0.00,0.04,0.16,0.20,0.04,0.20,Andrew Robertson,DF
2017-2018,18,Arg Juniors,ar ARG,1. Liga Argentina,12th,24,15,1316,14.6,2,6,8,2,0,0,2,0,2.7,2.7,2.7,5.4,32,138,66,0.14,0.41,0.55,0.14,0.55,0.19,0.18,0.37,0.19,0.37,Alexis Mac Allister,MF
2018-2019,19,Arg Juniors,ar ARG,1. Liga Argentina,26th,19,16,1541,17.1,5,1,6,4,1,1,4,0,6.0,5.2,3.8,9.0,32,118,105,0.29,0.06,0.35,0.23,0.29,0.35,0.22,0.57,0.30,0.53,Alexis Mac Allister,MF
2019-2020,20,Boca Juniors,ar ARG,1. Liga Argentina,1st,13,9,708,7.9,1,1,2,1,0,0,1,0,2.2,2.2,1.2,3.3,15,33,38,0.13,0.13,0.25,0.13,0.25,0.28,0.15,0.42,0.28,0.42,Alexis Mac Allister,MF
2019-2020,20,Brighton,eng ENG,1. Premier League,15th,9,4,352,3.9,0,0,0,0,0,0,0,0,0.5,0.5,0.3,0.7,2,6,13,0.00,0.00,0.00,0.00,0.00,0.12,0.07,0.19,0.12,0.19,Alexis Mac Allister,MF
2020-2021,21,Brighton,eng ENG,1. Premier League,16th,21,13,1115,12.4,1,1,2,1,0,0,1,0,1.3,1.3,1.5,2.7,15,48,55,0.08,0.08,0.16,0.08,0.16,0.10,0.12,0.22,0.10,0.22,Alexis Mac Allister,MF
2021-2022,22,Brighton,eng ENG,1. Premier League,9th,33,22,2123,23.6,5,2,7,3,2,3,4,0,6.3,4.0,1.9,5.9,30,137,66,0.21,0.08,0.30,0.13,0.21,0.27,0.08,0.35,0.17,0.25,Alexis Mac Allister,MF
2022-2023,23,Brighton,eng ENG,1. Premier League,6th,35,31,2886,32.1,10,2,12,4,6,6,8,0,12.1,7.3,4.3,11.6,69,174,77,0.31,0.06,0.37,0.12,0.19,0.38,0.13,0.51,0.23,0.36,Alexis Mac Allister,MF
2023-2024,24,Liverpool,eng ENG,1. Premier League,3rd,33,31,2599,28.9,5,5,10,4,1,1,7,1,3.7,2.9,3.6,6.4,44,209,48,0.17,0.17,0.35,0.14,0.31,0.13,0.12,0.25,0.10,0.22,Alexis Mac Allister,MF
2024-2025,25,Liverpool,eng ENG,1. Premier League,1st,18,16,1322,14.7,1,3,4,1,0,0,5,0,1.4,1.4,3.0,4.5,18,92,39,0.07,0.20,0.27,0.07,0.27,0.10,0.21,0.30,0.10,0.30,Alexis Mac Allister,MF
2019-2020,22,Porto,pt POR,1. Primeira Liga,1st,29,20,1770,19.7,6,2,8,6,0,0,2,0,6.2,6.2,1.6,7.8,66,74,192,0.31,0.10,0.41,0.31,0.41,0.31,0.08,0.40,0.31,0.40,Luis Díaz,FW
2020-2021,23,Porto,pt POR,1. Primeira Liga,2nd,30,16,1636,18.2,6,5,11,6,0,0,0,0,5.1,5.1,2.7,7.8,66,55,153,0.33,0.28,0.61,0.33,0.61,0.28,0.15,0.43,0.28,0.43,Luis Díaz,FW
2021-2022,24,Porto,pt POR,1. Primeira Liga,1st,18,18,1491,16.6,14,4,18,14,0,1,2,0,12.0,11.3,5.4,16.7,90,61,186,0.85,0.24,1.09,0.85,1.09,0.73,0.33,1.05,0.68,1.00,Luis Díaz,FW
2021-2022,24,Liverpool,eng ENG,1. Premier League,2nd,13,11,958,10.6,4,3,7,4,0,0,0,0,3.6,3.6,2.6,6.2,53,38,127,0.38,0.28,0.66,0.38,0.66,0.33,0.25,0.58,0.33,0.58,Luis Díaz,FW
2022-2023,25,Liverpool,eng ENG,1. Premier League,5th,17,11,996,11.1,4,2,6,4,0,0,2,0,2.5,2.5,1.5,4.0,39,49,116,0.36,0.18,0.54,0.36,0.54,0.22,0.14,0.36,0.22,0.36,Luis Díaz,FW
2023-2024,26,Liverpool,eng ENG,1. Premier League,3rd,37,32,2629,29.2,8,5,13,8,0,0,3,0,11.9,11.9,5.7,17.5,137,113,302,0.27,0.17,0.45,0.27,0.45,0.41,0.19,0.60,0.41,0.60,Luis Díaz,FW
2024-2025,27,Liverpool,eng ENG,1. Premier League,1st,18,13,1115,12.4,8,2,10,8,0,0,1,0,5.3,5.3,1.9,7.2,51,49,111,0.65,0.16,0.81,0.65,0.81,0.42,0.16,0.58,0.42,0.58,Luis Díaz,FW
2018-2019,17,RB Salzburg,at AUT,1. Bundesliga,1st,16,7,724,8.0,3,3,6,3,0,0,1,0,,,,,,,,0.37,0.37,0.75,0.37,0.75,,,,,,Dominik Szoboszlai,MF
2019-2020,18,RB Salzburg,at AUT,1. Bundesliga,1st,27,18,1664,18.5,9,10,19,6,3,3,3,0,,,,,,,,0.49,0.54,1.03,0.32,0.87,,,,,,Dominik Szoboszlai,MF
2020-2021,19,RB Salzburg,at AUT,1. Bundesliga,1st,12,11,800,8.9,4,7,11,1,3,3,0,0,,,,,,,,0.45,0.79,1.24,0.11,0.90,,,,,,Dominik Szoboszlai,MF
2021-2022,20,RB Leipzig,de GER,1. Bundesliga,4th,31,15,1543,17.1,6,8,14,6,0,1,2,0,4.8,4.0,5.4,9.4,44,85,130,0.35,0.47,0.82,0.35,0.82,0.28,0.32,0.60,0.23,0.55,Dominik Szoboszlai,MF
2022-2023,21,RB Leipzig,de GER,1. Bundesliga,3rd,31,28,2444,27.2,6,8,14,5,1,1,5,2,5.5,4.7,8.1,12.9,75,151,157,0.22,0.29,0.52,0.18,0.48,0.20,0.30,0.50,0.17,0.47,Dominik Szoboszlai,MF
2023-2024,22,Liverpool,eng ENG,1. Premier League,3rd,33,25,2104,23.4,3,2,5,3,0,0,1,0,3.7,3.7,5.8,9.5,75,152,160,0.13,0.09,0.21,0.13,0.21,0.16,0.25,0.40,0.16,0.40,Dominik Szoboszlai,MF
2024-2025,23,Liverpool,eng ENG,1. Premier League,1st,17,12,1132,12.6,2,2,4,2,0,0,5,0,4.0,4.0,2.9,6.9,38,57,50,0.16,0.16,0.32,0.16,0.32,0.32,0.23,0.55,0.32,0.55,Dominik Szoboszlai,MF
2016-2017,17,Sochaux,fr FRA,2. Ligue 2,12th,12,11,997,11.1,1,0,1,1,0,0,1,0,,,,,,,,0.09,0.00,0.09,0.09,0.09,,,,,,Ibrahima Konaté,DF
2017-2018,18,Leipzig U19,de GER,Jr. U19 Bundesliga,9th,1,1,90,1.0,0,,,0,0,0,1,0,,,,,,,,0.00,,,0.00,,,,,,,Ibrahima Konaté,DF
2017-2018,18,RB Leipzig,de GER,1. Bundesliga,6th,16,14,1228,13.6,0,0,0,0,0,0,1,0,0.3,0.3,0.5,0.8,7,51,3,0.00,0.00,0.00,0.00,0.00,0.02,0.04,0.06,0.02,0.06,Ibrahima Konaté,DF
2018-2019,19,RB Leipzig,de GER,1. Bundesliga,3rd,28,27,2431,27.0,1,1,2,1,0,0,7,0,1.7,1.7,0.4,2.0,33,108,5,0.04,0.04,0.07,0.04,0.07,0.06,0.01,0.08,0.06,0.08,Ibrahima Konaté,DF
2019-2020,20,RB Leipzig,de GER,1. Bundesliga,3rd,8,6,569,6.3,0,0,0,0,0,0,2,0,0.1,0.1,0.1,0.2,9,18,3,0.00,0.00,0.00,0.00,0.00,0.02,0.01,0.02,0.02,0.02,Ibrahima Konaté,DF
2020-2021,21,RB Leipzig,de GER,1. Bundesliga,2nd,14,8,695,7.7,1,0,1,1,0,0,2,0,0.7,0.7,0.0,0.7,6,29,1,0.13,0.00,0.13,0.13,0.13,0.09,0.00,0.09,0.09,0.09,Ibrahima Konaté,DF
2021-2022,22,Liverpool,eng ENG,1. Premier League,2nd,11,11,990,11.0,0,0,0,0,0,0,2,0,0.2,0.2,0.0,0.2,7,51,2,0.00,0.00,0.00,0.00,0.00,0.02,0.00,0.02,0.02,0.02,Ibrahima Konaté,DF
2022-2023,23,Liverpool,eng ENG,1. Premier League,5th,18,17,1552,17.2,0,0,0,0,0,0,5,0,1.1,1.1,0.1,1.3,7,56,5,0.00,0.00,0.00,0.00,0.00,0.07,0.01,0.08,0.07,0.08,Ibrahima Konaté,DF
2023-2024,24,Liverpool,eng ENG,1. Premier League,3rd,22,17,1574,17.5,0,0,0,0,0,0,5,1,0.7,0.7,0.4,1.1,24,118,3,0.00,0.00,0.00,0.00,0.00,0.04,0.02,0.06,0.04,0.06,Ibrahima Konaté,DF
2024-2025,25,Liverpool,eng ENG,1. Premier League,1st,13,12,1064,11.8,1,1,2,1,0,0,4,0,0.8,0.8,0.2,1.0,7,41,1,0.08,0.08,0.17,0.08,0.17,0.07,0.02,0.09,0.07,0.09,Ibrahima Konaté,DF
2016-2017,17,Jong PSV,nl NED,2. Eerste Divisie,4th,2,0,53,0.6,0,0,0,0,0,0,0,0,,,,,,,,0.00,0.00,0.00,0.00,0.00,,,,,,Cody Gakpo,FW
2017-2018,18,Jong PSV,nl NED,2. Eerste Divisie,5th,13,11,956,10.6,7,0,7,7,0,0,0,0,,,,,,,,0.66,0.00,0.66,0.66,0.66,,,,,,Cody Gakpo,FW
2017-2018,18,PSV Eindhoven,nl NED,1. Eredivisie,1st,1,0,1,0.0,0,0,0,0,0,0,0,0,,,,,,,,0.00,0.00,0.00,0.00,0.00,,,,,,Cody Gakpo,FW
2018-2019,19,Jong PSV,nl NED,2. Eerste Divisie,3rd,11,11,856,9.5,10,4,14,10,0,0,1,0,,,,,,,,1.05,0.42,1.47,1.05,1.47,,,,,,Cody Gakpo,FW
2018-2019,19,PSV Eindhoven,nl NED,1. Eredivisie,2nd,16,2,399,4.4,1,5,6,1,0,0,0,0,0.9,0.9,4.0,4.9,27,19,65,0.23,1.13,1.35,0.23,1.35,0.20,0.91,1.11,0.20,1.11,Cody Gakpo,FW
2019-2020,20,PSV Eindhoven,nl NED,1. Eredivisie,4th,25,14,1462,16.2,7,6,13,7,0,0,5,0,4.8,4.8,4.5,9.3,73,64,161,0.43,0.37,0.80,0.43,0.80,0.29,0.28,0.57,0.29,0.57,Cody Gakpo,FW
2020-2021,21,PSV Eindhoven,nl NED,1. Eredivisie,2nd,23,22,1663,18.5,7,3,10,7,0,0,2,0,7.0,7.0,4.4,11.3,54,74,150,0.38,0.16,0.54,0.38,0.54,0.38,0.24,0.61,0.38,0.61,Cody Gakpo,FW
2021-2022,22,PSV Eindhoven,nl NED,1. Eredivisie,2nd,27,22,1905,21.2,12,12,24,11,1,1,1,0,9.7,8.9,10.8,19.6,85,74,203,0.57,0.57,1.13,0.52,1.09,0.46,0.51,0.97,0.42,0.93,Cody Gakpo,FW
2022-2023,23,PSV Eindhoven,nl NED,1. Eredivisie,2nd,14,14,1122,12.5,9,12,21,7,2,2,0,0,6.3,4.7,6.8,11.5,53,50,147,0.72,0.96,1.68,0.56,1.52,0.51,0.54,1.05,0.38,0.93,Cody Gakpo,FW
2022-2023,23,Liverpool,eng ENG,1. Premier League,5th,21,17,1458,16.2,7,2,9,7,0,0,0,0,6.2,6.2,2.7,8.9,36,50,109,0.43,0.12,0.56,0.43,0.56,0.38,0.17,0.55,0.38,0.55,Cody Gakpo,FW
2023-2024,24,Liverpool,eng ENG,1. Premier League,3rd,35,17,1649,18.3,8,5,13,8,0,0,1,0,9.0,9.0,2.9,11.8,43,83,130,0.44,0.27,0.71,0.44,0.71,0.49,0.16,0.64,0.49,0.64,Cody Gakpo,FW
2024-2025,25,Liverpool,eng ENG,1. Premier League,1st,19,11,990,11.0,6,2,8,6,0,0,4,0,3.8,3.8,2.5,6.2,29,27,151,0.55,0.18,0.73,0.55,0.73,0.34,0.22,0.57,0.34,0.57,Cody Gakpo,FW
2016-2017,23,Roma,it ITA,1. Serie A,2nd,0,0,,,,,,,,,,,,,,,,,,,,,,,,,,,,Alisson,GK
2017-2018,24,Roma,it ITA,1. Serie A,3rd,37,37,3330,37.0,0,0,0,0,0,0,1,0,0.0,0.0,0.0,0.0,0,0,0,0.00,0.00,0.00,0.00,0.00,0.00,0.00,0.00,0.00,0.00,Alisson,GK
2018-2019,25,Liverpool,eng ENG,1. Premier League,2nd,38,38,3420,38.0,0,0,0,0,0,0,1,0,0.0,0.0,0.0,0.0,1,0,0,0.00,0.00,0.00,0.00,0.00,0.00,0.00,0.00,0.00,0.00,Alisson,GK
2019-2020,26,Liverpool,eng ENG,1. Premier League,1st,29,29,2543,28.3,0,1,1,0,0,0,0,1,0.0,0.0,0.3,0.3,0,1,0,0.00,0.04,0.04,0.00,0.04,0.00,0.01,0.01,0.00,0.01,Alisson,GK
2020-2021,27,Liverpool,eng ENG,1. Premier League,3rd,33,33,2970,33.0,1,0,1,1,0,0,1,0,0.1,0.1,0.0,0.1,0,1,0,0.03,0.00,0.03,0.03,0.03,0.00,0.00,0.00,0.00,0.00,Alisson,GK
2021-2022,28,Liverpool,eng ENG,1. Premier League,2nd,36,36,3240,36.0,0,1,1,0,0,0,0,0,0.0,0.0,0.2,0.2,0,1,0,0.00,0.03,0.03,0.00,0.03,0.00,0.01,0.01,0.00,0.01,Alisson,GK
2022-2023,29,Liverpool,eng ENG,1. Premier League,5th,37,37,3330,37.0,0,1,1,0,0,0,1,0,0.0,0.0,0.3,0.3,0,3,0,0.00,0.03,0.03,0.00,0.03,0.00,0.01,0.01,0.00,0.01,Alisson,GK
2023-2024,30,Liverpool,eng ENG,1. Premier League,3rd,28,28,2520,28.0,0,0,0,0,0,0,1,0,0.0,0.0,0.0,0.0,0,5,0,0.00,0.00,0.00,0.00,0.00,0.00,0.00,0.00,0.00,0.00,Alisson,GK
2024-2025,31,Liverpool,eng ENG,1. Premier League,1st,11,11,978,10.9,0,0,0,0,0,0,0,0,0.0,0.0,0.6,0.6,0,0,0,0.00,0.00,0.00,0.00,0.00,0.00,0.05,0.05,0.00,0.05,Alisson,GK
2017-2018,16,Liverpool,eng ENG,Jr. PL2 — Div. 1,2nd,5,4,406,4.5,0,0,0,0,0,0,0,0,,,,,,,,0.00,0.00,0.00,0.00,0.00,,,,,,Curtis Jones,MF
2017-2018,16,Liverpool,eng ENG,1. Premier League,4th,0,0,,,,,,,,,,,,,,,,,,,,,,,,,,,,Curtis Jones,MF
2018-2019,17,Liverpool,eng ENG,Jr. PL2 — Div. 1,4th,13,13,1083,12.0,4,0,4,4,0,0,0,0,,,,,,,,0.33,0.00,0.33,0.33,0.33,,,,,,Curtis Jones,MF
2018-2019,17,Liverpool,eng ENG,1. Premier League,2nd,0,0,,,,,,,,,,,,,,,,,,,,,,,,,,,,Curtis Jones,MF
2019-2020,18,Liverpool,eng ENG,Jr. PL2 — Div. 1,5th,14,14,1183,13.1,9,3,12,9,0,0,1,0,,,,,,,,0.68,0.23,0.91,0.68,0.91,,,,,,Curtis Jones,MF
2019-2020,18,Liverpool,eng ENG,1. Premier League,1st,6,1,126,1.4,1,0,1,1,0,0,0,0,0.4,0.4,0.0,0.4,4,9,7,0.71,0.00,0.71,0.71,0.71,0.32,0.00,0.32,0.32,0.32,Curtis Jones,MF
2020-2021,19,Liverpool,eng ENG,1. Premier League,3rd,24,13,1179,13.1,1,2,3,1,0,0,2,0,1.7,1.7,1.5,3.2,42,89,79,0.08,0.15,0.23,0.08,0.23,0.13,0.11,0.24,0.13,0.24,Curtis Jones,MF
2021-2022,20,Liverpool,eng ENG,1. Premier League,2nd,15,10,851,9.5,1,1,2,1,0,0,0,0,0.9,0.9,0.6,1.5,25,58,54,0.11,0.11,0.21,0.11,0.21,0.10,0.07,0.16,0.10,0.16,Curtis Jones,MF
2022-2023,21,Liverpool,eng ENG,Jr. PL2 — Div. 1,2nd,1,1,45,0.5,0,0,0,0,0,0,0,0,,,,,,,,0.00,0.00,0.00,0.00,0.00,,,,,,Curtis Jones,MF
2022-2023,21,Liverpool,eng ENG,1. Premier League,5th,18,12,1035,11.5,3,1,4,3,0,0,2,0,1.2,1.2,1.1,2.3,31,69,75,0.26,0.09,0.35,0.26,0.35,0.10,0.10,0.20,0.10,0.20,Curtis Jones,MF
2023-2024,22,Liverpool,eng ENG,1. Premier League,3rd,23,14,1167,13.0,1,1,2,1,0,0,3,1,2.6,2.6,0.7,3.3,31,74,88,0.08,0.08,0.15,0.08,0.15,0.20,0.05,0.25,0.20,0.25,Curtis Jones,MF
2024-2025,23,Liverpool,eng ENG,1. Premier League,1st,16,10,869,9.7,3,2,5,3,0,0,1,0,2.9,2.9,0.3,3.2,9,52,42,0.31,0.21,0.52,0.31,0.52,0.30,0.04,0.34,0.30,0.34,Curtis Jones,MF
2016-2017,17,Liverpool,eng ENG,Jr. PL2 — Div. 1,3rd,6,6,540,6.0,0,0,0,0,0,0,0,0,,,,,,,,0.00,0.00,0.00,0.00,0.00,,,,,,Caoimhín Kelleher,GK
2017-2018,18,Liverpool,eng ENG,Jr. PL2 — Div. 1,2nd,5,5,450,5.0,0,0,0,0,0,0,0,0,,,,,,,,0.00,0.00,0.00,0.00,0.00,,,,,,Caoimhín Kelleher,GK
2018-2019,19,Liverpool,eng ENG,Jr. PL2 — Div. 1,4th,11,11,990,11.0,0,0,0,0,0,0,0,0,,,,,,,,0.00,0.00,0.00,0.00,0.00,,,,,,Caoimhín Kelleher,GK
2019-2020,20,Liverpool,eng ENG,Jr. PL2 — Div. 1,5th,6,6,540,6.0,0,0,0,0,0,0,0,0,,,,,,,,0.00,0.00,0.00,0.00,0.00,,,,,,Caoimhín Kelleher,GK
2019-2020,20,Liverpool,eng ENG,1. Premier League,1st,0,0,,,,,,,,,,,,,,,,,,,,,,,,,,,,Caoimhín Kelleher,GK
2020-2021,21,Liverpool,eng ENG,Jr. PL2 — Div. 1,7th,5,5,450,5.0,0,0,0,0,0,0,0,0,,,,,,,,0.00,0.00,0.00,0.00,0.00,,,,,,Caoimhín Kelleher,GK
2020-2021,21,Liverpool,eng ENG,1. Premier League,3rd,2,2,180,2.0,0,0,0,0,0,0,0,0,0.0,0.0,0.0,0.0,0,0,0,0.00,0.00,0.00,0.00,0.00,0.00,0.00,0.00,0.00,0.00,Caoimhín Kelleher,GK
2021-2022,22,Liverpool,eng ENG,1. Premier League,2nd,2,2,180,2.0,0,0,0,0,0,0,0,0,0.0,0.0,0.0,0.0,0,0,0,0.00,0.00,0.00,0.00,0.00,0.00,0.00,0.00,0.00,0.00,Caoimhín Kelleher,GK
2022-2023,23,Liverpool,eng ENG,Jr. PL2 — Div. 1,2nd,1,1,90,1.0,0,0,0,0,0,0,0,0,,,,,,,,0.00,0.00,0.00,0.00,0.00,,,,,,Caoimhín Kelleher,GK
2022-2023,23,Liverpool,eng ENG,1. Premier League,5th,1,1,90,1.0,0,0,0,0,0,0,0,0,0.0,0.0,0.0,0.0,0,0,0,0.00,0.00,0.00,0.00,0.00,0.00,0.00,0.00,0.00,0.00,Caoimhín Kelleher,GK
2023-2024,24,Liverpool,eng ENG,1. Premier League,3rd,10,10,900,10.0,0,0,0,0,0,0,0,0,0.0,0.0,0.0,0.0,0,1,0,0.00,0.00,0.00,0.00,0.00,0.00,0.00,0.00,0.00,0.00,Caoimhín Kelleher,GK
2024-2025,25,Liverpool,eng ENG,1. Premier League,1st,8,8,720,8.0,0,0,0,0,0,0,0,0,0.0,0.0,0.0,0.0,0,0,0,0.00,0.00,0.00,0.00,0.00,0.00,0.00,0.00,0.00,0.00,Caoimhín Kelleher,GK
2019-2020,20,Almería,es ESP,2. La Liga 2,4th,30,28,2424,26.9,16,2,18,11,5,5,3,1,17.9,14.0,3.5,17.5,61,37,168,0.59,0.07,0.67,0.41,0.48,0.67,0.13,0.79,0.52,0.65,Darwin Núñez,FW
2020-2021,21,Benfica,pt POR,1. Primeira Liga,3rd,29,19,1791,19.9,6,9,15,6,0,0,2,0,10.0,10.0,7.7,17.7,58,31,211,0.30,0.45,0.75,0.30,0.75,0.50,0.39,0.89,0.50,0.89,Darwin Núñez,FW
2021-2022,22,Benfica,pt POR,1. Primeira Liga,3rd,28,24,1976,22.0,26,4,30,22,4,4,6,0,18.4,15.2,5.5,20.7,85,38,222,1.18,0.18,1.37,1.00,1.18,0.84,0.25,1.09,0.69,0.94,Darwin Núñez,FW
2022-2023,23,Liverpool,eng ENG,1. Premier League,5th,29,19,1695,18.8,9,3,12,9,0,0,1,1,11.6,11.6,5.4,16.9,61,29,181,0.48,0.16,0.64,0.48,0.64,0.61,0.28,0.90,0.61,0.90,Darwin Núñez,FW
2023-2024,24,Liverpool,eng ENG,1. Premier League,3rd,36,22,2047,22.7,11,8,19,11,0,1,9,0,16.3,15.5,6.0,21.5,58,54,206,0.48,0.35,0.84,0.48,0.84,0.72,0.27,0.98,0.68,0.95,Darwin Núñez,FW
2024-2025,25,Liverpool,eng ENG,1. Premier League,1st,15,7,757,8.4,2,2,4,2,0,0,5,0,2.5,2.5,0.9,3.4,18,17,55,0.24,0.24,0.48,0.24,0.48,0.30,0.11,0.41,0.30,0.41,Darwin Núñez,FW
2014-2015,17,Paços,pt POR,1. Primeira Liga,8th,10,8,637,7.1,2,2,4,2,0,0,1,0,,,,,,,,0.28,0.28,0.57,0.28,0.57,,,,,,Diogo Jota,FW
2015-2016,18,Paços,pt POR,1. Primeira Liga,7th,31,31,2752,30.6,12,0,12,12,0,0,6,1,,,,,,,,0.39,0.00,0.39,0.39,0.39,,,,,,Diogo Jota,FW
2016-2017,19,Porto,pt POR,1. Primeira Liga,2nd,27,15,1451,16.1,8,5,13,8,0,0,3,0,,,,,,,,0.50,0.31,0.81,0.50,0.81,,,,,,Diogo Jota,FW
2017-2018,20,Wolves,eng ENG,2. Championship,1st,44,43,3612,40.1,17,5,22,16,1,1,9,0,,,,,,,,0.42,0.12,0.55,0.40,0.52,,,,,,Diogo Jota,FW
2018-2019,21,Wolves,eng ENG,1. Premier League,7th,33,29,2355,26.2,9,5,14,9,0,0,11,0,8.8,8.8,5.3,14.0,125,71,182,0.34,0.19,0.54,0.34,0.54,0.34,0.20,0.54,0.34,0.54,Diogo Jota,FW
2019-2020,22,Wolves,eng ENG,1. Premier League,7th,34,27,2284,25.4,7,1,8,7,0,0,4,0,11.5,11.5,2.7,14.2,131,68,200,0.28,0.04,0.32,0.28,0.32,0.45,0.11,0.56,0.45,0.56,Diogo Jota,FW
2020-2021,23,Wolves,eng ENG,1. Premier League,13th,0,0,,,,,,,,,,,,,,,,,,,,,,,,,,,,Diogo Jota,FW
2020-2021,23,Liverpool,eng ENG,1. Premier League,3rd,19,12,1112,12.4,9,0,9,9,0,0,2,0,6.4,6.4,1.6,8.0,54,43,125,0.73,0.00,0.73,0.73,0.73,0.51,0.13,0.64,0.51,0.64,Diogo Jota,FW
2021-2022,24,Liverpool,eng ENG,1. Premier League,2nd,35,27,2364,26.3,15,4,19,15,0,0,3,0,16.3,16.3,5.8,22.0,74,87,191,0.57,0.15,0.72,0.57,0.72,0.62,0.22,0.84,0.62,0.84,Diogo Jota,FW
2022-2023,25,Liverpool,eng ENG,1. Premier League,5th,22,12,1131,12.6,7,4,11,7,0,0,2,0,6.5,6.5,2.1,8.6,34,30,104,0.56,0.32,0.88,0.56,0.88,0.52,0.17,0.69,0.52,0.69,Diogo Jota,FW
2023-2024,26,Liverpool,eng ENG,1. Premier League,3rd,21,14,1145,12.7,10,3,13,10,0,0,3,1,5.3,5.3,3.3,8.6,54,34,111,0.79,0.24,1.02,0.79,1.02,0.42,0.26,0.68,0.42,0.68,Diogo Jota,FW
2024-2025,27,Liverpool,eng ENG,1. Premier League,1st,12,7,603,6.7,4,2,6,4,0,0,1,0,4.0,4.0,1.1,5.1,23,14,47,0.60,0.30,0.90,0.60,0.90,0.59,0.17,0.76,0.59,0.76,Diogo Jota,FW
2014-2015,17,Charlton Ath,eng ENG,2. Championship,12th,21,16,1481,16.5,0,0,0,0,0,0,2,0,,,,,,,,0.00,0.00,0.00,0.00,0.00,,,,,,Joe Gomez,DF
2015-2016,18,Liverpool,eng ENG,1. Premier League,8th,5,5,437,4.9,0,1,1,0,0,0,3,0,,,,,,,,0.00,0.21,0.21,0.00,0.21,,,,,,Joe Gomez,DF
2016-2017,19,Liverpool,eng ENG,Jr. PL2 — Div. 1,3rd,8,8,675,7.5,1,0,1,1,0,0,1,0,,,,,,,,0.13,0.00,0.13,0.13,0.13,,,,,,Joe Gomez,DF
2016-2017,19,Liverpool,eng ENG,1. Premier League,4th,0,0,,,,,,,,,,,,,,,,,,,,,,,,,,,,Joe Gomez,DF
2017-2018,20,Liverpool,eng ENG,1. Premier League,4th,23,21,1902,21.1,0,2,2,0,0,0,3,0,0.3,0.3,1.5,1.7,54,154,65,0.00,0.09,0.09,0.00,0.09,0.01,0.07,0.08,0.01,0.08,Joe Gomez,DF
2018-2019,21,Liverpool,eng ENG,Jr. PL2 — Div. 1,4th,1,1,60,0.7,0,0,0,0,0,0,0,0,,,,,,,,0.00,0.00,0.00,0.00,0.00,,,,,,Joe Gomez,DF
2018-2019,21,Liverpool,eng ENG,1. Premier League,2nd,16,12,1063,11.8,0,0,0,0,0,0,2,0,0.3,0.3,0.4,0.7,6,38,13,0.00,0.00,0.00,0.00,0.00,0.03,0.03,0.06,0.03,0.06,Joe Gomez,DF
2019-2020,22,Liverpool,eng ENG,1. Premier League,1st,28,22,2004,22.3,0,0,0,0,0,0,7,0,0.0,0.0,0.2,0.2,17,115,11,0.00,0.00,0.00,0.00,0.00,0.00,0.01,0.01,0.00,0.01,Joe Gomez,DF
2020-2021,23,Liverpool,eng ENG,1. Premier League,3rd,7,6,590,6.6,0,0,0,0,0,0,0,0,0.0,0.0,0.0,0.0,4,38,1,0.00,0.00,0.00,0.00,0.00,0.00,0.01,0.01,0.00,0.01,Joe Gomez,DF
2021-2022,24,Liverpool,eng ENG,1. Premier League,2nd,8,4,331,3.7,0,1,1,0,0,0,2,0,0.0,0.0,0.8,0.8,11,36,29,0.00,0.27,0.27,0.00,0.27,0.01,0.21,0.22,0.01,0.22,Joe Gomez,DF
2022-2023,25,Liverpool,eng ENG,1. Premier League,5th,21,15,1466,16.3,0,0,0,0,0,0,3,0,0.2,0.2,0.2,0.3,15,108,5,0.00,0.00,0.00,0.00,0.00,0.01,0.01,0.02,0.01,0.02,Joe Gomez,DF
2023-2024,26,Liverpool,eng ENG,1. Premier League,3rd,32,17,1786,19.8,0,1,1,0,0,0,5,0,0.8,0.8,1.3,2.1,44,100,105,0.00,0.05,0.05,0.00,0.05,0.04,0.07,0.10,0.04,0.10,Joe Gomez,DF
2024-2025,27,Liverpool,eng ENG,1. Premier League,1st,9,6,519,5.8,0,0,0,0,0,0,1,0,0.3,0.3,0.1,0.4,5,35,2,0.00,0.00,0.00,0.00,0.00,0.06,0.02,0.08,0.06,0.08,Joe Gomez,DF
2015-2016,19,Olympiacos,gr GRE,1. Super League,1st,3,2,197,2.2,0,0,0,0,0,0,1,0,,,,,,,,0.00,0.00,0.00,0.00,0.00,,,,,,Kostas Tsimikas,DF
2016-2017,20,Olympiacos,gr GRE,1. Super League,1st,1,1,62,0.7,0,0,0,0,0,0,0,0,,,,,,,,0.00,0.00,0.00,0.00,0.00,,,,,,Kostas Tsimikas,DF
2016-2017,20,Esbjerg,dk DEN,1. Danish Superliga,14th,9,8,689,7.7,2,2,4,2,0,0,3,0,,,,,,,,0.26,0.26,0.52,0.26,0.52,,,,,,Kostas Tsimikas,DF
2017-2018,21,Willem II,nl NED,1. Eredivisie,13th,33,32,2813,31.3,3,3,6,3,0,0,3,0,,,,,,,,0.10,0.10,0.19,0.10,0.19,,,,,,Kostas Tsimikas,DF
2018-2019,22,Olympiacos,gr GRE,1. Super League,2nd,15,13,1264,14.0,0,1,1,0,0,0,2,0,,,,,,,,0.00,0.07,0.07,0.00,0.07,,,,,,Kostas Tsimikas,DF
2019-2020,23,Olympiacos,gr GRE,1. Super League,1st,27,27,2315,25.7,0,2,2,0,0,0,5,0,,,,,,,,0.00,0.08,0.08,0.00,0.08,,,,,,Kostas Tsimikas,DF
2020-2021,24,Liverpool,eng ENG,1. Premier League,3rd,2,0,7,0.1,0,0,0,0,0,0,0,0,0.0,0.0,0.0,0.0,1,0,3,0.00,0.00,0.00,0.00,0.00,0.00,0.00,0.00,0.00,0.00,Kostas Tsimikas,DF
2021-2022,25,Liverpool,eng ENG,1. Premier League,2nd,13,9,877,9.7,0,2,2,0,0,0,3,0,0.6,0.6,2.7,3.3,48,47,109,0.00,0.21,0.21,0.00,0.21,0.06,0.27,0.34,0.06,0.34,Kostas Tsimikas,DF
2022-2023,26,Liverpool,eng ENG,1. Premier League,5th,20,9,771,8.6,0,4,4,0,0,0,3,0,0.3,0.3,1.5,1.9,23,26,77,0.00,0.47,0.47,0.00,0.47,0.04,0.18,0.22,0.04,0.22,Kostas Tsimikas,DF
2023-2024,27,Liverpool,eng ENG,1. Premier League,3rd,13,8,679,7.5,0,3,3,0,0,0,0,0,0.1,0.1,1.0,1.1,24,31,73,0.00,0.40,0.40,0.00,0.40,0.01,0.14,0.15,0.01,0.15,Kostas Tsimikas,DF
2024-2025,28,Liverpool,eng ENG,1. Premier League,1st,8,2,254,2.8,0,0,0,0,0,0,0,0,0.1,0.1,0.5,0.6,5,31,7,0.00,0.00,0.00,0.00,0.00,0.03,0.19,0.21,0.03,0.21,Kostas Tsimikas,DF
2019-2020,16,Liverpool,eng ENG,Jr. PL2 — Div. 1,5th,0,0,,,,,,,,,,,,,,,,,,,,,,,,,,,,Jarell Quansah,DF
2021-2022,18,Liverpool,eng ENG,Jr. PL2 — Div. 1,4th,15,7,768,8.5,0,0,0,0,0,0,1,0,,,,,,,,0.00,0.00,0.00,0.00,0.00,,,,,,Jarell Quansah,DF
2021-2022,18,Liverpool,eng ENG,1. Premier League,2nd,0,0,,,,,,,,,,,,,,,,,,,,,,,,,,,,Jarell Quansah,DF
2022-2023,19,Bristol Rovers,eng ENG,3. League One,17th,16,15,1372,15.2,0,0,0,0,0,0,2,1,,,,,,,,0.00,0.00,0.00,0.00,0.00,,,,,,Jarell Quansah,DF
2022-2023,19,Liverpool,eng ENG,Jr. PL2 — Div. 1,2nd,11,11,990,11.0,1,0,1,1,0,0,0,0,,,,,,,,0.09,0.00,0.09,0.09,0.09,,,,,,Jarell Quansah,DF
2023-2024,20,Liverpool,eng ENG,Jr. PL2,,1,1,90,1.0,0,0,0,0,0,0,1,0,,,,,,,,0.00,0.00,0.00,0.00,0.00,,,,,,Jarell Quansah,DF
2023-2024,20,Liverpool,eng ENG,1. Premier League,3rd,17,13,1190,13.2,2,0,2,2,0,0,1,0,1.0,1.0,0.1,1.1,13,67,1,0.15,0.00,0.15,0.15,0.15,0.08,0.01,0.08,0.08,0.08,Jarell Quansah,DF
2024-2025,21,Liverpool,eng ENG,1. Premier League,1st,5,2,228,2.5,0,0,0,0,0,0,1,0,0.0,0.0,0.0,0.0,2,6,2,0.00,0.00,0.00,0.00,0.00,0.00,0.00,0.00,0.00,0.00,Jarell Quansah,DF
2019-2020,16,Liverpool,eng ENG,Jr. PL2 — Div. 1,5th,1,1,90,1.0,0,0,0,0,0,0,0,0,,,,,,,,0.00,0.00,0.00,0.00,0.00,,,,,,Conor Bradley,DF
2020-2021,17,Liverpool,eng ENG,Jr. PL2 — Div. 1,7th,14,14,1236,13.7,1,1,2,1,0,0,4,0,,,,,,,,0.07,0.07,0.15,0.07,0.15,,,,,,Conor Bradley,DF
2021-2022,18,Liverpool,eng ENG,Jr. PL2 — Div. 1,4th,21,20,1765,19.6,3,8,11,3,0,0,6,0,,,,,,,,0.15,0.41,0.56,0.15,0.56,,,,,,Conor Bradley,DF
2021-2022,18,Liverpool,eng ENG,1. Premier League,2nd,0,0,,,,,,,,,,,,,,,,,,,,,,,,,,,,Conor Bradley,DF
2022-2023,19,Bolton,eng ENG,3. League One,5th,41,41,3622,40.2,5,4,9,5,0,0,12,0,,,,,,,,0.12,0.10,0.22,0.12,0.22,,,,,,Conor Bradley,DF
2023-2024,20,Liverpool,eng ENG,1. Premier League,3rd,11,10,753,8.4,1,3,4,1,0,0,2,0,0.9,0.9,1.5,2.3,35,29,64,0.12,0.36,0.48,0.12,0.48,0.10,0.17,0.28,0.10,0.28,Conor Bradley,DF
2024-2025,21,Liverpool,eng ENG,1. Premier League,1st,8,1,241,2.7,0,0,0,0,0,0,1,0,0.4,0.4,0.0,0.4,11,11,15,0.00,0.00,0.00,0.00,0.00,0.17,0.00,0.17,0.17,0.17,Conor Bradley,DF
2018-2019,25,Sint-Truiden,be BEL,1. First Division A,9th,17,12,1108,12.3,2,0,2,2,0,0,2,0,0.6,0.6,0.8,1.4,13,86,29,0.16,0.00,0.16,0.16,0.16,0.05,0.06,0.11,0.05,0.11,Wataru Endo,MF
2019-2020,26,Sint-Truiden,be BEL,1. First Division A,12th,3,1,151,1.7,0,0,0,0,0,0,0,0,0.0,0.0,0.1,0.1,3,9,5,0.00,0.00,0.00,0.00,0.00,0.02,0.07,0.09,0.02,0.09,Wataru Endo,MF
2019-2020,26,Stuttgart,de GER,2. 2. Bundesliga,2nd,21,20,1802,20.0,1,1,2,1,0,0,5,0,1.6,1.6,1.4,3.0,23,177,27,0.05,0.05,0.10,0.05,0.10,0.08,0.07,0.15,0.08,0.15,Wataru Endo,MF
2020-2021,27,Stuttgart,de GER,1. Bundesliga,9th,33,33,2955,32.8,3,3,6,3,0,0,5,0,2.6,2.6,1.8,4.4,35,187,39,0.09,0.09,0.18,0.09,0.18,0.08,0.06,0.13,0.08,0.13,Wataru Endo,MF
2021-2022,28,Stuttgart,de GER,1. Bundesliga,15th,33,33,2899,32.2,4,2,6,4,0,0,4,0,5.0,4.8,1.3,6.2,34,165,63,0.12,0.06,0.19,0.12,0.19,0.16,0.04,0.20,0.15,0.19,Wataru Endo,MF
2022-2023,29,Stuttgart,de GER,1. Bundesliga,16th,33,33,2922,32.5,5,4,9,5,0,0,3,0,3.8,3.8,4.7,8.5,32,171,67,0.15,0.12,0.28,0.15,0.28,0.12,0.15,0.26,0.12,0.26,Wataru Endo,MF
2023-2024,30,Liverpool,eng ENG,1. Premier League,3rd,29,20,1722,19.1,1,0,1,1,0,0,10,0,0.5,0.5,1.7,2.3,10,101,21,0.05,0.00,0.05,0.05,0.05,0.03,0.09,0.12,0.03,0.12,Wataru Endo,MF
2024-2025,31,Liverpool,eng ENG,1. Premier League,1st,8,0,61,0.7,0,0,0,0,0,0,0,0,0.0,0.0,0.0,0.0,0,6,1,0.00,0.00,0.00,0.00,0.00,0.00,0.03,0.03,0.00,0.03,Wataru Endo,MF
2018-2019,15,Fulham,eng ENG,Jr. PL2 — Div. 2,10th,5,4,373,4.1,0,1,1,0,0,0,0,0,,,,,,,,0.00,0.24,0.24,0.00,0.24,,,,,,Harvey Elliott,"FW,MF"
2018-2019,15,Fulham,eng ENG,1. Premier League,19th,2,0,20,0.2,0,0,0,0,0,0,0,0,0.1,0.1,0.0,0.1,1,2,2,0.00,0.00,0.00,0.00,0.00,0.27,0.00,0.27,0.27,0.27,Harvey Elliott,"FW,MF"
2019-2020,16,Liverpool,eng ENG,Jr. PL2 — Div. 1,5th,12,11,905,10.1,2,4,6,1,1,1,1,0,,,,,,,,0.20,0.40,0.60,0.10,0.50,,,,,,Harvey Elliott,"FW,MF"
2019-2020,16,Liverpool,eng ENG,1. Premier League,1st,2,0,8,0.1,0,0,0,0,0,0,0,0,0.0,0.0,0.0,0.0,0,2,1,0.00,0.00,0.00,0.00,0.00,0.00,0.00,0.00,0.00,0.00,Harvey Elliott,"FW,MF"
2020-2021,17,Blackburn,eng ENG,2. Championship,15th,41,31,2753,30.6,7,11,18,7,0,0,3,0,3.5,3.5,9.5,13.0,106,222,211,0.23,0.36,0.59,0.23,0.59,0.12,0.31,0.43,0.12,0.43,Harvey Elliott,"FW,MF"
2021-2022,18,Liverpool,eng ENG,Jr. PL2 — Div. 1,4th,2,2,90,1.0,0,1,1,0,0,0,0,0,,,,,,,,0.00,1.00,1.00,0.00,1.00,,,,,,Harvey Elliott,"FW,MF"
2021-2022,18,Liverpool,eng ENG,1. Premier League,2nd,6,4,346,3.8,0,0,0,0,0,0,0,0,0.8,0.8,0.6,1.4,10,36,38,0.00,0.00,0.00,0.00,0.00,0.21,0.16,0.37,0.21,0.37,Harvey Elliott,"FW,MF"
2022-2023,19,Liverpool,eng ENG,1. Premier League,5th,32,18,1613,17.9,1,2,3,1,0,0,2,0,2.1,2.1,3.5,5.6,54,142,129,0.06,0.11,0.17,0.06,0.17,0.12,0.20,0.31,0.12,0.31,Harvey Elliott,"FW,MF"
2023-2024,20,Liverpool,eng ENG,1. Premier League,3rd,34,11,1352,15.0,3,6,9,3,0,0,2,0,2.7,2.7,3.5,6.2,44,128,122,0.20,0.40,0.60,0.20,0.60,0.18,0.23,0.42,0.18,0.42,Harvey Elliott,"FW,MF"
2024-2025,21,Liverpool,eng ENG,1. Premier League,1st,7,0,48,0.5,0,0,0,0,0,0,0,0,0.0,0.0,0.1,0.2,2,7,6,0.00,0.00,0.00,0.00,0.00,0.07,0.26,0.33,0.07,0.33,Harvey Elliott,"FW,MF"
2016-2017,18,Fiorentina,it ITA,1. Serie A,8th,27,17,1492,16.6,3,2,5,3,0,0,4,2,,,,,,,,0.18,0.12,0.30,0.18,0.30,,,,,,Federico Chiesa,FW
2017-2018,19,Fiorentina,it ITA,1. Serie A,8th,36,35,3012,33.5,6,4,10,6,0,0,7,0,7.0,7.0,6.3,13.3,164,106,339,0.18,0.12,0.30,0.18,0.30,0.21,0.19,0.40,0.21,0.40,Federico Chiesa,FW
2018-2019,20,Fiorentina,it ITA,1. Serie A,16th,37,34,3034,33.7,6,3,9,6,0,0,4,0,8.8,8.8,5.6,14.4,158,106,357,0.18,0.09,0.27,0.18,0.27,0.26,0.17,0.43,0.26,0.43,Federico Chiesa,FW
2019-2020,21,Fiorentina,it ITA,1. Serie A,10th,34,31,2637,29.3,10,6,16,9,1,2,7,0,12.2,10.6,5.4,16.0,108,96,186,0.34,0.20,0.55,0.31,0.51,0.42,0.19,0.60,0.36,0.55,Federico Chiesa,FW
2020-2021,22,Fiorentina,it ITA,1. Serie A,13th,3,3,240,2.7,1,1,2,1,0,0,0,0,0.8,0.8,0.7,1.5,13,8,16,0.37,0.37,0.75,0.37,0.75,0.31,0.26,0.57,0.31,0.57,Federico Chiesa,FW
2020-2021,22,Juventus,it ITA,1. Serie A,4th,30,28,2210,24.6,8,8,16,8,0,0,3,1,6.1,6.1,7.8,13.9,92,79,179,0.33,0.33,0.65,0.33,0.65,0.25,0.32,0.57,0.25,0.57,Federico Chiesa,FW
2021-2022,23,Juventus,it ITA,1. Serie A,4th,14,11,863,9.6,2,2,4,2,0,0,0,0,2.2,2.2,1.2,3.4,36,32,59,0.21,0.21,0.42,0.21,0.42,0.23,0.12,0.35,0.23,0.35,Federico Chiesa,FW
2022-2023,24,Juventus,it ITA,1. Serie A,7th,21,6,852,9.5,2,5,7,2,0,0,2,0,1.5,1.5,2.6,4.1,46,34,88,0.21,0.53,0.74,0.21,0.74,0.15,0.27,0.43,0.15,0.43,Federico Chiesa,FW
2023-2024,25,Juventus,it ITA,1. Serie A,3rd,33,25,2197,24.4,9,2,11,8,1,1,1,0,6.4,5.6,6.2,11.9,111,70,216,0.37,0.08,0.45,0.33,0.41,0.26,0.25,0.52,0.23,0.49,Federico Chiesa,FW
2024-2025,26,Liverpool,eng ENG,1. Premier League,1st,1,0,19,0.2,0,0,0,0,0,0,0,0,0.2,0.2,0.0,0.2,1,0,2,0.00,0.00,0.00,0.00,0.00,0.76,0.00,0.76,0.76,0.76,Federico Chiesa,FW
2019-2020,18,Liverpool,eng ENG,Jr. PL2 — Div. 1,5th,1,1,90,1.0,0,0,0,0,0,0,0,0,,,,,,,,0.00,0.00,0.00,0.00,0.00,,,,,,Vitezslav Jaros,GK
2020-2021,19,Liverpool,eng ENG,Jr. PL2 — Div. 1,7th,3,3,270,3.0,0,0,0,0,0,0,0,0,,,,,,,,0.00,0.00,0.00,0.00,0.00,,,,,,Vitezslav Jaros,GK
2021-2022,20,Notts County,eng ENG,5. National League,5th,15,15,1350,15.0,0,,,0,0,0,1,0,,,,,,,,0.00,,,0.00,,,,,,,Vitezslav Jaros,GK
2022-2023,21,Stockport,eng ENG,4. League Two,4th,11,11,937,10.4,0,0,0,0,0,0,1,0,,,,,,,,0.00,0.00,0.00,0.00,0.00,,,,,,Vitezslav Jaros,GK
2023-2024,22,Sturm Graz,at AUT,1. Bundesliga,1st,14,14,1260,14.0,0,0,0,0,0,0,0,0,,,,,,,,0.00,0.00,0.00,0.00,0.00,,,,,,Vitezslav Jaros,GK
2024-2025,23,Liverpool,eng ENG,1. Premier League,1st,1,0,12,0.1,0,0,0,0,0,0,0,0,0.0,0.0,0.0,0.0,0,0,0,0.00,0.00,0.00,0.00,0.00,0.00,0.00,0.00,0.00,0.00,Vitezslav Jaros,GK
2023-2024,17,Liverpool,eng ENG,Jr. PL2,,7,7,563,6.3,3,2,5,3,0,0,0,0,,,,,,,,0.48,0.32,0.80,0.48,0.80,,,,,,Jayden Danns,FW
2023-2024,17,Liverpool,eng ENG,1. Premier League,3rd,2,0,9,0.1,0,0,0,0,0,0,1,0,0.0,0.0,0.0,0.0,0,1,2,0.00,0.00,0.00,0.00,0.00,0.00,0.00,0.00,0.00,0.00,Jayden Danns,FW
2024-2025,18,Liverpool,eng ENG,Jr. PL2,4th,1,0,31,0.3,0,0,0,0,0,0,0,0,,,,,,,,0.00,0.00,0.00,0.00,0.00,,,,,,Jayden Danns,FW
2024-2025,18,Liverpool,eng ENG,1. Premier League,1st,0,0,,,,,,,,,,,,,,,,,,,,,,,,,,,,Jayden Danns,FW
2020-2021,16,Liverpool,eng ENG,Jr. PL2 — Div. 1,7th,0,0,,,,,,,,,,,,,,,,Matches,Harvey Davies,GK,,,,,,,,,,,
2021-2022,17,Liverpool,eng ENG,Jr. PL2 — Div. 1,4th,2,2,180,2.0,0,0,0,0,0,0,0,0,0.00,0.00,0.00,0.00,0.00,Matches,Harvey Davies,GK,,,,,,,,,,,
2022-2023,18,Liverpool,eng ENG,1. Premier League,5th,0,0,,,,,,,,,,,,,,,,Matches,Harvey Davies,GK,,,,,,,,,,,
2022-2023,18,Liverpool,eng ENG,Jr. PL2 — Div. 1,2nd,16,16,1440,16.0,0,0,0,0,0,0,1,0,0.00,0.00,0.00,0.00,0.00,Matches,Harvey Davies,GK,,,,,,,,,,,
2023-2024,19,Crewe Alexandra,eng ENG,4. League Two,6th,27,26,2385,26.5,0,0,0,0,0,0,4,0,0.00,0.00,0.00,0.00,0.00,Matches,Harvey Davies,GK,,,,,,,,,,,
2024-2025,20,Liverpool,eng ENG,Jr. PL2,4th,3,3,254,2.8,0,0,0,0,0,0,2,1,0.00,0.00,0.00,0.00,0.00,Matches,Harvey Davies,GK,,,,,,,,,,,
2024-2025,20,Liverpool,eng ENG,1. Premier League,1st,0,0,,,,,,,,,,,,,,,,Matches,Harvey Davies,GK,,,,,,,,,,,
2022-2023,17,Liverpool,eng ENG,Jr. PL2 — Div. 1,2nd,5,2,255,2.8,1,0,1,1,0,0,0,0,,,,,,,,0.35,0.00,0.35,0.35,0.35,,,,,,James McConnell,MF
2023-2024,18,Liverpool,eng ENG,Jr. PL2,,12,12,939,10.4,0,0,0,0,0,0,7,0,,,,,,,,0.00,0.00,0.00,0.00,0.00,,,,,,James McConnell,MF
2023-2024,18,Liverpool,eng ENG,1. Premier League,3rd,3,0,4,0.0,0,0,0,0,0,0,0,0,0.0,0.0,0.0,0.0,0,1,0,0.00,0.00,0.00,0.00,0.00,0.00,0.00,0.00,0.00,0.00,James McConnell,MF
2024-2025,19,Liverpool,eng ENG,Jr. PL2,4th,1,1,73,0.8,0,0,0,0,0,0,1,0,,,,,,,,0.00,0.00,0.00,0.00,0.00,,,,,,James McConnell,MF
2024-2025,19,Liverpool,eng ENG,1. Premier League,1st,0,0,,,,,,,,,,,,,,,,,,,,,,,,,,,,James McConnell,MF
2020-2021,17,Liverpool,eng ENG,Jr. PL2 — Div. 1,7th,14,12,1093,12.1,5,3,8,5,0,0,5,1,,,,,,,,0.41,0.25,0.66,0.41,0.66,,,,,,Tyler Morton,MF
2021-2022,18,Liverpool,eng ENG,Jr. PL2 — Div. 1,4th,20,20,1683,18.7,1,4,5,1,0,0,3,0,,,,,,,,0.05,0.21,0.27,0.05,0.27,,,,,,Tyler Morton,MF
2021-2022,18,Liverpool,eng ENG,1. Premier League,2nd,2,1,66,0.7,0,0,0,0,0,0,1,0,0.0,0.0,0.0,0.0,0,4,0,0.00,0.00,0.00,0.00,0.00,0.00,0.00,0.00,0.00,0.00,Tyler Morton,MF
2022-2023,19,Blackburn Rovers,eng ENG,Jr. PL2 — Div. 1,10th,1,1,90,1.0,0,0,0,0,0,0,0,0,,,,,,,,0.00,0.00,0.00,0.00,0.00,,,,,,Tyler Morton,MF
2022-2023,19,Blackburn,eng ENG,2. Championship,7th,40,30,2780,30.9,0,2,2,0,0,0,7,0,1.1,1.1,3.5,4.6,24,143,49,0.00,0.06,0.06,0.00,0.06,0.03,0.11,0.15,0.03,0.15,Tyler Morton,MF
2023-2024,20,Hull City,eng ENG,2. Championship,7th,39,35,2972,33.0,3,5,8,3,0,0,8,1,2.7,2.7,3.2,5.8,36,148,86,0.09,0.15,0.24,0.09,0.24,0.08,0.10,0.18,0.08,0.18,Tyler Morton,MF
2024-2025,21,Liverpool,eng ENG,Jr. PL2,4th,3,3,257,2.9,3,0,3,3,0,0,1,0,,,,,,,,1.05,0.00,1.05,1.05,1.05,,,,,,Tyler Morton,MF
2024-2025,21,Liverpool,eng ENG,1. Premier League,1st,0,0,,,,,,,,,,,,,,,,,,,,,,,,,,,,Tyler Morton,MF
2023-2024,16,Liverpool,eng ENG,Jr. PL2,,13,13,1141,12.7,1,0,1,1,0,0,1,0,0.08,0.00,0.08,0.08,0.08,Matches,Amara Nallo,DF,,,,,,,,,,,
2023-2024,16,Liverpool,eng ENG,1. Premier League,3rd,0,0,,,,,,,,,,,,,,,,Matches,Amara Nallo,DF,,,,,,,,,,,
2024-2025,17,Liverpool,eng ENG,Jr. PL2,4th,9,8,716,8.0,1,0,1,1,0,0,1,0,0.13,0.00,0.13,0.13,0.13,Matches,Amara Nallo,DF,,,,,,,,,,,
2024-2025,17,Liverpool,eng ENG,1. Premier League,1st,0,0,,,,,,,,,,,,,,,,Matches,Amara Nallo,DF,,,,,,,,,,,
2022-2023,15,Leicester City,eng ENG,Jr. PL2 — Div. 1,14th,0,0,,,,,,,,,,,,,,,,Matches,Trey Nyoni,MF,,,,,,,,,,,
2023-2024,16,Liverpool,eng ENG,Jr. PL2,,10,9,810,9.0,1,0,1,1,0,0,3,0,0.11,0.00,0.11,0.11,0.11,Matches,Trey Nyoni,MF,,,,,,,,,,,
2023-2024,16,Liverpool,eng ENG,1. Premier League,3rd,0,0,,,,,,,,,,,,,,,,Matches,Trey Nyoni,MF,,,,,,,,,,,
2024-2025,17,Liverpool,eng ENG,Jr. PL2,4th,7,7,545,6.1,2,1,3,2,0,0,0,0,0.33,0.17,0.50,0.33,0.50,Matches,Trey Nyoni,MF,,,,,,,,,,,
2024-2025,17,Liverpool,eng ENG,1. Premier League,1st,0,0,,,,,,,,,,,,,,,,Matches,Trey Nyoni,MF,,,,,,,,,,,
