Season,Age,Squad,Country,Comp,LgRank,90s,Att,Live,Dead,FK,TB,Sw,Crs,TI,CK,In,Out,Str,Cmp,Off,Blocks,Player,Position
2014-2015,20,Perugia,it ITA,2. Serie B,6th,23.7,,,,,,,,,,,,,,,,Ivan Provedel,GK
2015-2016,21,Modena,it ITA,2. Serie B,21st,20.1,,,,,,,,,,,,,,,,Ivan Provedel,GK
2016-2017,22,Pro Vercelli,it ITA,2. Serie B,17th,39.6,,,,,,,,,,,,,,,,Ivan Provedel,GK
2017-2018,23,Empoli,it ITA,2. Serie B,1st,23.0,,,,,,,0,,,,,,,,,Ivan Provedel,GK
2018-2019,24,Empoli,it ITA,1. Serie A,18th,16.0,485,293,191,68,0,2,0,0,0,0,0,0,358,1,1,Ivan Provedel,GK
2019-2020,25,Juve Stabia,it ITA,2. Serie B,19th,18.0,833,574,255,88,0,5,0,1,0,0,0,0,635,4,1,Ivan Provedel,GK
2020-2021,26,Spezia,it ITA,1. Serie A,15th,29.0,1404,1146,255,98,0,8,0,0,0,0,0,0,1042,3,0,Ivan Provedel,GK
2021-2022,27,Spezia,it ITA,1. Serie A,16th,30.7,1199,837,349,120,1,5,0,0,0,0,0,0,736,13,0,Ivan Provedel,GK
2022-2023,28,Lazio,it ITA,1. Serie A,2nd,37.9,1323,1037,282,84,0,9,0,0,0,0,0,0,1061,4,0,Ivan Provedel,GK
2023-2024,29,Lazio,it ITA,1. Serie A,7th,30.0,1022,790,227,51,0,3,0,0,0,0,0,0,835,5,0,Ivan Provedel,GK
2024-2025,30,Lazio,it ITA,1. Serie A,4th,18.0,707,588,116,42,0,3,0,0,0,0,0,0,546,3,1,Ivan Provedel,GK
2016-2017,17,Lorient,fr FRA,1. Ligue 1,18th,4.7,,,,,,,2,,,,,,,,,Mattéo Guendouzi,MF
2017-2018,18,Lorient,fr FRA,2. Ligue 2,7th,15.8,1011,974,34,29,1,16,4,3,2,0,0,0,900,3,17,Mattéo Guendouzi,MF
2018-2019,19,Arsenal,eng ENG,1. Premier League,5th,23.9,1625,1578,41,33,9,12,15,6,2,0,0,0,1409,6,33,Mattéo Guendouzi,MF
2019-2020,20,Arsenal,eng ENG,1. Premier League,8th,19.4,1170,1133,33,23,7,8,6,8,1,0,0,0,1027,4,20,Mattéo Guendouzi,MF
2020-2021,21,Hertha BSC,de GER,1. Bundesliga,14th,20.2,1004,951,47,36,1,6,10,6,5,0,2,0,859,6,14,Mattéo Guendouzi,MF
2021-2022,22,Marseille,fr FRA,1. Ligue 1,2nd,35.0,2178,2084,83,38,6,15,49,24,14,4,3,0,1882,11,47,Mattéo Guendouzi,MF
2022-2023,23,Marseille,fr FRA,1. Ligue 1,3rd,23.4,1267,1220,44,27,5,6,24,8,4,0,0,0,1094,3,25,Mattéo Guendouzi,MF
2023-2024,24,Marseille,fr FRA,1. Ligue 1,8th,0.2,12,10,2,1,0,0,1,0,1,0,0,0,9,0,1,Mattéo Guendouzi,MF
2023-2024,24,Lazio,it ITA,1. Serie A,7th,26.3,1119,1081,33,16,5,3,42,17,0,0,0,0,926,5,27,Mattéo Guendouzi,MF
2024-2025,25,Lazio,it ITA,1. Serie A,4th,17.5,1080,1023,54,29,5,14,10,19,4,0,0,0,966,3,10,Mattéo Guendouzi,MF
2022-2023,23,Girona,es ESP,1. La Liga,10th,28.9,397,352,41,0,4,1,10,1,0,0,0,0,244,4,19,Valentín Castellanos,FW
2023-2024,24,Lazio,it ITA,1. Serie A,7th,18.7,452,417,33,0,0,1,15,0,0,0,0,0,272,2,13,Valentín Castellanos,FW
2024-2025,25,Lazio,it ITA,1. Serie A,4th,14.7,305,278,26,0,5,0,18,2,0,0,0,0,188,1,14,Valentín Castellanos,FW
2021-2022,20,Real Madrid,es ESP,1. La Liga,1st,0.3,22,21,1,0,0,0,0,0,0,0,0,0,19,0,0,Mario Gila,DF
2022-2023,21,Lazio,it ITA,1. Serie A,2nd,1.0,61,56,5,3,0,0,0,2,0,0,0,0,56,0,0,Mario Gila,DF
2023-2024,22,Lazio,it ITA,1. Serie A,7th,20.1,1294,1209,81,45,4,16,8,18,0,0,0,0,1161,4,7,Mario Gila,DF
2024-2025,23,Lazio,it ITA,1. Serie A,4th,14.2,986,949,36,22,4,9,0,0,0,0,0,0,904,1,2,Mario Gila,DF
2015-2016,20,Hellas Verona,it ITA,1. Serie A,20th,0.6,,,,,,,,,,,,,,,,Mattia Zaccagni,"FW,MF"
2016-2017,21,Hellas Verona,it ITA,2. Serie B,2nd,15.1,,,,,,,,,,,,,,,,Mattia Zaccagni,"FW,MF"
2017-2018,22,Hellas Verona,it ITA,1. Serie A,19th,1.7,61,59,2,1,0,0,3,0,0,0,0,0,44,0,3,Mattia Zaccagni,"FW,MF"
2018-2019,23,Hellas Verona,it ITA,2. Serie B,5th,21.3,1067,985,77,27,1,6,64,10,29,6,19,3,822,5,37,Mattia Zaccagni,"FW,MF"
2019-2020,24,Hellas Verona,it ITA,1. Serie A,9th,23.5,782,744,32,8,1,4,46,9,4,0,4,0,556,6,24,Mattia Zaccagni,"FW,MF"
2020-2021,25,Hellas Verona,it ITA,1. Serie A,10th,29.0,943,914,23,11,2,14,83,12,0,0,0,0,648,6,31,Mattia Zaccagni,"FW,MF"
2021-2022,26,Hellas Verona,it ITA,1. Serie A,9th,2.0,70,57,13,2,1,0,10,0,9,4,2,0,56,0,2,Mattia Zaccagni,"FW,MF"
2021-2022,26,Lazio,it ITA,1. Serie A,5th,20.8,740,716,23,4,1,7,41,16,3,0,0,0,592,1,20,Mattia Zaccagni,"FW,MF"
2022-2023,27,Lazio,it ITA,1. Serie A,2nd,30.8,1047,1024,21,7,2,7,62,8,6,4,1,0,841,2,35,Mattia Zaccagni,"FW,MF"
2023-2024,28,Lazio,it ITA,1. Serie A,7th,21.7,899,823,74,22,2,5,71,20,32,12,9,0,711,2,30,Mattia Zaccagni,"FW,MF"
2024-2025,29,Lazio,it ITA,1. Serie A,4th,14.0,549,474,74,17,2,4,74,12,45,24,13,0,414,1,17,Mattia Zaccagni,"FW,MF"
2019-2020,17,Genoa,it ITA,1. Serie A,17th,1.2,68,68,0,0,0,1,2,0,0,0,0,0,59,0,1,Nicolò Rovella,MF
2020-2021,18,Genoa,it ITA,1. Serie A,11th,13.2,844,795,45,27,3,9,29,1,16,3,11,0,710,4,7,Nicolò Rovella,MF
2021-2022,19,Genoa,it ITA,1. Serie A,19th,16.3,977,822,152,75,3,11,110,9,68,26,32,0,762,3,11,Nicolò Rovella,MF
2022-2023,20,Monza,it ITA,1. Serie A,11th,19.3,1363,1292,68,52,1,24,28,6,10,2,7,0,1206,3,15,Nicolò Rovella,MF
2022-2023,20,Juventus,it ITA,1. Serie A,7th,0.3,25,22,3,1,0,2,3,1,1,1,0,0,22,0,1,Nicolò Rovella,MF
2023-2024,21,Lazio,it ITA,1. Serie A,7th,14.6,976,925,48,30,2,7,20,2,16,2,11,0,851,3,18,Nicolò Rovella,MF
2024-2025,22,Lazio,it ITA,1. Serie A,4th,13.8,1028,977,48,29,4,6,20,5,9,4,3,0,924,3,5,Nicolò Rovella,MF
2012-2013,17,Roma,it ITA,1. Serie A,6th,1.1,,,,,,,,,,,,,,,,Alessio Romagnoli,DF
2013-2014,18,Roma,it ITA,1. Serie A,2nd,7.8,,,,,,,,,,,,,,,,Alessio Romagnoli,DF
2014-2015,19,Sampdoria,it ITA,1. Serie A,7th,28.2,,,,,,,,,,,,,,,,Alessio Romagnoli,DF
2015-2016,20,Milan,it ITA,1. Serie A,7th,32.7,,,,,,,,,,,,,,,,Alessio Romagnoli,DF
2016-2017,21,Milan,it ITA,1. Serie A,6th,26.3,,,,,,,2,,,,,,,,,Alessio Romagnoli,DF
2017-2018,22,Milan,it ITA,1. Serie A,6th,26.1,1491,1431,57,32,0,3,5,25,0,0,0,0,1356,3,11,Alessio Romagnoli,DF
2018-2019,23,Milan,it ITA,1. Serie A,5th,31.6,1776,1717,55,50,0,13,2,5,0,0,0,0,1615,4,8,Alessio Romagnoli,DF
2019-2020,24,Milan,it ITA,1. Serie A,6th,34.3,1994,1930,62,54,0,8,0,8,0,0,0,0,1808,2,7,Alessio Romagnoli,DF
2020-2021,25,Milan,it ITA,1. Serie A,2nd,21.2,1029,986,40,37,0,3,1,2,0,0,0,0,920,3,3,Alessio Romagnoli,DF
2021-2022,26,Milan,it ITA,1. Serie A,1st,15.7,999,947,51,34,1,1,1,2,0,0,0,0,893,1,5,Alessio Romagnoli,DF
2022-2023,27,Lazio,it ITA,1. Serie A,2nd,32.5,1849,1688,161,91,1,13,0,2,0,0,0,0,1673,0,6,Alessio Romagnoli,DF
2023-2024,28,Lazio,it ITA,1. Serie A,7th,26.8,1759,1625,128,57,1,3,1,2,0,0,0,0,1604,6,3,Alessio Romagnoli,DF
2024-2025,29,Lazio,it ITA,1. Serie A,4th,12.4,769,694,73,27,0,0,0,6,0,0,0,0,707,2,0,Alessio Romagnoli,DF
2019-2020,19,Benfica,pt POR,1. Primeira Liga,2nd,10.3,637,513,122,10,0,11,84,102,10,4,4,0,447,2,18,Nuno Tavares,DF
2020-2021,20,Benfica,pt POR,1. Primeira Liga,3rd,7.0,512,411,99,10,0,0,35,89,0,0,0,0,395,2,9,Nuno Tavares,DF
2021-2022,21,Arsenal,eng ENG,1. Premier League,5th,13.1,727,613,113,13,0,9,40,100,0,0,0,0,581,1,26,Nuno Tavares,DF
2022-2023,22,Marseille,fr FRA,1. Ligue 1,3rd,26.1,1367,1105,257,15,3,16,96,241,1,0,0,0,1058,5,41,Nuno Tavares,DF
2023-2024,23,Nott'ham Forest,eng ENG,1. Premier League,17th,5.1,274,225,48,8,0,4,16,39,1,0,1,0,201,1,7,Nuno Tavares,DF
2024-2025,24,Lazio,it ITA,1. Serie A,4th,11.8,644,515,128,28,2,3,75,95,5,3,1,0,506,1,17,Nuno Tavares,DF
2019-2020,18,Midtjylland,dk DEN,1. Danish Superliga,1st,5.5,,,,,,,13,,,,,,,,,Gustav Isaksen,FW
2020-2021,19,Midtjylland,dk DEN,1. Danish Superliga,2nd,7.6,,,,,,,20,,,,,,,,,Gustav Isaksen,FW
2021-2022,20,Midtjylland,dk DEN,1. Danish Superliga,2nd,21.5,,,,,,,54,,,,,,,,,Gustav Isaksen,FW
2022-2023,21,Midtjylland,dk DEN,1. Danish Superliga,7th,27.0,,,,,,,87,,,,,,,,,Gustav Isaksen,FW
2023-2024,22,Midtjylland,dk DEN,1. Danish Superliga,1st,1.7,,,,,,,11,,,,,,,,,Gustav Isaksen,FW
2023-2024,22,Lazio,it ITA,1. Serie A,7th,11.9,328,311,15,3,3,1,29,9,3,2,0,0,218,2,17,Gustav Isaksen,FW
2024-2025,23,Lazio,it ITA,1. Serie A,4th,11.0,337,308,28,4,1,3,53,3,21,16,2,0,260,1,11,Gustav Isaksen,FW
2018-2019,21,Reims,fr FRA,1. Ligue 1,8th,8.3,156,145,11,0,0,0,1,0,0,0,0,0,106,0,4,Boulaye Dia,"MF,FW"
2019-2020,22,Reims,fr FRA,1. Ligue 1,6th,20.1,325,290,32,2,1,0,4,1,0,0,0,0,236,3,7,Boulaye Dia,"MF,FW"
2020-2021,23,Reims,fr FRA,1. Ligue 1,14th,32.6,621,577,42,0,1,6,14,1,0,0,0,0,488,2,15,Boulaye Dia,"MF,FW"
2021-2022,24,Villarreal,es ESP,1. La Liga,7th,14.1,253,237,15,0,1,1,1,0,0,0,0,0,189,1,6,Boulaye Dia,"MF,FW"
2022-2023,25,Salernitana,it ITA,1. Serie A,15th,28.0,589,566,20,0,2,7,6,3,0,0,0,0,449,3,30,Boulaye Dia,"MF,FW"
2023-2024,26,Salernitana,it ITA,1. Serie A,20th,12.7,244,227,16,2,2,5,1,0,0,0,0,0,204,1,5,Boulaye Dia,"MF,FW"
2024-2025,27,Lazio,it ITA,1. Serie A,4th,10.0,248,244,4,1,4,4,2,0,0,0,0,0,206,0,3,Boulaye Dia,"MF,FW"
2016-2017,22,SPAL,it ITA,2. Serie B,1st,37.0,,,,,,,,,,,,,,,,Manuel Lazzari,DF
2017-2018,23,SPAL,it ITA,1. Serie A,17th,34.6,1516,1200,312,10,3,7,169,298,4,0,0,0,1178,4,72,Manuel Lazzari,DF
2018-2019,24,SPAL,it ITA,1. Serie A,13th,31.5,1463,1260,201,9,0,7,242,192,0,0,0,0,1092,2,73,Manuel Lazzari,DF
2019-2020,25,Lazio,it ITA,1. Serie A,4th,28.3,1066,892,172,14,3,3,135,158,0,0,0,0,835,2,33,Manuel Lazzari,DF
2020-2021,26,Lazio,it ITA,1. Serie A,6th,29.0,1153,935,214,15,2,4,114,199,0,0,0,0,924,4,28,Manuel Lazzari,DF
2021-2022,27,Lazio,it ITA,1. Serie A,5th,18.5,1014,836,178,18,1,1,56,160,0,0,0,0,859,0,18,Manuel Lazzari,DF
2022-2023,28,Lazio,it ITA,1. Serie A,2nd,20.9,1183,987,194,17,0,2,36,177,0,0,0,0,1033,2,25,Manuel Lazzari,DF
2023-2024,29,Lazio,it ITA,1. Serie A,7th,18.6,975,819,156,11,0,2,56,145,0,0,0,0,826,0,28,Manuel Lazzari,DF
2024-2025,30,Lazio,it ITA,1. Serie A,4th,9.9,539,446,92,11,1,1,77,81,0,0,0,0,419,1,17,Manuel Lazzari,DF
2013-2014,20,Voždovac,rs SRB,1. SuperLiga,7th,23.5,,,,,,,,,,,,,,,,Adam Marušić,DF
2014-2015,21,Kortrijk,be BEL,1. Pro League,6th,26.5,,,,,,,,,,,,,,,,Adam Marušić,DF
2015-2016,22,Kortrijk,be BEL,1. Pro League,7th,31.5,,,,,,,,,,,,,,,,Adam Marušić,DF
2016-2017,23,Oostende,be BEL,1. First Division A,4th,33.3,,,,,,,0,,,,,,,,,Adam Marušić,DF
2017-2018,24,Lazio,it ITA,1. Serie A,5th,28.0,1206,981,224,4,0,3,98,220,0,0,0,0,926,1,58,Adam Marušić,DF
2018-2019,25,Lazio,it ITA,1. Serie A,8th,23.5,988,813,170,7,0,5,56,163,0,0,0,0,798,5,24,Adam Marušić,DF
2019-2020,26,Lazio,it ITA,1. Serie A,4th,10.5,389,311,78,6,0,1,13,71,1,0,0,0,327,0,9,Adam Marušić,DF
2020-2021,27,Lazio,it ITA,1. Serie A,6th,33.0,1578,1383,192,23,0,6,64,168,0,0,0,0,1312,3,28,Adam Marušić,DF
2021-2022,28,Lazio,it ITA,1. Serie A,5th,30.2,1887,1645,239,33,0,4,29,206,0,0,0,0,1650,3,17,Adam Marušić,DF
2022-2023,29,Lazio,it ITA,1. Serie A,2nd,30.7,1829,1573,253,28,0,8,17,225,0,0,0,0,1564,3,18,Adam Marušić,DF
2023-2024,30,Lazio,it ITA,1. Serie A,7th,34.4,1880,1575,304,20,0,4,44,284,0,0,0,0,1560,1,27,Adam Marušić,DF
2024-2025,31,Lazio,it ITA,1. Serie A,4th,10.4,577,480,97,11,0,1,26,86,0,0,0,0,488,0,8,Adam Marušić,DF
2021-2022,22,Fortuna Sittard,nl NED,1. Eredivisie,15th,9.1,196,191,5,0,0,2,15,3,0,0,0,0,129,0,6,Tijjani Noslin,"FW,MF"
2022-2023,23,Fortuna Sittard,nl NED,1. Eredivisie,13th,17.9,485,467,15,3,1,3,32,12,0,0,0,0,334,3,17,Tijjani Noslin,"FW,MF"
2023-2024,24,Fortuna Sittard,nl NED,1. Eredivisie,10th,11.3,300,274,26,1,1,2,31,7,15,4,1,0,198,0,12,Tijjani Noslin,"FW,MF"
2023-2024,24,Hellas Verona,it ITA,1. Serie A,13th,14.9,338,330,7,0,0,0,15,0,0,0,0,0,235,1,9,Tijjani Noslin,"FW,MF"
2024-2025,25,Lazio,it ITA,1. Serie A,4th,6.0,166,157,8,0,1,2,11,0,0,0,0,0,124,1,7,Tijjani Noslin,"FW,MF"
2015-2016,22,Lazio,it ITA,1. Serie A,8th,6.5,,,,,,,,,,,,,,,,Patric,DF
2016-2017,23,Lazio,it ITA,1. Serie A,5th,11.3,,,,,,,16,,,,,,,,,Patric,DF
2017-2018,24,Lazio,it ITA,1. Serie A,5th,6.6,358,334,21,4,0,3,12,17,0,0,0,0,308,3,3,Patric,DF
2018-2019,25,Lazio,it ITA,1. Serie A,8th,12.1,722,666,53,13,2,5,31,39,1,0,1,0,578,3,17,Patric,DF
2019-2020,26,Lazio,it ITA,1. Serie A,4th,18.6,1227,1184,42,22,2,8,11,20,0,0,0,0,1081,1,9,Patric,DF
2020-2021,27,Lazio,it ITA,1. Serie A,6th,17.7,1229,1167,60,32,1,8,30,26,0,0,0,0,1054,2,9,Patric,DF
2021-2022,28,Lazio,it ITA,1. Serie A,5th,18.3,1452,1402,50,37,1,14,1,11,0,0,0,0,1353,0,1,Patric,DF
2022-2023,29,Lazio,it ITA,1. Serie A,2nd,15.7,1063,979,82,43,0,18,0,0,0,0,0,0,947,2,1,Patric,DF
2023-2024,30,Lazio,it ITA,1. Serie A,7th,17.9,1199,1143,51,34,2,11,11,16,0,0,0,0,1051,5,4,Patric,DF
2024-2025,31,Lazio,it ITA,1. Serie A,4th,6.5,394,379,12,11,0,4,2,0,0,0,0,0,349,3,0,Patric,DF
2019-2020,18,Manchester City,eng ENG,Jr. PL2 — Div. 1,9th,9.6,,,,,,,,,,,,,,,,Fisayo Dele-Bashiru,MF
2020-2021,19,Sheffield Weds,eng ENG,2. Championship,24th,3.2,57,56,1,0,0,0,4,1,0,0,0,0,42,0,3,Fisayo Dele-Bashiru,MF
2021-2022,20,Sheffield Weds,eng ENG,3. League One,4th,15.7,,,,,,,10,,,,,,,,,Fisayo Dele-Bashiru,MF
2022-2023,21,Sheffield Weds,eng ENG,3. League One,3rd,15.5,,,,,,,15,,,,,,,,,Fisayo Dele-Bashiru,MF
2023-2024,22,Hatayspor,tr TUR,1. Süper Lig,15th,33.7,,,,,,,27,,,,,,,,,Fisayo Dele-Bashiru,MF
2024-2025,23,Lazio,it ITA,1. Serie A,4th,4.3,190,188,2,2,0,0,5,0,0,0,0,0,170,0,1,Fisayo Dele-Bashiru,MF
2013-2014,21,Fiorentina,it ITA,1. Serie A,4th,1.7,,,,,,,,,,,,,,,,Matías Vecino,MF
2013-2014,21,Cagliari,it ITA,1. Serie A,15th,7.6,,,,,,,,,,,,,,,,Matías Vecino,MF
2014-2015,22,Empoli,it ITA,1. Serie A,15th,33.2,,,,,,,,,,,,,,,,Matías Vecino,MF
2015-2016,23,Fiorentina,it ITA,1. Serie A,5th,26.6,,,,,,,,,,,,,,,,Matías Vecino,MF
2016-2017,24,Fiorentina,it ITA,1. Serie A,8th,26.2,,,,,,,19,,,,,,,,,Matías Vecino,MF
2017-2018,25,Inter,it ITA,1. Serie A,4th,23.7,1620,1595,20,18,4,6,16,2,0,0,0,0,1413,5,30,Matías Vecino,MF
2018-2019,26,Inter,it ITA,1. Serie A,4th,22.4,1154,1127,19,12,2,9,37,6,0,0,0,0,918,8,34,Matías Vecino,MF
2019-2020,27,Inter,it ITA,1. Serie A,2nd,14.2,547,537,8,4,0,3,16,4,0,0,0,0,417,2,20,Matías Vecino,MF
2020-2021,28,Inter,it ITA,1. Serie A,1st,3.1,126,124,2,2,0,0,2,0,0,0,0,0,103,0,2,Matías Vecino,MF
2021-2022,29,Inter,it ITA,1. Serie A,2nd,4.2,206,198,6,4,4,2,5,2,0,0,0,0,152,2,5,Matías Vecino,MF
2022-2023,30,Lazio,it ITA,1. Serie A,2nd,18.8,968,962,5,5,2,7,1,0,0,0,0,0,830,1,14,Matías Vecino,MF
2023-2024,31,Lazio,it ITA,1. Serie A,7th,12.8,750,732,12,8,2,3,5,4,0,0,0,0,621,6,12,Matías Vecino,MF
2024-2025,32,Lazio,it ITA,1. Serie A,4th,5.4,229,224,5,5,2,1,1,0,0,0,0,0,187,0,5,Matías Vecino,MF
2007-2008,20,Barcelona,es ESP,1. La Liga,3rd,0.2,,,,,,,,,,,,,,,,Pedro,"FW,MF"
2008-2009,21,Barcelona,es ESP,1. La Liga,1st,3.9,,,,,,,,,,,,,,,,Pedro,"FW,MF"
2009-2010,22,Barcelona,es ESP,1. La Liga,1st,23.2,,,,,,,,,,,,,,,,Pedro,"FW,MF"
2010-2011,23,Barcelona,es ESP,1. La Liga,1st,23.6,,,,,,,,,,,,,,,,Pedro,"FW,MF"
2011-2012,24,Barcelona,es ESP,1. La Liga,2nd,18.0,,,,,,,,,,,,,,,,Pedro,"FW,MF"
2012-2013,25,Barcelona,es ESP,1. La Liga,1st,23.0,,,,,,,,,,,,,,,,Pedro,"FW,MF"
2013-2014,26,Barcelona,es ESP,1. La Liga,2nd,26.1,,,,,,,,,,,,,,,,Pedro,"FW,MF"
2014-2015,27,Barcelona,es ESP,1. La Liga,1st,17.3,,,,,,,,,,,,,,,,Pedro,"FW,MF"
2015-2016,28,Chelsea,eng ENG,1. Premier League,10th,22.6,,,,,,,,,,,,,,,,Pedro,"FW,MF"
2016-2017,29,Chelsea,eng ENG,1. Premier League,1st,23.8,,,,,,,72,,,,,,,,,Pedro,"FW,MF"
2017-2018,30,Chelsea,eng ENG,1. Premier League,5th,16.9,705,691,14,6,3,7,46,5,3,3,0,0,555,0,18,Pedro,"FW,MF"
2018-2019,31,Chelsea,eng ENG,1. Premier League,3rd,19.8,1138,1115,17,7,7,12,61,5,5,3,0,1,937,6,28,Pedro,"FW,MF"
2019-2020,32,Chelsea,eng ENG,1. Premier League,4th,7.3,337,332,5,2,4,4,20,2,1,0,1,0,266,0,9,Pedro,"FW,MF"
2020-2021,33,Roma,it ITA,1. Serie A,7th,17.7,616,594,18,10,11,5,35,1,6,3,3,0,479,4,13,Pedro,"FW,MF"
2021-2022,34,Lazio,it ITA,1. Serie A,5th,22.6,936,907,27,3,3,9,31,13,1,0,0,0,785,2,14,Pedro,"FW,MF"
2022-2023,35,Lazio,it ITA,1. Serie A,2nd,21.1,950,919,26,10,2,10,34,12,3,2,0,0,771,5,18,Pedro,"FW,MF"
2023-2024,36,Lazio,it ITA,1. Serie A,7th,9.1,431,422,8,4,2,2,20,0,4,2,2,0,357,1,7,Pedro,"FW,MF"
2024-2025,37,Lazio,it ITA,1. Serie A,4th,5.2,228,209,19,3,5,2,20,2,11,5,3,0,186,0,6,Pedro,"FW,MF"
2018-2019,19,Roma,it ITA,1. Serie A,6th,1.8,130,107,22,5,0,0,6,17,0,0,0,0,104,1,4,Luca Pellegrini,DF
2018-2019,19,Cagliari,it ITA,1. Serie A,15th,10.4,509,392,116,10,0,6,58,105,1,0,1,0,328,1,29,Luca Pellegrini,DF
2019-2020,20,Cagliari,it ITA,1. Serie A,14th,21.2,1087,879,205,20,0,10,114,184,1,1,0,0,775,3,36,Luca Pellegrini,DF
2020-2021,21,Genoa,it ITA,1. Serie A,11th,7.1,313,258,53,5,1,6,29,48,0,0,0,0,218,2,9,Luca Pellegrini,DF
2021-2022,22,Juventus,it ITA,1. Serie A,4th,12.3,682,564,118,10,1,5,54,93,15,8,6,0,521,0,14,Luca Pellegrini,DF
2022-2023,23,Eint Frankfurt,de GER,1. Bundesliga,7th,6.2,431,315,113,13,1,7,54,81,19,13,2,0,292,3,23,Luca Pellegrini,DF
2022-2023,23,Lazio,it ITA,1. Serie A,2nd,2.0,168,142,26,1,0,3,15,25,0,0,0,0,137,0,4,Luca Pellegrini,DF
2023-2024,24,Lazio,it ITA,1. Serie A,7th,8.7,515,419,94,6,1,1,28,87,1,0,0,0,372,2,21,Luca Pellegrini,DF
2024-2025,25,Lazio,it ITA,1. Serie A,4th,4.2,233,196,37,6,0,2,28,31,0,0,0,0,170,0,5,Luca Pellegrini,DF
2017-2018,19,Perugia,it ITA,2. Serie B,8th,0.1,,,,,,,,,,,,,,,,Nicolò Casale,DF
2019-2020,21,Venezia,it ITA,2. Serie B,11th,16.2,1113,1047,65,58,0,15,2,7,0,0,0,0,1006,1,3,Nicolò Casale,DF
2020-2021,22,Empoli,it ITA,2. Serie B,1st,20.6,1194,1100,89,41,0,12,22,46,0,0,0,0,1026,5,8,Nicolò Casale,DF
2021-2022,23,Hellas Verona,it ITA,1. Serie A,9th,28.7,1195,1111,80,51,1,2,15,29,0,0,0,0,957,4,15,Nicolò Casale,DF
2022-2023,24,Lazio,it ITA,1. Serie A,2nd,27.1,1616,1535,79,72,2,9,0,3,0,0,0,0,1485,2,8,Nicolò Casale,DF
2023-2024,25,Lazio,it ITA,1. Serie A,7th,17.3,1024,989,35,25,0,2,0,2,0,0,0,0,940,0,8,Nicolò Casale,DF
2024-2025,26,Lazio,it ITA,1. Serie A,4th,1.5,110,110,0,0,0,0,0,0,0,0,0,0,100,0,0,Nicolò Casale,DF
2024-2025,26,Bologna,it ITA,1. Serie A,7th,2.9,149,145,4,3,0,2,0,0,0,0,0,0,128,0,3,Nicolò Casale,DF
2021-2022,17,Rennes,fr FRA,1. Ligue 1,4th,1.0,38,34,4,2,0,0,4,1,1,1,0,0,24,0,1,Loum Tchaouna,"FW,MF"
2022-2023,18,Dijon,fr FRA,2. Ligue 2,18th,18.0,511,467,43,10,3,3,58,5,23,15,7,0,334,1,30,Loum Tchaouna,"FW,MF"
2023-2024,19,Salernitana,it ITA,1. Serie A,20th,23.3,766,717,43,3,1,12,70,10,8,4,1,0,505,6,35,Loum Tchaouna,"FW,MF"
2024-2025,20,Lazio,it ITA,1. Serie A,4th,3.5,159,145,14,0,0,2,25,2,12,10,1,0,112,0,4,Loum Tchaouna,"FW,MF"
2014-2015,17,Bari,it ITA,2. Serie B,10th,0.2,,,,,,,,,,,,,,,,Gaetano Castrovilli,"MF,FW"
2016-2017,19,Bari,it ITA,2. Serie B,12th,1.8,,,,,,,,,,,,,,,,Gaetano Castrovilli,"MF,FW"
2017-2018,20,Cremonese,it ITA,2. Serie B,14th,17.3,,,,,,,0,,,,,,,,,Gaetano Castrovilli,"MF,FW"
2018-2019,21,Cremonese,it ITA,2. Serie B,9th,23.2,709,645,61,15,0,7,67,18,26,7,14,0,471,3,32,Gaetano Castrovilli,"MF,FW"
2019-2020,22,Fiorentina,it ITA,1. Serie A,10th,29.7,1124,1075,44,20,6,15,38,8,9,5,3,0,886,5,29,Gaetano Castrovilli,"MF,FW"
2020-2021,23,Fiorentina,it ITA,1. Serie A,13th,25.9,759,726,27,12,0,14,36,10,5,3,2,0,573,6,32,Gaetano Castrovilli,"MF,FW"
2021-2022,24,Fiorentina,it ITA,1. Serie A,7th,15.5,539,499,37,16,4,11,40,6,13,1,10,0,404,3,20,Gaetano Castrovilli,"MF,FW"
2022-2023,25,Fiorentina,it ITA,1. Serie A,8th,8.0,241,224,16,10,1,1,12,1,3,0,2,0,188,1,6,Gaetano Castrovilli,"MF,FW"
2023-2024,26,Fiorentina,it ITA,1. Serie A,8th,4.1,116,112,3,1,0,2,9,2,0,0,0,0,75,1,7,Gaetano Castrovilli,"MF,FW"
2024-2025,27,Lazio,it ITA,1. Serie A,4th,1.5,72,70,2,0,1,2,0,1,0,0,0,0,61,0,2,Gaetano Castrovilli,"MF,FW"
2013-2014,19,Arles-Avignon,fr FRA,2. Ligue 2,13th,5.7,,,,,,,,,,,,,,,,Samuel Gigot,DF
2014-2015,20,Arles-Avignon,fr FRA,2. Ligue 2,20th,22.1,,,,,,,,,,,,,,,,Samuel Gigot,DF
2015-2016,21,Kortrijk,be BEL,1. Pro League,7th,22.9,,,,,,,,,,,,,,,,Samuel Gigot,DF
2016-2017,22,Kortrijk,be BEL,1. First Division A,12th,20.0,,,,,,,0,,,,,,,,,Samuel Gigot,DF
2016-2017,22,Gent,be BEL,1. First Division A,3rd,15.5,,,,,,,0,,,,,,,,,Samuel Gigot,DF
2017-2018,23,Gent,be BEL,1. First Division A,4th,39.0,1943,1853,84,71,3,29,12,13,0,0,0,0,1658,6,15,Samuel Gigot,DF
2018-2019,24,Spartak Moscow,ru RUS,1. Premier League,5th,8.3,,,,,,,,,,,,,,,,Samuel Gigot,DF
2019-2020,25,Spartak Moscow,ru RUS,1. Premier League,7th,25.9,,,,,,,6,,,,,,,,,Samuel Gigot,DF
2020-2021,26,Spartak Moscow,ru RUS,1. Premier League,2nd,25.6,,,,,,,5,,,,,,,,,Samuel Gigot,DF
2021-2022,27,Spartak Moscow,ru RUS,1. Premier League,10th,24.9,,,,,,,8,,,,,,,,,Samuel Gigot,DF
2022-2023,28,Marseille,fr FRA,1. Ligue 1,3rd,20.9,1130,1077,51,32,0,1,1,6,0,0,0,0,985,2,2,Samuel Gigot,DF
2023-2024,29,Marseille,fr FRA,1. Ligue 1,8th,19.2,964,882,81,42,2,0,6,5,0,0,0,0,846,1,7,Samuel Gigot,DF
2024-2025,30,Lazio,it ITA,1. Serie A,4th,0.9,73,70,3,3,0,0,0,0,0,0,0,0,64,0,2,Samuel Gigot,DF
2012-2013,18,Empoli,it ITA,2. Serie B,4th,27.4,,,,,,,,,,,,,,,,Elseid Hysaj,DF
2013-2014,19,Empoli,it ITA,2. Serie B,2nd,28.5,,,,,,,,,,,,,,,,Elseid Hysaj,DF
2014-2015,20,Empoli,it ITA,1. Serie A,15th,33.6,,,,,,,,,,,,,,,,Elseid Hysaj,DF
2015-2016,21,Napoli,it ITA,1. Serie A,2nd,36.5,,,,,,,,,,,,,,,,Elseid Hysaj,DF
2016-2017,22,Napoli,it ITA,1. Serie A,3rd,33.7,,,,,,,81,,,,,,,,,Elseid Hysaj,DF
2017-2018,23,Napoli,it ITA,1. Serie A,2nd,34.7,2705,2299,401,52,0,14,52,349,0,0,0,0,2341,5,52,Elseid Hysaj,DF
2018-2019,24,Napoli,it ITA,1. Serie A,2nd,23.4,1771,1574,194,17,0,12,31,177,0,0,0,0,1516,3,34,Elseid Hysaj,DF
2019-2020,25,Napoli,it ITA,1. Serie A,7th,16.5,1291,1138,152,38,1,16,37,114,0,0,0,0,1074,1,26,Elseid Hysaj,DF
2020-2021,26,Napoli,it ITA,1. Serie A,5th,19.6,1226,1049,172,27,2,9,18,145,0,0,0,0,1029,5,22,Elseid Hysaj,DF
2021-2022,27,Lazio,it ITA,1. Serie A,5th,22.5,1412,1254,157,14,2,8,26,143,0,0,0,0,1216,1,27,Elseid Hysaj,DF
2022-2023,28,Lazio,it ITA,1. Serie A,2nd,22.2,1399,1208,190,23,2,5,16,167,0,0,0,0,1186,1,27,Elseid Hysaj,DF
2023-2024,29,Lazio,it ITA,1. Serie A,7th,13.3,850,734,115,15,1,0,18,100,0,0,0,0,713,1,8,Elseid Hysaj,DF
2024-2025,30,Lazio,it ITA,1. Serie A,4th,0.1,16,15,1,0,0,1,0,1,0,0,0,0,14,0,0,Elseid Hysaj,DF
2015-2016,18,Hajduk Split,hr CRO,1. 1. HNL,3rd,1.6,,,,,,,,,,,,,,,,Toma Bašić,MF
2016-2017,19,Hajduk Split,hr CRO,1. 1. HNL,3rd,17.8,,,,,,,0,,,,,,,,,Toma Bašić,MF
2017-2018,20,Hajduk Split,hr CRO,1. 1. HNL,3rd,21.3,,,,,,,0,,,,,,,,,Toma Bašić,MF
2018-2019,21,Hajduk Split,hr CRO,1. 1. HNL,4th,1.0,,,,,,,,,,,,,,,,Toma Bašić,MF
2018-2019,21,Bordeaux,fr FRA,1. Ligue 1,14th,14.8,620,552,65,33,2,7,46,3,28,24,2,0,481,3,12,Toma Bašić,MF
2019-2020,22,Bordeaux,fr FRA,1. Ligue 1,12th,11.0,590,538,52,21,3,4,47,2,29,24,3,0,457,0,7,Toma Bašić,MF
2020-2021,23,Bordeaux,fr FRA,1. Ligue 1,12th,28.9,1289,1227,57,33,1,12,64,2,22,11,8,0,1048,5,15,Toma Bašić,MF
2021-2022,24,Bordeaux,fr FRA,1. Ligue 1,20th,2.3,95,84,11,2,1,0,18,0,9,5,3,0,67,0,2,Toma Bašić,MF
2021-2022,24,Lazio,it ITA,1. Serie A,5th,10.9,451,436,14,6,0,1,15,0,0,0,0,0,386,1,5,Toma Bašić,MF
2022-2023,25,Lazio,it ITA,1. Serie A,2nd,5.7,293,273,20,6,2,0,20,0,7,3,4,0,214,0,13,Toma Bašić,MF
2023-2024,26,Salernitana,it ITA,1. Serie A,20th,12.9,540,503,35,22,1,6,25,7,6,1,4,0,442,2,11,Toma Bašić,MF
2013-2014,18,Crotone,it ITA,2. Serie B,6th,27.7,,,,,,,,,,,,,,,,Danilo Cataldi,MF
2014-2015,19,Lazio,it ITA,1. Serie A,3rd,11.1,,,,,,,,,,,,,,,,Danilo Cataldi,MF
2015-2016,20,Lazio,it ITA,1. Serie A,8th,15.0,,,,,,,,,,,,,,,,Danilo Cataldi,MF
2016-2017,21,Lazio,it ITA,1. Serie A,5th,7.4,,,,,,,57,,,,,,,,,Danilo Cataldi,MF
2016-2017,21,Genoa,it ITA,1. Serie A,16th,10.3,,,,,,,62,,,,,,,,,Danilo Cataldi,MF
2017-2018,22,Benevento,it ITA,1. Serie A,20th,25.4,1369,1272,92,46,5,19,62,12,33,11,14,0,1124,5,19,Danilo Cataldi,MF
2018-2019,23,Lazio,it ITA,1. Serie A,8th,6.4,390,335,54,17,0,2,41,3,32,12,15,0,306,1,7,Danilo Cataldi,MF
2019-2020,24,Lazio,it ITA,1. Serie A,4th,6.6,447,399,48,19,1,4,35,4,25,8,13,0,370,0,7,Danilo Cataldi,MF
2020-2021,25,Lazio,it ITA,1. Serie A,6th,6.3,429,387,41,16,1,3,30,4,19,11,5,0,351,1,5,Danilo Cataldi,MF
2021-2022,26,Lazio,it ITA,1. Serie A,5th,19.0,1401,1294,103,51,6,10,66,1,51,19,27,0,1201,4,11,Danilo Cataldi,MF
2022-2023,27,Lazio,it ITA,1. Serie A,2nd,21.3,1325,1245,76,40,3,5,44,3,33,6,20,0,1147,4,14,Danilo Cataldi,MF
2023-2024,28,Lazio,it ITA,1. Serie A,7th,15.1,932,882,48,23,3,3,31,5,20,4,13,0,800,2,8,Danilo Cataldi,MF
2024-2025,29,Fiorentina,it ITA,1. Serie A,6th,9.8,509,479,25,19,1,2,8,5,1,0,1,0,428,5,6,Danilo Cataldi,MF
2017-2018,15,Atromitos,gr GRE,1. Super League,4th,0.2,,,,,,,0,,,,,,,,,Christos Mandas,GK
2018-2019,16,Atromitos,gr GRE,1. Super League,4th,1.0,,,,,,,,,,,,,,,,Christos Mandas,GK
2019-2020,17,Atromitos,gr GRE,1. Super League,8th,12.0,,,,,,,,,,,,,,,,Christos Mandas,GK
2020-2021,18,Atromitos,gr GRE,1. Super League,8th,13.1,,,,,,,,,,,,,,,,Christos Mandas,GK
2021-2022,19,OFI Crete,gr GRE,1. Super League,8th,1.0,,,,,,,,,,,,,,,,Christos Mandas,GK
2022-2023,20,OFI Crete,gr GRE,1. Super League,6th,26.0,,,,,,,,,,,,,,,,Christos Mandas,GK
2023-2024,21,OFI Crete,gr GRE,1. Super League,10th,2.0,,,,,,,,,,,,,,,,Christos Mandas,GK
2023-2024,21,Lazio,it ITA,1. Serie A,7th,8.0,269,220,49,20,0,0,0,0,0,0,0,0,181,0,0,Christos Mandas,GK
