Season,Age,Squad,Country,Comp,LgRank,90s,Touches,Def Pen,Def 3rd,Mid 3rd,Att 3rd,Att Pen,Live,Att,Succ,Succ%,Tkld,Tkld%,Carries,TotDist,PrgDist,PrgC,1/3,CPA,Mis,Dis,Rec,PrgR,Player,Position
2015-2016,20,Lille,fr FRA,1. Ligue 1,5th,3.2,,,,,,,,,,,,,,,,,,,,,,,Mike Maignan,GK
2016-2017,21,Lille,fr FRA,1. Ligue 1,11th,6.3,,,,,,,,,,,,,,,,,,,,,,,Mike Maignan,GK
2017-2018,22,Lille,fr FRA,1. Ligue 1,17th,33.7,1233,1053,1226,7,0,0,1233,10,9,90.0,1,10.0,541,3338,2377,0,1,1,2,1,489,0,Mike Maignan,GK
2018-2019,23,Lille,fr FRA,1. Ligue 1,2nd,38.0,1202,1030,1196,7,0,0,1202,1,1,100.0,0,0.0,524,3256,2283,0,0,0,1,0,413,0,Mike Maignan,GK
2019-2020,24,Lille,fr FRA,1. Ligue 1,4th,28.0,811,691,807,5,1,1,811,0,0,,0,,355,2255,1634,0,0,0,1,0,264,0,Mike Maignan,GK
2020-2021,25,Lille,fr FRA,1. Ligue 1,1st,38.0,1131,964,1108,23,0,0,1131,1,1,100.0,0,0.0,613,3134,1866,0,1,0,1,0,462,0,Mike Maignan,GK
2021-2022,26,Milan,it ITA,1. Serie A,1st,32.0,1207,867,1195,13,0,0,1207,0,0,,0,,798,4871,3506,0,0,0,2,1,660,0,Mike Maignan,GK
2022-2023,27,Milan,it ITA,1. Serie A,4th,22.0,853,639,838,15,0,0,853,0,0,,0,,618,3323,2132,0,0,0,0,0,525,0,Mike Maignan,GK
2023-2024,28,Milan,it ITA,1. Serie A,2nd,29.0,1285,960,1281,5,0,0,1285,1,1,100.0,0,0.0,873,4782,3225,0,0,0,1,0,732,0,Mike Maignan,GK
2024-2025,29,Milan,it ITA,1. Serie A,8th,17.0,743,430,731,12,0,0,743,0,0,,0,,489,2544,1767,0,0,0,1,0,464,0,Mike Maignan,GK
2018-2019,19,Strasbourg,fr FRA,1. Ligue 1,11th,10.1,469,11,95,281,104,9,469,25,16,64.0,9,36.0,288,1683,957,21,27,3,29,9,304,21,Youssouf Fofana,MF
2019-2020,20,Strasbourg,fr FRA,1. Ligue 1,10th,11.2,560,8,97,326,146,15,560,17,9,52.9,8,47.1,333,1979,1140,28,30,4,22,13,390,43,Youssouf Fofana,MF
2019-2020,20,Monaco,fr FRA,1. Ligue 1,9th,6.8,444,18,100,296,57,5,444,19,6,31.6,13,68.4,260,1585,970,18,10,2,10,10,308,20,Youssouf Fofana,MF
2020-2021,21,Monaco,fr FRA,1. Ligue 1,3rd,31.9,2028,47,385,1327,345,12,2028,61,32,52.5,29,47.5,1101,5869,2967,57,52,4,45,26,1410,36,Youssouf Fofana,MF
2021-2022,22,Monaco,fr FRA,1. Ligue 1,3rd,24.3,1455,47,239,973,263,17,1455,62,40,64.5,22,35.5,918,4891,2497,44,41,5,38,33,1001,47,Youssouf Fofana,MF
2022-2023,23,Monaco,fr FRA,1. Ligue 1,6th,34.3,2116,59,352,1340,454,37,2116,91,46,50.5,40,44.0,1600,9328,4753,81,90,9,48,41,1416,71,Youssouf Fofana,MF
2023-2024,24,Monaco,fr FRA,1. Ligue 1,2nd,30.0,2113,66,357,1329,458,49,2113,67,39,58.2,26,38.8,1614,9082,4247,53,83,8,49,33,1465,86,Youssouf Fofana,MF
2024-2025,25,Milan,it ITA,1. Serie A,8th,14.6,882,22,172,605,118,8,882,15,6,40.0,9,60.0,528,3146,1743,22,22,1,14,11,662,16,Youssouf Fofana,MF
2017-2018,19,Zwolle,nl NED,1. Eredivisie,9th,0.0,,,,,,,,,,,,,,,,,,,,,,,Tijjani Reijnders,MF
2017-2018,19,Jong AZ,nl NED,2. Eerste Divisie,16th,29.3,,,,,,,,,,,,,,,,,,,,,,,Tijjani Reijnders,MF
2018-2019,20,Jong AZ,nl NED,2. Eerste Divisie,18th,35.8,,,,,,,,,,,,,,,,,,,,,,,Tijjani Reijnders,MF
2019-2020,21,RKC Waalwijk,nl NED,1. Eredivisie,18th,6.1,390,12,65,233,97,13,390,18,12,66.7,6,33.3,248,1474,674,16,12,2,12,7,276,20,Tijjani Reijnders,MF
2019-2020,21,AZ Alkmaar,nl NED,1. Eredivisie,2nd,0.5,48,2,4,34,11,2,48,2,1,50.0,1,50.0,30,161,50,0,1,1,1,1,35,3,Tijjani Reijnders,MF
2019-2020,21,Jong AZ,nl NED,2. Eerste Divisie,14th,16.0,,,,,,,,,,,,,,,,,,,,,,,Tijjani Reijnders,MF
2020-2021,22,Jong AZ,nl NED,2. Eerste Divisie,17th,7.5,,,,,,,,,,,,,,,,,,,,,,,Tijjani Reijnders,MF
2020-2021,22,AZ Alkmaar,nl NED,1. Eredivisie,3rd,8.2,576,19,104,335,144,13,576,22,14,63.6,8,36.4,375,2157,847,15,20,4,15,12,413,27,Tijjani Reijnders,MF
2021-2022,23,AZ Alkmaar,nl NED,1. Eredivisie,5th,14.5,1150,34,212,650,301,21,1150,43,26,60.5,17,39.5,720,3917,1726,37,34,7,25,20,812,41,Tijjani Reijnders,MF
2022-2023,24,AZ Alkmaar,nl NED,1. Eredivisie,4th,33.8,2364,53,393,1199,811,72,2364,92,51,55.4,30,32.6,1490,9340,4476,100,92,26,51,31,1683,92,Tijjani Reijnders,MF
2023-2024,25,Milan,it ITA,1. Serie A,2nd,31.3,2022,54,323,1181,533,62,2022,55,35,63.6,17,30.9,1367,9122,4195,88,81,18,40,38,1571,90,Tijjani Reijnders,MF
2024-2025,26,Milan,it ITA,1. Serie A,8th,14.1,754,17,97,412,253,29,754,35,20,57.1,14,40.0,482,3301,1836,51,50,11,17,15,574,51,Tijjani Reijnders,MF
2018-2019,19,Betis,es ESP,1. La Liga,10th,3.5,248,11,69,91,89,7,248,3,0,0.0,3,100.0,129,632,287,7,6,3,8,1,151,26,Emerson,DF
2019-2020,20,Betis,es ESP,1. La Liga,15th,31.5,1976,85,582,761,654,96,1976,44,14,31.8,30,68.2,1073,5851,3252,90,67,26,46,27,1188,215,Emerson,DF
2020-2021,21,Betis,es ESP,1. La Liga,6th,33.2,2362,115,636,1018,721,80,2362,47,24,51.1,23,48.9,1184,5814,3265,91,63,19,54,34,1384,186,Emerson,DF
2021-2022,22,Barcelona,es ESP,1. La Liga,2nd,1.0,78,1,17,48,13,0,78,1,0,0.0,1,100.0,42,184,73,0,0,0,0,0,54,4,Emerson,DF
2021-2022,22,Tottenham,eng ENG,1. Premier League,4th,25.4,1765,98,579,666,530,56,1765,34,17,50.0,17,50.0,911,4344,2277,68,28,8,27,18,1019,175,Emerson,DF
2022-2023,23,Tottenham,eng ENG,1. Premier League,8th,19.3,1323,101,481,505,346,46,1323,31,15,48.4,9,29.0,672,3662,2046,47,32,6,22,19,775,103,Emerson,DF
2023-2024,24,Tottenham,eng ENG,1. Premier League,5th,12.9,1220,103,462,517,249,12,1220,21,10,47.6,6,28.6,686,2759,1292,21,19,2,15,12,814,35,Emerson,DF
2024-2025,25,Milan,it ITA,1. Serie A,8th,13.5,988,48,269,476,248,20,988,15,5,33.3,9,60.0,537,2159,1123,16,18,1,17,6,646,62,Emerson,DF
2017-2018,18,Sporting CP,pt POR,1. Primeira Liga,3rd,1.1,,,,,,,,,,,,,,,,,,,,,,,Rafael Leão,FW
2018-2019,19,Lille,fr FRA,1. Ligue 1,2nd,14.3,374,16,36,160,180,52,374,17,9,52.9,8,47.1,217,1158,503,17,16,10,25,27,287,76,Rafael Leão,FW
2019-2020,20,Milan,it ITA,1. Serie A,6th,15.6,631,5,36,230,379,94,631,61,39,63.9,22,36.1,451,3424,1741,66,45,32,42,21,522,150,Rafael Leão,FW
2020-2021,21,Milan,it ITA,1. Serie A,2nd,21.4,713,17,72,279,386,104,713,65,40,61.5,25,38.5,398,3486,1930,77,38,32,53,16,526,147,Rafael Leão,FW
2021-2022,22,Milan,it ITA,1. Serie A,1st,28.9,1166,12,58,434,707,172,1166,163,98,60.1,65,39.9,808,7959,4496,161,109,69,71,50,914,218,Rafael Leão,FW
2022-2023,23,Milan,it ITA,1. Serie A,4th,26.9,1195,10,66,487,672,144,1195,171,77,45.0,76,44.4,804,7464,3808,136,113,64,69,38,924,235,Rafael Leão,FW
2023-2024,24,Milan,it ITA,1. Serie A,2nd,27.9,1351,20,75,575,725,179,1351,154,77,50.0,61,39.6,937,7403,4060,160,99,82,66,41,1127,293,Rafael Leão,FW
2024-2025,25,Milan,it ITA,1. Serie A,8th,11.5,536,0,23,218,309,71,536,69,37,53.6,28,40.6,374,2682,1460,56,33,34,21,13,440,118,Rafael Leão,FW
2015-2016,16,Dortmund,de GER,1. Bundesliga,2nd,4.3,,,,,,,,,,,,,,,,,,,,,,,Christian Pulisic,"MF,FW"
2016-2017,17,Dortmund,de GER,1. Bundesliga,3rd,16.9,,,,,,,,,,,,,,,,,,,,,,,Christian Pulisic,"MF,FW"
2017-2018,18,Dortmund,de GER,1. Bundesliga,4th,25.6,1230,7,111,508,639,126,1230,182,77,42.3,105,57.7,834,6637,3570,152,86,57,50,53,961,257,Christian Pulisic,"MF,FW"
2018-2019,19,Dortmund,de GER,1. Bundesliga,2nd,10.4,729,11,65,323,354,69,729,81,42,51.9,39,48.1,502,3555,1945,66,52,27,39,43,574,109,Christian Pulisic,"MF,FW"
2019-2020,20,Chelsea,eng ENG,1. Premier League,4th,19.1,1005,6,100,390,532,128,1005,108,55,50.9,53,49.1,744,5476,2966,107,80,47,53,63,830,188,Christian Pulisic,"MF,FW"
2020-2021,21,Chelsea,eng ENG,1. Premier League,4th,19.3,994,10,97,399,518,112,994,108,49,45.4,59,54.6,654,4487,2350,86,50,37,67,29,772,160,Christian Pulisic,"MF,FW"
2021-2022,22,Chelsea,eng ENG,1. Premier League,3rd,14.3,664,7,73,258,346,69,664,57,25,43.9,32,56.1,439,2805,1233,44,31,18,50,25,511,108,Christian Pulisic,"MF,FW"
2022-2023,23,Chelsea,eng ENG,1. Premier League,12th,9.1,429,4,53,168,216,43,429,44,13,29.5,22,50.0,299,2126,1044,35,30,14,26,13,328,76,Christian Pulisic,"MF,FW"
2023-2024,24,Milan,it ITA,1. Serie A,2nd,28.9,1389,15,113,588,709,128,1389,122,47,38.5,54,44.3,995,7489,3876,131,62,46,70,33,1112,293,Christian Pulisic,"MF,FW"
2024-2025,25,Milan,it ITA,1. Serie A,8th,10.9,550,6,57,209,295,47,549,23,12,52.2,9,39.1,343,2345,1352,47,30,12,20,12,407,67,Christian Pulisic,"MF,FW"
2016-2017,18,Alavés,es ESP,1. La Liga,9th,30.3,,,,,,,,,,,,,,,,,,,,,,,Theo Hernández,DF
2017-2018,19,Real Madrid,es ESP,1. La Liga,3rd,10.7,756,31,184,339,240,23,756,40,22,55.0,18,45.0,525,2713,1692,47,42,11,17,21,540,107,Theo Hernández,DF
2018-2019,20,Real Sociedad,es ESP,1. La Liga,9th,22.0,1448,60,419,676,380,33,1448,83,42,50.6,41,49.4,815,6132,3777,87,78,16,37,26,897,117,Theo Hernández,DF
2019-2020,21,Milan,it ITA,1. Serie A,6th,31.3,2379,84,585,1125,716,84,2379,106,57,53.8,49,46.2,1451,8729,5648,125,110,24,51,21,1567,195,Theo Hernández,DF
2020-2021,22,Milan,it ITA,1. Serie A,2nd,32.6,2287,107,548,1107,673,84,2287,119,73,61.3,46,38.7,1352,10146,6510,146,101,28,62,27,1485,189,Theo Hernández,DF
2021-2022,23,Milan,it ITA,1. Serie A,1st,30.1,2060,65,515,983,605,56,2058,85,49,57.6,36,42.4,1138,8263,5294,120,88,27,55,24,1262,140,Theo Hernández,DF
2022-2023,24,Milan,it ITA,1. Serie A,4th,30.8,2078,69,495,1026,584,69,2077,68,19,27.9,36,52.9,1173,7669,4489,108,80,16,46,19,1280,146,Theo Hernández,DF
2023-2024,25,Milan,it ITA,1. Serie A,2nd,31.0,2270,90,581,1191,531,71,2268,81,37,45.7,32,39.5,1467,9352,6095,115,93,13,30,22,1602,124,Theo Hernández,DF
2024-2025,26,Milan,it ITA,1. Serie A,8th,12.0,761,35,206,379,191,20,760,23,8,34.8,12,52.2,402,2309,1336,35,15,9,11,8,479,52,Theo Hernández,DF
2017-2018,15,Schalke U17,de GER,Jr. U17 Bundesliga,10th,18.1,,,,,,,,,,,,,,,,,,,,,,,Malick Thiaw,DF
2018-2019,16,Schalke U19,de GER,Jr. U19 Bundesliga,6th,24.1,,,,,,,,,,,,,,,,,,,,,,,Malick Thiaw,DF
2019-2020,17,Schalke U19,de GER,Jr. U19 Bundesliga,16th,18.8,,,,,,,,,,,,,,,,,,,,,,,Malick Thiaw,DF
2019-2020,17,Schalke 04,de GER,1. Bundesliga,12th,0.8,50,7,30,19,1,0,50,0,0,,0,,30,142,74,2,1,0,0,0,31,0,Malick Thiaw,DF
2020-2021,18,Schalke 04,de GER,1. Bundesliga,18th,16.1,967,155,555,370,45,14,967,4,2,50.0,2,50.0,519,2150,956,4,8,2,13,3,582,10,Malick Thiaw,DF
2021-2022,19,Schalke 04,de GER,2. 2. Bundesliga,1st,28.3,2013,199,1057,865,108,38,2013,16,11,68.8,5,31.3,1190,5525,2854,21,13,1,15,10,1285,9,Malick Thiaw,DF
2022-2023,20,Schalke 04,de GER,1. Bundesliga,17th,3.0,171,36,105,62,4,3,171,2,1,50.0,1,50.0,76,243,117,1,0,0,0,0,91,0,Malick Thiaw,DF
2022-2023,20,Milan,it ITA,1. Serie A,4th,15.1,1196,108,546,613,44,15,1196,4,1,25.0,2,50.0,732,3425,1896,6,10,0,4,4,824,2,Malick Thiaw,DF
2023-2024,21,Milan,it ITA,1. Serie A,2nd,18.0,1347,107,608,698,45,11,1347,11,8,72.7,2,18.2,900,4823,2501,15,6,0,7,5,983,1,Malick Thiaw,DF
2024-2025,22,Milan,it ITA,1. Serie A,8th,11.0,812,87,394,390,30,8,812,2,2,100.0,0,0.0,490,2114,994,3,6,0,2,0,592,0,Malick Thiaw,DF
2010-2011,17,Real Madrid,es ESP,1. La Liga,2nd,0.0,,,,,,,,,,,,,,,,,,,,,,,Álvaro Morata,"FW,MF"
2011-2012,18,Real Madrid,es ESP,1. La Liga,1st,0.1,,,,,,,,,,,,,,,,,,,,,,,Álvaro Morata,"FW,MF"
2012-2013,19,Real Madrid B,es ESP,2. La Liga 2,8th,17.9,,,,,,,,,,,,,,,,,,,,,,,Álvaro Morata,"FW,MF"
2012-2013,19,Real Madrid,es ESP,1. La Liga,2nd,4.6,,,,,,,,,,,,,,,,,,,,,,,Álvaro Morata,"FW,MF"
2013-2014,20,Real Madrid,es ESP,1. La Liga,3rd,6.6,,,,,,,,,,,,,,,,,,,,,,,Álvaro Morata,"FW,MF"
2014-2015,21,Juventus,it ITA,1. Serie A,1st,14.8,,,,,,,,,,,,,,,,,,,,,,,Álvaro Morata,"FW,MF"
2015-2016,22,Juventus,it ITA,1. Serie A,1st,16.0,,,,,,,,,,,,,,,,,,,,,,,Álvaro Morata,"FW,MF"
2016-2017,23,Real Madrid,es ESP,1. La Liga,1st,14.8,,,,,,,,,,,,,,,,,,,,,,,Álvaro Morata,"FW,MF"
2017-2018,24,Chelsea,eng ENG,1. Premier League,5th,22.9,873,25,36,362,489,147,873,59,32,54.2,27,45.8,570,3210,1311,54,35,37,75,62,750,228,Álvaro Morata,"FW,MF"
2018-2019,25,Chelsea,eng ENG,1. Premier League,3rd,10.5,339,7,18,150,175,54,339,13,6,46.2,7,53.8,202,951,351,12,9,10,28,22,294,82,Álvaro Morata,"FW,MF"
2018-2019,25,Atlético Madrid,es ESP,1. La Liga,2nd,12.0,403,14,38,180,191,65,403,25,19,76.0,5,20.0,231,1472,756,31,22,17,33,22,303,79,Álvaro Morata,"FW,MF"
2019-2020,26,Atlético Madrid,es ESP,1. La Liga,3rd,23.3,789,29,69,350,376,120,786,28,19,67.9,9,32.1,424,2408,1159,49,42,14,74,46,627,139,Álvaro Morata,"FW,MF"
2020-2021,27,Juventus,it ITA,1. Serie A,4th,22.4,851,27,60,376,423,130,850,41,23,56.1,18,43.9,424,2942,1396,55,35,21,74,41,656,159,Álvaro Morata,"FW,MF"
2021-2022,28,Juventus,it ITA,1. Serie A,4th,25.6,957,27,104,406,459,127,956,47,23,48.9,24,51.1,573,3691,1847,65,46,24,78,43,771,154,Álvaro Morata,"FW,MF"
2022-2023,29,Atlético Madrid,es ESP,1. La Liga,3rd,21.1,655,29,68,297,299,105,655,41,20,48.8,16,39.0,387,2142,929,33,19,16,55,24,527,102,Álvaro Morata,"FW,MF"
2023-2024,30,Atlético Madrid,es ESP,1. La Liga,4th,21.2,616,28,87,246,287,123,615,36,17,47.2,16,44.4,344,1587,693,22,13,17,40,31,432,88,Álvaro Morata,"FW,MF"
2024-2025,31,Milan,it ITA,1. Serie A,8th,10.1,315,6,27,148,141,48,315,15,5,33.3,6,40.0,177,1003,431,15,12,6,22,14,248,48,Álvaro Morata,"FW,MF"
2019-2020,19,Milan,it ITA,1. Serie A,6th,7.6,506,62,259,233,15,5,506,0,0,,0,,279,1283,753,2,2,0,4,0,341,1,Matteo Gabbia,DF
2020-2021,20,Milan,it ITA,1. Serie A,2nd,6.2,415,52,203,200,12,6,415,0,0,,0,,224,991,566,2,1,0,2,0,284,0,Matteo Gabbia,DF
2021-2022,21,Milan,it ITA,1. Serie A,1st,6.0,471,50,256,208,9,6,471,0,0,,0,,289,1161,635,3,0,0,2,0,344,1,Matteo Gabbia,DF
2022-2023,22,Milan,it ITA,1. Serie A,4th,6.8,427,54,258,163,7,1,427,0,0,,0,,187,827,398,1,0,1,1,0,248,1,Matteo Gabbia,DF
2023-2024,23,Villarreal,es ESP,1. La Liga,8th,5.3,369,56,201,159,9,2,369,0,0,,0,,205,963,555,1,1,0,4,0,244,0,Matteo Gabbia,DF
2023-2024,23,Milan,it ITA,1. Serie A,2nd,14.2,1035,116,518,482,40,21,1035,2,2,100.0,0,0.0,611,3097,1627,11,4,0,5,2,719,2,Matteo Gabbia,DF
2024-2025,24,Milan,it ITA,1. Serie A,8th,9.7,666,72,339,309,19,10,666,1,1,100.0,0,0.0,392,1697,918,6,1,0,1,1,496,1,Matteo Gabbia,DF
2018-2019,19,Villarreal,es ESP,1. La Liga,14th,19.0,765,9,109,277,400,114,765,95,52,54.7,43,45.3,532,4110,2428,102,39,57,45,32,567,170,Samuel Chukwueze,FW
2019-2020,20,Villarreal,es ESP,1. La Liga,5th,22.8,1046,17,134,427,507,107,1046,112,63,56.3,49,43.8,706,5611,3146,119,71,54,77,29,806,213,Samuel Chukwueze,FW
2020-2021,21,Villarreal,es ESP,1. La Liga,7th,15.2,728,10,82,239,419,90,728,79,39,49.4,40,50.6,492,4084,2179,84,49,37,46,23,552,177,Samuel Chukwueze,FW
2021-2022,22,Villarreal,es ESP,1. La Liga,7th,14.8,681,4,71,243,383,111,681,125,66,52.8,59,47.2,499,3634,2019,89,42,55,47,20,520,164,Samuel Chukwueze,FW
2022-2023,23,Villarreal,es ESP,1. La Liga,5th,26.0,1241,15,131,437,696,143,1241,178,86,48.3,76,42.7,876,6197,3639,133,63,71,66,29,974,261,Samuel Chukwueze,FW
2023-2024,24,Milan,it ITA,1. Serie A,2nd,11.3,576,5,66,237,278,59,576,62,21,33.9,34,54.8,407,2601,1337,52,27,24,29,15,436,135,Samuel Chukwueze,FW
2024-2025,25,Milan,it ITA,1. Serie A,8th,8.2,427,5,52,159,220,44,427,31,16,51.6,14,45.2,289,2077,1136,37,22,16,16,5,317,90,Samuel Chukwueze,FW
2018-2019,17,Partizan,rs SRB,1. SuperLiga,3rd,11.0,,,,,,,,,,,,,,,,,,,,,,,Strahinja Pavlović,DF
2019-2020,18,Partizan,rs SRB,1. SuperLiga,2nd,25.6,,,,,,,,,,,,,,,,,,,,,,,Strahinja Pavlović,DF
2020-2021,19,Cercle Brugge,be BEL,1. First Division A,16th,10.7,539,67,285,227,41,13,539,17,14,82.4,3,17.6,259,1893,1190,13,18,4,12,8,260,2,Strahinja Pavlović,DF
2020-2021,19,Monaco,fr FRA,1. Ligue 1,3rd,0.0,3,0,2,0,1,0,3,0,0,,0,,0,0,0,0,0,0,0,0,1,1,Strahinja Pavlović,DF
2021-2022,20,Monaco,fr FRA,1. Ligue 1,3rd,5.0,467,24,176,268,26,6,467,3,3,100.0,0,0.0,303,1621,1028,10,9,0,6,1,336,1,Strahinja Pavlović,DF
2021-2022,20,Basel,ch SUI,1. Super Lg,2nd,6.5,,,,,,,,,,,,,,,,,,,,,,,Strahinja Pavlović,DF
2022-2023,21,RB Salzburg,at AUT,1. Bundesliga,1st,22.5,,,,,,,,,,,,,,,,,,,,,,,Strahinja Pavlović,DF
2023-2024,22,RB Salzburg,at AUT,1. Bundesliga,2nd,25.4,,,,,,,,,,,,,,,,,,,,,,,Strahinja Pavlović,DF
2024-2025,23,Milan,it ITA,1. Serie A,8th,7.3,581,55,302,262,23,5,581,4,1,25.0,2,50.0,376,1859,1113,9,9,0,5,2,416,1,Strahinja Pavlović,DF
2014-2015,18,Chelsea,eng ENG,1. Premier League,1st,1.5,,,,,,,,,,,,,,,,,,,,,,,Ruben Loftus-Cheek,MF
2015-2016,19,Chelsea,eng ENG,1. Premier League,10th,4.6,,,,,,,,,,,,,,,,,,,,,,,Ruben Loftus-Cheek,MF
2016-2017,20,Chelsea,eng ENG,1. Premier League,1st,0.4,,,,,,,,,,,,,,,,,,,,,,,Ruben Loftus-Cheek,MF
2017-2018,21,Crystal Palace,eng ENG,1. Premier League,11th,20.8,1017,30,160,470,410,75,1017,110,72,65.5,38,34.5,741,5140,3062,94,63,29,46,48,736,126,Ruben Loftus-Cheek,MF
2018-2019,22,Chelsea,eng ENG,1. Premier League,3rd,11.1,783,10,93,366,341,54,783,64,41,64.1,23,35.9,502,3122,1761,52,31,10,25,25,595,75,Ruben Loftus-Cheek,MF
2019-2020,23,Chelsea,eng ENG,Jr. PL2 — Div. 1,1st,1.0,,,,,,,,,,,,,,,,,,,,,,,Ruben Loftus-Cheek,MF
2019-2020,23,Chelsea,eng ENG,1. Premier League,4th,2.3,150,5,17,81,52,11,150,4,4,100.0,0,0.0,94,491,253,4,8,1,2,4,120,11,Ruben Loftus-Cheek,MF
2020-2021,24,Fulham,eng ENG,1. Premier League,18th,21.2,1000,20,115,544,362,67,1000,72,38,52.8,34,47.2,647,4067,2221,57,42,14,73,41,752,97,Ruben Loftus-Cheek,MF
2020-2021,24,Chelsea,eng ENG,1. Premier League,4th,0.7,25,0,5,15,5,0,25,3,0,0.0,3,100.0,13,85,34,1,1,0,2,1,18,2,Ruben Loftus-Cheek,MF
2021-2022,25,Chelsea,eng ENG,1. Premier League,3rd,15.5,1172,20,182,682,327,40,1172,60,42,70.0,18,30.0,724,4399,2651,69,50,9,27,33,887,53,Ruben Loftus-Cheek,MF
2022-2023,26,Chelsea,eng ENG,1. Premier League,12th,17.1,1068,40,185,576,322,42,1068,60,30,50.0,22,36.7,651,3753,2210,56,29,10,22,23,774,86,Ruben Loftus-Cheek,MF
2023-2024,27,Milan,it ITA,1. Serie A,2nd,23.0,953,27,122,494,356,64,953,56,30,53.6,20,35.7,581,4166,2373,73,63,9,35,22,717,113,Ruben Loftus-Cheek,MF
2024-2025,28,Milan,it ITA,1. Serie A,8th,7.6,348,9,44,202,108,21,348,13,7,53.8,4,30.8,207,1346,781,20,13,8,11,5,282,29,Ruben Loftus-Cheek,MF
2015-2016,17,Chelsea,eng ENG,1. Premier League,10th,0.6,,,,,,,,,,,,,,,,,,,,,,,Tammy Abraham,FW
2016-2017,18,Bristol City,eng ENG,2. Championship,17th,37.9,,,,,,,,,,,,,,,,,,,,,,,Tammy Abraham,FW
2017-2018,19,Swansea City,eng ENG,1. Premier League,18th,19.2,498,12,33,246,230,65,498,47,27,57.4,20,42.6,305,1600,555,19,16,8,50,51,393,104,Tammy Abraham,FW
2018-2019,20,Chelsea,eng ENG,Jr. PL2 — Div. 1,6th,1.0,,,,,,,,,,,,,,,,,,,,,,,Tammy Abraham,FW
2018-2019,20,Aston Villa,eng ENG,2. Championship,5th,34.9,1056,44,74,477,519,156,1050,51,30,58.8,21,41.2,558,2781,1110,48,32,16,102,56,826,190,Tammy Abraham,FW
2019-2020,21,Chelsea,eng ENG,1. Premier League,4th,24.6,722,30,60,337,334,146,722,35,16,45.7,19,54.3,333,1698,749,31,17,10,74,42,479,134,Tammy Abraham,FW
2020-2021,22,Chelsea,eng ENG,1. Premier League,4th,11.6,358,20,35,171,154,61,358,18,6,33.3,12,66.7,154,694,266,12,5,8,33,7,239,66,Tammy Abraham,FW
2021-2022,23,Roma,it ITA,1. Serie A,6th,34.3,1064,32,73,508,495,173,1061,77,38,49.4,39,50.6,494,2592,1129,41,31,22,86,41,736,199,Tammy Abraham,FW
2022-2023,24,Roma,it ITA,1. Serie A,6th,24.3,786,19,50,391,355,125,786,68,22,32.4,37,54.4,421,2154,856,35,20,16,62,31,621,141,Tammy Abraham,FW
2023-2024,25,Roma,it ITA,1. Serie A,6th,2.7,69,4,4,31,34,9,69,6,2,33.3,4,66.7,37,208,111,6,2,2,9,2,53,15,Tammy Abraham,FW
2024-2025,26,Roma,it ITA,1. Serie A,10th,0.0,4,0,0,2,2,1,4,0,0,,0,,3,2,1,0,0,0,1,0,4,2,Tammy Abraham,FW
2024-2025,26,Milan,it ITA,1. Serie A,8th,6.3,157,7,14,71,72,38,155,8,2,25.0,6,75.0,69,230,83,3,2,2,11,2,104,34,Tammy Abraham,FW
2015-2016,17,Chelsea,eng ENG,1. Premier League,10th,0.3,,,,,,,,,,,,,,,,,,,,,,,Fikayo Tomori,DF
2016-2017,18,Chelsea,eng ENG,Jr. PL2 — Div. 1,5th,11.6,,,,,,,,,,,,,,,,,,,,,,,Fikayo Tomori,DF
2016-2017,18,Brighton,eng ENG,2. Championship,2nd,4.4,,,,,,,,,,,,,,,,,,,,,,,Fikayo Tomori,DF
2017-2018,19,Hull City,eng ENG,2. Championship,18th,22.9,,,,,,,,,,,,,,,,,,,,,,,Fikayo Tomori,DF
2018-2019,20,Derby County,eng ENG,2. Championship,6th,42.1,3061,252,1559,1450,72,29,3061,21,17,81.0,4,19.0,1674,8753,5256,39,10,1,24,15,1901,8,Fikayo Tomori,DF
2019-2020,21,Chelsea,eng ENG,1. Premier League,4th,14.3,1322,119,677,597,55,10,1322,12,9,75.0,3,25.0,911,4427,2230,14,15,0,11,4,972,4,Fikayo Tomori,DF
2020-2021,22,Chelsea,eng ENG,1. Premier League,4th,0.5,41,16,36,5,0,0,41,0,0,,0,,13,45,23,0,0,0,0,0,22,0,Fikayo Tomori,DF
2020-2021,22,Milan,it ITA,1. Serie A,2nd,16.3,1082,139,595,462,35,9,1082,4,4,100.0,0,0.0,605,2814,1395,4,7,0,8,2,699,2,Fikayo Tomori,DF
2021-2022,23,Milan,it ITA,1. Serie A,1st,30.2,2037,212,1018,970,61,16,2037,12,8,66.7,4,33.3,1111,5262,2910,14,8,1,16,0,1316,5,Fikayo Tomori,DF
2022-2023,24,Milan,it ITA,1. Serie A,4th,30.7,2218,243,1089,1078,63,14,2218,6,3,50.0,1,16.7,1258,6315,3346,26,6,0,9,3,1423,10,Fikayo Tomori,DF
2023-2024,25,Milan,it ITA,1. Serie A,2nd,23.6,1904,219,1015,845,49,17,1904,4,2,50.0,2,50.0,1168,5311,2898,16,13,1,5,0,1364,2,Fikayo Tomori,DF
2024-2025,26,Milan,it ITA,1. Serie A,8th,6.2,471,42,226,232,13,3,471,0,0,,0,,286,1300,797,4,4,0,1,1,351,1,Fikayo Tomori,DF
2021-2022,18,Hellas Verona,it ITA,1. Serie A,9th,0.1,7,0,2,2,3,1,7,0,0,,0,,1,2,0,0,0,0,0,0,2,1,Filippo Terracciano,"DF,MF"
2022-2023,19,Hellas Verona,it ITA,1. Serie A,18th,9.1,439,21,110,224,113,9,439,12,6,50.0,3,25.0,217,1267,618,16,13,0,17,4,242,24,Filippo Terracciano,"DF,MF"
2023-2024,20,Hellas Verona,it ITA,1. Serie A,13th,14.4,860,36,271,426,172,8,860,31,13,41.9,10,32.3,464,2728,1352,26,21,1,18,19,460,28,Filippo Terracciano,"DF,MF"
2023-2024,20,Milan,it ITA,1. Serie A,2nd,0.8,48,2,13,27,8,0,48,0,0,,0,,33,205,58,0,2,0,1,1,36,1,Filippo Terracciano,"DF,MF"
2024-2025,21,Milan,it ITA,1. Serie A,8th,5.5,265,8,79,147,40,3,265,2,0,0.0,2,100.0,147,583,314,5,3,0,0,3,175,8,Filippo Terracciano,"DF,MF"
2020-2021,17,Valencia,es ESP,1. La Liga,13th,17.0,628,21,131,251,263,36,628,53,33,62.3,20,37.7,382,2677,1441,43,33,11,46,19,432,89,Yunus Musah,"MF,FW"
2021-2022,18,Valencia,es ESP,1. La Liga,9th,14.0,548,9,70,240,258,35,548,64,36,56.3,28,43.8,318,2793,1593,59,37,19,35,14,365,78,Yunus Musah,"MF,FW"
2022-2023,19,Valencia,es ESP,1. La Liga,16th,23.4,1030,27,154,487,405,51,1030,70,27,38.6,35,50.0,646,4812,2417,72,62,11,52,22,729,101,Yunus Musah,"MF,FW"
2023-2024,20,Milan,it ITA,1. Serie A,2nd,16.4,831,27,173,383,291,20,831,47,22,46.8,20,42.6,520,3554,2034,48,39,6,32,15,580,77,Yunus Musah,"MF,FW"
2024-2025,21,Milan,it ITA,1. Serie A,8th,6.0,352,9,64,192,107,9,352,17,8,47.1,7,41.2,216,1621,876,21,17,4,14,5,269,22,Yunus Musah,"MF,FW"
2018-2019,18,Basel,ch SUI,1. Super Lg,2nd,16.3,,,,,,,,,,,,,,,,,,,,,,,Noah Okafor,FW
2019-2020,19,Basel,ch SUI,1. Super Lg,3rd,7.0,,,,,,,,,,,,,,,,,,,,,,,Noah Okafor,FW
2019-2020,19,RB Salzburg,at AUT,1. Bundesliga,1st,5.2,,,,,,,,,,,,,,,,,,,,,,,Noah Okafor,FW
2020-2021,20,RB Salzburg,at AUT,1. Bundesliga,1st,9.9,,,,,,,,,,,,,,,,,,,,,,,Noah Okafor,FW
2021-2022,21,RB Salzburg,at AUT,1. Bundesliga,1st,10.6,,,,,,,,,,,,,,,,,,,,,,,Noah Okafor,FW
2022-2023,22,RB Salzburg,at AUT,1. Bundesliga,1st,11.1,,,,,,,,,,,,,,,,,,,,,,,Noah Okafor,FW
2023-2024,23,Milan,it ITA,1. Serie A,2nd,9.9,298,7,34,117,154,45,298,32,14,43.8,17,53.1,191,1405,761,29,11,14,24,14,218,66,Noah Okafor,FW
2024-2025,24,Milan,it ITA,1. Serie A,8th,4.6,163,1,10,62,97,28,163,25,12,48.0,11,44.0,111,891,563,21,11,10,12,9,123,48,Noah Okafor,FW
2023-2024,18,Milan,it ITA,1. Serie A,2nd,0.8,54,3,17,29,8,1,54,1,0,0.0,0,0.0,30,185,105,2,1,0,0,2,35,3,Alejandro Jiménez,"DF,FW"
2024-2025,19,Milan,it ITA,1. Serie A,8th,3.0,154,5,31,58,69,8,154,12,6,50.0,6,50.0,104,733,433,11,8,5,3,5,108,18,Alejandro Jiménez,"DF,FW"
2014-2015,17,Milan,it ITA,1. Serie A,10th,0.1,,,,,,,,,,,,,,,,,,,,,,,Davide Calabria,"DF,FW"
2015-2016,18,Milan,it ITA,1. Serie A,7th,4.1,,,,,,,,,,,,,,,,,,,,,,,Davide Calabria,"DF,FW"
2016-2017,19,Milan,it ITA,1. Serie A,6th,11.0,,,,,,,,,,,,,,,,,,,,,,,Davide Calabria,"DF,FW"
2017-2018,20,Milan,it ITA,1. Serie A,6th,17.4,1381.0,58.0,395.0,629.0,364.0,14.0,1381.0,19.0,13.0,68.4,6.0,31.6,499.0,2537.0,1518.0,33.0,31.0,2.0,14.0,5.0,767.0,122.0,Davide Calabria,"DF,FW"
2018-2019,21,Milan,it ITA,1. Serie A,5th,21.7,1769.0,78.0,578.0,850.0,360.0,18.0,1769.0,33.0,12.0,36.4,21.0,63.6,991.0,4710.0,2898.0,58.0,45.0,4.0,26.0,15.0,1123.0,124.0,Davide Calabria,"DF,FW"
2019-2020,22,Milan,it ITA,1. Serie A,6th,18.0,1379.0,59.0,369.0,733.0,284.0,30.0,1379.0,23.0,10.0,43.5,13.0,56.5,749.0,3767.0,2231.0,40.0,35.0,2.0,20.0,3.0,855.0,81.0,Davide Calabria,"DF,FW"
2020-2021,23,Milan,it ITA,1. Serie A,2nd,29.4,2139.0,114.0,639.0,1088.0,430.0,34.0,2139.0,35.0,20.0,57.1,15.0,42.9,999.0,4870.0,2954.0,60.0,46.0,7.0,29.0,14.0,1260.0,110.0,Davide Calabria,"DF,FW"
2021-2022,24,Milan,it ITA,1. Serie A,1st,23.5,1521.0,43.0,422.0,756.0,361.0,26.0,1521.0,20.0,10.0,50.0,10.0,50.0,693.0,3396.0,2000.0,36.0,24.0,2.0,16.0,6.0,862.0,74.0,Davide Calabria,"DF,FW"
2022-2023,25,Milan,it ITA,1. Serie A,4th,18.8,1474.0,59.0,414.0,768.0,307.0,16.0,1474.0,14.0,3.0,21.4,8.0,57.1,755.0,3303.0,1966.0,26.0,23.0,2.0,14.0,7.0,915.0,80.0,Davide Calabria,"DF,FW"
2023-2024,26,Milan,it ITA,1. Serie A,2nd,24.3,1784.0,74.0,512.0,953.0,325.0,26.0,1784.0,20.0,6.0,30.0,14.0,70.0,932.0,4458.0,2474.0,31.0,31.0,2.0,19.0,9.0,1135.0,66.0,Davide Calabria,"DF,FW"
2024-2025,27,Milan,it ITA,1. Serie A,8th,2.0,137.0,5.0,30.0,77.0,33.0,1.0,137.0,2.0,2.0,100.0,0.0,0.0,85.0,438.0,226.0,6.0,2.0,0.0,0.0,0.0,101.0,13.0,Davide Calabria,"DF,FW"
2023-2024,15,Milan,it ITA,1. Serie A,2nd,0.2,2,0,1,0,1,0,2,1,0,0.0,1,100.0,2,9,0,0,0,0,1,0,1,1,Francesco Camarda,"FW,MF"
2024-2025,16,Milan,it ITA,1. Serie A,8th,1.2,48,3,8,20,20,8,48,4,2,50.0,2,50.0,21,108,25,1,0,0,5,3,27,8,Francesco Camarda,"FW,MF"
2014-2015,16,Arles-Avignon,fr FRA,2. Ligue 2,20th,3.7,,,,,,,,,,,,,,,,,,,,,,,Ismaël Bennacer,MF
2016-2017,18,Arsenal,eng ENG,Jr. PL2 — Div. 1,4th,11.0,,,,,,,,,,,,,,,,,,,,,,,Ismaël Bennacer,MF
2016-2017,18,Tours,fr FRA,2. Ligue 2,16th,13.2,,,,,,,,,,,,,,,,,,,,,,,Ismaël Bennacer,MF
2017-2018,19,Empoli,it ITA,2. Serie B,1st,33.6,,,,,,,,,,,,,,,,,,,,,,,Ismaël Bennacer,MF
2018-2019,20,Empoli,it ITA,1. Serie A,18th,32.9,2347,75,524,1419,442,10,2347,85,66,77.6,19,22.4,1401,7995,3699,49,51,8,54,44,1452,57,Ismaël Bennacer,MF
2019-2020,21,Milan,it ITA,1. Serie A,6th,27.6,2061,54,420,1321,355,9,2061,92,73,79.3,19,20.7,1248,6757,3279,41,45,4,41,30,1364,32,Ismaël Bennacer,MF
2020-2021,22,Milan,it ITA,1. Serie A,2nd,14.7,1140,33,261,749,140,4,1140,36,29,80.6,7,19.4,702,3777,1719,20,23,3,21,15,798,12,Ismaël Bennacer,MF
2021-2022,23,Milan,it ITA,1. Serie A,1st,16.9,1293,44,228,838,247,12,1293,47,36,76.6,11,23.4,790,4679,2094,28,27,3,29,26,881,34,Ismaël Bennacer,MF
2022-2023,24,Milan,it ITA,1. Serie A,4th,22.3,1666,30,300,1023,369,10,1666,49,27,55.1,13,26.5,985,5133,2012,30,30,4,42,23,1097,52,Ismaël Bennacer,MF
2023-2024,25,Milan,it ITA,1. Serie A,2nd,12.8,943,20,158,556,240,15,942,30,17,56.7,10,33.3,554,2959,1211,24,21,3,17,18,687,33,Ismaël Bennacer,MF
2024-2025,26,Milan,it ITA,1. Serie A,8th,1.1,93,2,9,57,27,1,93,4,4,100.0,0,0.0,60,269,74,0,1,0,1,3,77,5,Ismaël Bennacer,MF
2017-2018,18,Anderlecht,be BEL,1. First Division A,3rd,6.8,460,12,109,196,158,7,460,20,12,60.0,8,40.0,238,1405,833,17,12,2,16,8,289,56,Alexis Saelemaekers,"DF,FW"
2018-2019,19,Anderlecht,be BEL,1. First Division A,6th,22.0,1668,35,324,801,566,28,1668,60,33,55.0,27,45.0,983,5917,2987,72,56,13,42,46,1083,166,Alexis Saelemaekers,"DF,FW"
2019-2020,20,Anderlecht,be BEL,1. First Division A,8th,12.9,691,6,84,292,330,47,691,44,23,52.3,21,47.7,405,2706,1388,38,19,16,42,30,504,146,Alexis Saelemaekers,"DF,FW"
2019-2020,20,Milan,it ITA,1. Serie A,6th,7.6,408,5,46,173,194,20,408,18,8,44.4,10,55.6,242,1107,609,21,15,10,12,6,274,78,Alexis Saelemaekers,"DF,FW"
2020-2021,21,Milan,it ITA,1. Serie A,2nd,22.4,1126,13,151,457,531,58,1126,61,37,60.7,24,39.3,619,3436,1596,43,26,10,61,20,807,169,Alexis Saelemaekers,"DF,FW"
2021-2022,22,Milan,it ITA,1. Serie A,1st,20.7,1129,14,111,511,530,68,1129,92,52,56.5,40,43.5,687,4482,2160,63,39,16,54,29,827,161,Alexis Saelemaekers,"DF,FW"
2022-2023,23,Milan,it ITA,1. Serie A,4th,15.6,836,13,105,337,407,50,836,72,31,43.1,32,44.4,503,3229,1563,52,23,15,38,21,568,143,Alexis Saelemaekers,"DF,FW"
2023-2024,24,Bologna,it ITA,1. Serie A,5th,21.0,1271,7,177,555,558,47,1271,106,40,37.7,58,54.7,818,4996,2370,65,49,17,49,25,945,180,Alexis Saelemaekers,"DF,FW"
2024-2025,25,Roma,it ITA,1. Serie A,10th,5.3,280,3,57,105,120,19,280,16,5,31.3,9,56.3,184,980,524,12,10,5,9,7,208,38,Alexis Saelemaekers,"DF,FW"
2024-2025,25,Milan,it ITA,1. Serie A,8th,1.0,81,0,9,34,38,2,81,0,0,,0,,59,356,234,7,4,1,1,0,61,13,Alexis Saelemaekers,"DF,FW"
2013-2014,15,Red Star,rs SRB,1. SuperLiga,1st,0.2,,,,,,,,,,,,,,,,,,,,,,,Luka Jović,FW
2014-2015,16,Red Star,rs SRB,1. SuperLiga,2nd,12.7,,,,,,,,,,,,,,,,,,,,,,,Luka Jović,FW
2015-2016,17,Red Star,rs SRB,1. SuperLiga,1st,7.3,,,,,,,,,,,,,,,,,,,,,,,Luka Jović,FW
2015-2016,17,Benfica,pt POR,1. Primeira Liga,1st,0.1,,,,,,,,,,,,,,,,,,,,,,,Luka Jović,FW
2016-2017,18,Benfica,pt POR,1. Primeira Liga,1st,0.1,,,,,,,,,,,,,,,,,,,,,,,Luka Jović,FW
2017-2018,19,Eint Frankfurt,de GER,1. Bundesliga,8th,10.4,349,4,12,175,167,54,349,26,11,42.3,15,57.7,191,922,329,8,6,7,21,17,287,71,Luka Jović,FW
2018-2019,20,Eint Frankfurt,de GER,1. Bundesliga,7th,24.9,931,34,65,479,400,146,930,45,25,55.6,20,44.4,494,2744,1027,34,28,23,74,45,722,164,Luka Jović,FW
2019-2020,21,Real Madrid,es ESP,1. La Liga,1st,4.8,176,1,7,96,76,16,176,9,5,55.6,4,44.4,102,381,145,4,6,0,8,4,141,27,Luka Jović,FW
2020-2021,22,Eint Frankfurt,de GER,1. Bundesliga,5th,9.9,389,7,22,222,150,46,389,26,14,53.8,12,46.2,243,1252,445,15,13,7,27,19,325,62,Luka Jović,FW
2020-2021,22,Real Madrid,es ESP,1. La Liga,2nd,1.7,52,0,3,20,30,13,52,2,2,100.0,0,0.0,24,98,61,2,2,1,2,1,41,4,Luka Jović,FW
2021-2022,23,Real Madrid,es ESP,1. La Liga,1st,4.1,121,4,15,53,53,25,121,6,3,50.0,3,50.0,71,335,153,4,2,1,9,6,85,17,Luka Jović,FW
2022-2023,24,Fiorentina,it ITA,1. Serie A,8th,17.0,437,11,27,196,219,79,436,22,15,68.2,6,27.3,214,1023,316,8,8,4,25,16,326,75,Luka Jović,FW
2023-2024,25,Milan,it ITA,1. Serie A,2nd,9.7,269,8,19,148,106,36,269,13,7,53.8,6,46.2,154,874,229,6,7,0,21,12,193,47,Luka Jović,FW
2024-2025,26,Milan,it ITA,1. Serie A,8th,0.9,23,0,1,13,9,2,23,1,1,100.0,0,0.0,16,61,13,1,0,0,1,0,21,7,Luka Jović,FW
2024-2025,17,Milan,it ITA,1. Serie A,8th,0.7,38,0,1,21,16,2,38,1,0,0.0,0,0.0,30,121,71,1,0,0,1,2,30,4,Mattia Liberali,MF
2023-2024,18,Milan,it ITA,1. Serie A,2nd,0.3,10,2,4,4,2,0,10,0,0,,0,,5,26,18,0,0,0,0,1,5,2,Kevin Zeroli,MF
2024-2025,19,Milan,it ITA,1. Serie A,8th,0.1,9,0,1,4,5,0,9,0,0,,0,,7,48,42,1,1,0,0,1,8,3,Kevin Zeroli,MF
2023-2024,17,Milan,it ITA,1. Serie A,2nd,0.9,51,8,25,18,8,0,51,1,0,0.0,1,100.0,23,157,53,1,3,0,1,2,29,4,Davide Bartesaghi,DF
2024-2025,18,Milan,it ITA,1. Serie A,8th,0.1,3,0,0,3,0,0,3,0,0,,0,,3,4,3,0,0,0,0,0,3,0,Davide Bartesaghi,DF
2022-2023,17,Saint-Étienne,fr FRA,2. Ligue 2,8th,0.3,9,9,9,0,0,0,9,0,0,,0,,2,13,8,0,0,0,0,0,1,0,Noah Raveyre,GK
2013-2014,21,Atalanta,it ITA,1. Serie A,11th,3.0,,,,,,,,,,,,,,,,,,,,,,,Marco Sportiello,GK
2014-2015,22,Atalanta,it ITA,1. Serie A,17th,37.0,,,,,,,,,,,,,,,,,,,,,,,Marco Sportiello,GK
2015-2016,23,Atalanta,it ITA,1. Serie A,13th,36.0,,,,,,,,,,,,,,,,,,,,,,,Marco Sportiello,GK
2016-2017,24,Atalanta,it ITA,1. Serie A,4th,8.0,,,,,,,,,,,,,,,,,,,,,,,Marco Sportiello,GK
2016-2017,24,Fiorentina,it ITA,1. Serie A,8th,2.0,,,,,,,,,,,,,,,,,,,,,,,Marco Sportiello,GK
2017-2018,25,Fiorentina,it ITA,1. Serie A,8th,35.6,1126,1007,1122,4,0,0,1126,0,0,,0,,521,3146,2192,0,0,0,2,0,420,0,Marco Sportiello,GK
2018-2019,26,Frosinone,it ITA,1. Serie A,19th,35.0,1316,1136,1309,7,0,0,1316,0,0,,0,,620,3629,2549,0,0,0,0,0,404,0,Marco Sportiello,GK
2019-2020,27,Atalanta,it ITA,1. Serie A,3rd,5.8,159,134,157,2,0,0,159,0,0,,0,,98,419,203,0,0,0,0,0,75,0,Marco Sportiello,GK
2020-2021,28,Atalanta,it ITA,1. Serie A,3rd,14.0,403,319,402,1,0,0,403,0,0,,0,,248,883,520,0,0,0,0,0,190,0,Marco Sportiello,GK
2021-2022,29,Atalanta,it ITA,1. Serie A,8th,5.0,145,123,143,2,0,0,145,0,0,,0,,87,403,248,0,0,0,0,0,56,0,Marco Sportiello,GK
2022-2023,30,Atalanta,it ITA,1. Serie A,5th,14.9,486,429,481,5,0,0,486,0,0,,0,,277,1367,863,0,0,0,0,1,202,0,Marco Sportiello,GK
2023-2024,31,Milan,it ITA,1. Serie A,2nd,7.0,263,199,260,3,0,0,263,0,0,,0,,190,1070,685,0,0,0,0,0,157,0,Marco Sportiello,GK
2021-2022,16,Jong Ajax,nl NED,2. Eerste Divisie,7th,1.6,,,,,,,,,,,,,,,,,,,,,,,Silvano Vos,MF
2022-2023,17,Ajax,nl NED,1. Eredivisie,3rd,0.2,29,2,8,16,5,1,29,1,1,100.0,0,0.0,24,124,44,1,0,0,0,0,25,0,Silvano Vos,MF
2022-2023,17,Jong Ajax,nl NED,2. Eerste Divisie,13th,22.1,,,,,,,,,,,,,,,,,,,,,,,Silvano Vos,MF
2023-2024,18,Ajax,nl NED,1. Eredivisie,5th,3.9,212,15,48,146,21,1,212,6,2,33.3,2,33.3,114,587,214,1,3,0,6,2,140,2,Silvano Vos,MF
2023-2024,18,Jong Ajax,nl NED,2. Eerste Divisie,15th,17.9,,,,,,,,,,,,,,,,,,,,,,,Silvano Vos,MF
2024-2025,19,Jong Ajax,nl NED,2. Eerste Divisie,16th,0.7,,,,,,,,,,,,,,,,,,,,,,,Silvano Vos,MF
